[
 {
  "flower": 6,
  "bottle": 6,
  "arrowhead": 3,
  "egg": 1,
  "coin": 3,
  "heirlooms": 5,
  "lost_jewelry": 6,
  "random": 3,
  "tarot_cards": 4,
  "fossils": 2,
  "date": "2021-11-29"
 }, {
  "flower": 4,
  "bottle": 3,
  "arrowhead": 2,
  "egg": 4,
  "coin": 2,
  "heirlooms": 4,
  "lost_jewelry": 2,
  "random": 5,
  "tarot_cards": 2,
  "fossils": 3,
  "date": "2021-11-30"
 }, {
  "flower": 2,
  "bottle": 1,
  "arrowhead": 3,
  "egg": 5,
  "coin": 1,
  "heirlooms": 2,
  "lost_jewelry": 3,
  "random": 2,
  "tarot_cards": 4,
  "fossils": 2,
  "date": "2021-12-01"
 }, {
  "flower": 5,
  "bottle": 4,
  "arrowhead": 2,
  "egg": 2,
  "coin": 4,
  "heirlooms": 1,
  "lost_jewelry": 6,
  "random": 1,
  "tarot_cards": 3,
  "fossils": 6,
  "date": "2021-12-02"
 }, {
  "flower": 1,
  "bottle": 3,
  "arrowhead": 5,
  "egg": 4,
  "coin": 6,
  "heirlooms": 6,
  "lost_jewelry": 3,
  "random": 3,
  "tarot_cards": 5,
  "fossils": 2,
  "date": "2021-12-03"
 }, {
  "flower": 6,
  "bottle": 4,
  "arrowhead": 4,
  "egg": 6,
  "coin": 4,
  "heirlooms": 5,
  "lost_jewelry": 6,
  "random": 1,
  "tarot_cards": 6,
  "fossils": 5,
  "date": "2021-12-04"
 }, {
  "flower": 3,
  "bottle": 3,
  "arrowhead": 1,
  "egg": 3,
  "coin": 2,
  "heirlooms": 3,
  "lost_jewelry": 3,
  "random": 5,
  "tarot_cards": 2,
  "fossils": 1,
  "date": "2021-12-05"
 }, {
  "flower": 5,
  "bottle": 4,
  "arrowhead": 4,
  "egg": 6,
  "coin": 6,
  "heirlooms": 5,
  "lost_jewelry": 6,
  "random": 2,
  "tarot_cards": 3,
  "fossils": 6,
  "date": "2021-12-06"
 }, {
  "flower": 6,
  "bottle": 3,
  "arrowhead": 6,
  "egg": 4,
  "coin": 4,
  "heirlooms": 2,
  "lost_jewelry": 5,
  "random": 3,
  "tarot_cards": 6,
  "fossils": 2,
  "date": "2021-12-07"
 }, {
  "flower": 1,
  "bottle": 4,
  "arrowhead": 1,
  "egg": 2,
  "coin": 6,
  "heirlooms": 3,
  "lost_jewelry": 3,
  "random": 5,
  "tarot_cards": 1,
  "fossils": 4,
  "date": "2021-12-08"
 }, {
  "flower": 2,
  "bottle": 1,
  "arrowhead": 3,
  "egg": 3,
  "coin": 1,
  "heirlooms": 1,
  "lost_jewelry": 5,
  "random": 3,
  "tarot_cards": 2,
  "fossils": 6,
  "date": "2021-12-09"
 }, {
  "flower": 3,
  "bottle": 5,
  "arrowhead": 5,
  "egg": 1,
  "coin": 4,
  "heirlooms": 6,
  "lost_jewelry": 1,
  "random": 6,
  "tarot_cards": 4,
  "fossils": 2,
  "date": "2021-12-10"
 }, {
  "flower": 5,
  "bottle": 6,
  "arrowhead": 4,
  "egg": 5,
  "coin": 6,
  "heirlooms": 5,
  "lost_jewelry": 4,
  "random": 3,
  "tarot_cards": 5,
  "fossils": 5,
  "date": "2021-12-11"
 }, {
  "flower": 1,
  "bottle": 2,
  "arrowhead": 2,
  "egg": 2,
  "coin": 2,
  "heirlooms": 3,
  "lost_jewelry": 2,
  "random": 4,
  "tarot_cards": 3,
  "fossils": 1,
  "date": "2021-12-12"
 }, {
  "flower": 3,
  "bottle": 3,
  "arrowhead": 5,
  "egg": 3,
  "coin": 1,
  "heirlooms": 2,
  "lost_jewelry": 5,
  "random": 5,
  "tarot_cards": 2,
  "fossils": 2,
  "date": "2021-12-13"
 }, {
  "flower": 6,
  "bottle": 6,
  "arrowhead": 6,
  "egg": 4,
  "coin": 5,
  "heirlooms": 3,
  "lost_jewelry": 3,
  "random": 6,
  "tarot_cards": 4,
  "fossils": 3,
  "date": "2021-12-14"
 }, {
  "flower": 4,
  "bottle": 2,
  "arrowhead": 1,
  "egg": 2,
  "coin": 2,
  "heirlooms": 1,
  "lost_jewelry": 1,
  "random": 4,
  "tarot_cards": 3,
  "fossils": 4,
  "date": "2021-12-15"
 }, {
  "flower": 5,
  "bottle": 6,
  "arrowhead": 6,
  "egg": 6,
  "coin": 6,
  "heirlooms": 4,
  "lost_jewelry": 2,
  "random": 1,
  "tarot_cards": 5,
  "fossils": 6,
  "date": "2021-12-16"
 }, {
  "flower": 3,
  "bottle": 3,
  "arrowhead": 1,
  "egg": 3,
  "coin": 2,
  "heirlooms": 3,
  "lost_jewelry": 1,
  "random": 4,
  "tarot_cards": 6,
  "fossils": 2,
  "date": "2021-12-17"
 }, {
  "flower": 5,
  "bottle": 4,
  "arrowhead": 4,
  "egg": 4,
  "coin": 5,
  "heirlooms": 6,
  "lost_jewelry": 6,
  "random": 2,
  "tarot_cards": 5,
  "fossils": 4,
  "date": "2021-12-18"
 }, {
  "flower": 2,
  "bottle": 2,
  "arrowhead": 1,
  "egg": 2,
  "coin": 1,
  "heirlooms": 3,
  "lost_jewelry": 3,
  "random": 4,
  "tarot_cards": 2,
  "fossils": 1,
  "date": "2021-12-19"
 }, {
  "flower": 1,
  "bottle": 6,
  "arrowhead": 3,
  "egg": 3,
  "coin": 2,
  "heirlooms": 2,
  "lost_jewelry": 2,
  "random": 6,
  "tarot_cards": 6,
  "fossils": 5,
  "date": "2021-12-20"
 }, {
  "flower": 4,
  "bottle": 3,
  "arrowhead": 2,
  "egg": 1,
  "coin": 5,
  "heirlooms": 4,
  "lost_jewelry": 3,
  "random": 1,
  "tarot_cards": 1,
  "fossils": 6,
  "date": "2021-12-21"
 }, {
  "flower": 2,
  "bottle": 1,
  "arrowhead": 5,
  "egg": 5,
  "coin": 2,
  "heirlooms": 2,
  "lost_jewelry": 4,
  "random": 2,
  "tarot_cards": 4,
  "fossils": 1,
  "date": "2021-12-22"
 }, {
  "flower": 5,
  "bottle": 5,
  "arrowhead": 4,
  "egg": 6,
  "coin": 1,
  "heirlooms": 3,
  "lost_jewelry": 3,
  "random": 1,
  "tarot_cards": 6,
  "fossils": 5,
  "date": "2021-12-23"
 }, {
  "flower": 6,
  "bottle": 6,
  "arrowhead": 6,
  "egg": 4,
  "coin": 4,
  "heirlooms": 1,
  "lost_jewelry": 1,
  "random": 5,
  "tarot_cards": 4,
  "fossils": 6,
  "date": "2021-12-24"
 }, {
  "flower": 4,
  "bottle": 4,
  "arrowhead": 5,
  "egg": 5,
  "coin": 6,
  "heirlooms": 6,
  "lost_jewelry": 5,
  "random": 1,
  "tarot_cards": 5,
  "fossils": 4,
  "date": "2021-12-25"
 }, {
  "flower": 3,
  "bottle": 1,
  "arrowhead": 2,
  "egg": 2,
  "coin": 2,
  "heirlooms": 3,
  "lost_jewelry": 2,
  "random": 4,
  "tarot_cards": 1,
  "fossils": 1,
  "date": "2021-12-26"
 }
]