<?xml version="1.0" encoding="ISO-8859-1"?>
<Vehicle menyoo_ver="0.9998b">
	<ModelHash>0xc1ae4d16</ModelHash>
	<InitialHandle>607751</InitialHandle>
	<VehicleProperties>
		<Colours>
			<Primary>14</Primary>
			<Secondary>14</Secondary>
			<Pearl>0</Pearl>
			<Rim>156</Rim>
			<Mod1_a>6</Mod1_a>
			<Mod1_b>-1</Mod1_b>
			<Mod1_c>-1</Mod1_c>
			<Mod2_a>6</Mod2_a>
			<Mod2_b>-1</Mod2_b>
			<IsPrimaryColourCustom>false</IsPrimaryColourCustom>
			<IsSecondaryColourCustom>false</IsSecondaryColourCustom>
			<tyreSmoke_R>255</tyreSmoke_R>
			<tyreSmoke_G>255</tyreSmoke_G>
			<tyreSmoke_B>255</tyreSmoke_B>
			<LrInterior>0</LrInterior>
			<LrDashboard>0</LrDashboard>
		</Colours>
		<Livery>-1</Livery>
		<NumberPlateText>DETHRACE</NumberPlateText>
		<NumberPlateIndex>1</NumberPlateIndex>
		<WheelType>1</WheelType>
		<WheelsInvisible>false</WheelsInvisible>
		<WindowTint>1</WindowTint>
		<BulletProofTyres>true</BulletProofTyres>
		<DirtLevel>1.95527155e-005</DirtLevel>
		<PaintFade>0.392156899</PaintFade>
		<RoofState>0</RoofState>
		<SirenActive>false</SirenActive>
		<EngineOn>true</EngineOn>
		<EngineHealth>1250</EngineHealth>
		<LightsOn>false</LightsOn>
		<Neons>
			<Left>false</Left>
			<Right>false</Right>
			<Front>false</Front>
			<Back>false</Back>
			<R>255</R>
			<G>0</G>
			<B>255</B>
		</Neons>
		<ModExtras />
		<Mods>
			<_0>-1,0</_0>
			<_1>1,0</_1>
			<_2>-1,0</_2>
			<_3>-1,0</_3>
			<_4>0,0</_4>
			<_5>0,0</_5>
			<_6>-1,0</_6>
			<_7>-1,0</_7>
			<_8>-1,0</_8>
			<_9>-1,0</_9>
			<_10>0,0</_10>
			<_11>3,0</_11>
			<_12>2,0</_12>
			<_13>2,0</_13>
			<_14>0,0</_14>
			<_15>3,0</_15>
			<_16>4,0</_16>
			<_17>false</_17>
			<_18>true</_18>
			<_19>false</_19>
			<_20>true</_20>
			<_21>false</_21>
			<_22>true</_22>
			<_23>15,0</_23>
			<_24>-1,0</_24>
			<_25>-1,0</_25>
			<_26>-1,0</_26>
			<_27>-1,0</_27>
			<_28>-1,0</_28>
			<_29>-1,0</_29>
			<_30>-1,0</_30>
			<_31>-1,0</_31>
			<_32>-1,0</_32>
			<_33>-1,0</_33>
			<_34>-1,0</_34>
			<_35>-1,0</_35>
			<_36>-1,0</_36>
			<_37>-1,0</_37>
			<_38>-1,0</_38>
			<_39>-1,0</_39>
			<_40>-1,0</_40>
			<_41>-1,0</_41>
			<_42>-1,0</_42>
			<_43>-1,0</_43>
			<_44>-1,0</_44>
			<_45>-1,0</_45>
			<_46>-1,0</_46>
			<_47>-1,0</_47>
			<_48>-1,0</_48>
		</Mods>
		<DoorsOpen>
			<BackLeftDoor>false</BackLeftDoor>
			<BackRightDoor>false</BackRightDoor>
			<FrontLeftDoor>false</FrontLeftDoor>
			<FrontRightDoor>false</FrontRightDoor>
			<Hood>false</Hood>
			<Trunk>false</Trunk>
			<Trunk2>false</Trunk2>
		</DoorsOpen>
		<DoorsBroken>
			<BackLeftDoor>false</BackLeftDoor>
			<BackRightDoor>false</BackRightDoor>
			<FrontLeftDoor>false</FrontLeftDoor>
			<FrontRightDoor>false</FrontRightDoor>
			<Hood>false</Hood>
			<Trunk>false</Trunk>
			<Trunk2>false</Trunk2>
		</DoorsBroken>
		<TyresBursted>
			<FrontLeft>false</FrontLeft>
			<FrontRight>false</FrontRight>
			<_2>false</_2>
			<_3>false</_3>
			<BackLeft>false</BackLeft>
			<BackRight>false</BackRight>
			<_6>false</_6>
			<_7>false</_7>
			<_8>false</_8>
		</TyresBursted>
		<RpmMultiplier>1</RpmMultiplier>
		<TorqueMultiplier>1</TorqueMultiplier>
		<HeadlightIntensity>1</HeadlightIntensity>
	</VehicleProperties>
	<OpacityLevel>255</OpacityLevel>
	<LodDistance>16960</LodDistance>
	<IsVisible>true</IsVisible>
	<IsDriverVisible>true</IsDriverVisible>
	<IsOnFire>false</IsOnFire>
	<IsInvincible>false</IsInvincible>
	<IsBulletProof>false</IsBulletProof>
	<IsExplosionProof>false</IsExplosionProof>
	<IsFireProof>false</IsFireProof>
	<IsMeleeProof>false</IsMeleeProof>
	<IsOnlyDamagedByPlayer>false</IsOnlyDamagedByPlayer>
	<SpoonerAttachments SetAttachmentsPersistentAndAddToSpoonerDatabase="false">
		<Attachment>
			<ModelHash>0x4a46e08e</ModelHash>
			<Type>3</Type>
			<Dynamic>false</Dynamic>
			<HashName>prop_mb_ordnance_02</HashName>
			<InitialHandle>114696</InitialHandle>
			<OpacityLevel>255</OpacityLevel>
			<LodDistance>16960</LodDistance>
			<IsVisible>true</IsVisible>
			<Health>1000</Health>
			<IsOnFire>false</IsOnFire>
			<IsInvincible>true</IsInvincible>
			<IsBulletProof>false</IsBulletProof>
			<IsCollisionProof>false</IsCollisionProof>
			<IsExplosionProof>true</IsExplosionProof>
			<IsFireProof>true</IsFireProof>
			<IsMeleeProof>true</IsMeleeProof>
			<IsOnlyDamagedByPlayer>false</IsOnlyDamagedByPlayer>
			<PositionRotation>
				<X>-960.552734</X>
				<Y>-3009.83325</Y>
				<Z>13.4060078</Z>
				<Pitch>-0.0310128983</Pitch>
				<Roll>16.4453297</Roll>
				<Yaw>-23.3403053</Yaw>
			</PositionRotation>
			<Attachment isAttached="true">
				<AttachedTo>607751</AttachedTo>
				<BoneIndex>0</BoneIndex>
				<X>0</X>
				<Y>-1</Y>
				<Z>-0.099999994</Z>
				<Pitch>5.96046448e-008</Pitch>
				<Roll>16.6000271</Roll>
				<Yaw>-89.9999924</Yaw>
			</Attachment>
		</Attachment>
		<Attachment>
			<ModelHash>0xc89630b8</ModelHash>
			<Type>3</Type>
			<Dynamic>false</Dynamic>
			<HashName>prop_minigun_01</HashName>
			<InitialHandle>71177</InitialHandle>
			<OpacityLevel>255</OpacityLevel>
			<LodDistance>16960</LodDistance>
			<IsVisible>true</IsVisible>
			<Health>1000</Health>
			<IsOnFire>false</IsOnFire>
			<IsInvincible>false</IsInvincible>
			<IsBulletProof>false</IsBulletProof>
			<IsCollisionProof>false</IsCollisionProof>
			<IsExplosionProof>false</IsExplosionProof>
			<IsFireProof>false</IsFireProof>
			<IsMeleeProof>false</IsMeleeProof>
			<IsOnlyDamagedByPlayer>false</IsOnlyDamagedByPlayer>
			<PositionRotation>
				<X>-962.967468</X>
				<Y>-3009.11792</Y>
				<Z>13.5994196</Z>
				<Pitch>0.0310037415</Pitch>
				<Roll>0.154701069</Roll>
				<Yaw>156.659653</Yaw>
			</PositionRotation>
			<Attachment isAttached="true">
				<AttachedTo>607751</AttachedTo>
				<BoneIndex>0</BoneIndex>
				<X>-0.299999982</X>
				<Y>1.50000012</Y>
				<Z>0.099999994</Z>
				<Pitch>-9.53674316e-006</Pitch>
				<Roll>0</Roll>
				<Yaw>89.9999924</Yaw>
			</Attachment>
		</Attachment>
		<Attachment>
			<ModelHash>0xdbd6bf92</ModelHash>
			<Type>3</Type>
			<Dynamic>false</Dynamic>
			<HashName>w_lr_grenadelauncher</HashName>
			<InitialHandle>184585</InitialHandle>
			<OpacityLevel>255</OpacityLevel>
			<LodDistance>16960</LodDistance>
			<IsVisible>true</IsVisible>
			<Health>1000</Health>
			<IsOnFire>false</IsOnFire>
			<IsInvincible>false</IsInvincible>
			<IsBulletProof>false</IsBulletProof>
			<IsCollisionProof>false</IsCollisionProof>
			<IsExplosionProof>false</IsExplosionProof>
			<IsFireProof>false</IsFireProof>
			<IsMeleeProof>false</IsMeleeProof>
			<IsOnlyDamagedByPlayer>false</IsOnlyDamagedByPlayer>
			<PositionRotation>
				<X>-962.913147</X>
				<Y>-3008.48804</Y>
				<Z>13.4985552</Z>
				<Pitch>0.0310132764</Pitch>
				<Roll>0.154701069</Roll>
				<Yaw>156.659653</Yaw>
			</PositionRotation>
			<Attachment isAttached="true">
				<AttachedTo>607751</AttachedTo>
				<BoneIndex>0</BoneIndex>
				<X>0.299999982</X>
				<Y>1.70000017</Y>
				<Z>0</Z>
				<Pitch>0</Pitch>
				<Roll>0</Roll>
				<Yaw>89.9999924</Yaw>
			</Attachment>
		</Attachment>
		<Attachment>
			<ModelHash>0xdbd6bf92</ModelHash>
			<Type>3</Type>
			<Dynamic>false</Dynamic>
			<HashName>w_lr_grenadelauncher</HashName>
			<InitialHandle>129289</InitialHandle>
			<OpacityLevel>255</OpacityLevel>
			<LodDistance>16960</LodDistance>
			<IsVisible>true</IsVisible>
			<Health>1000</Health>
			<IsOnFire>false</IsOnFire>
			<IsInvincible>false</IsInvincible>
			<IsBulletProof>false</IsBulletProof>
			<IsCollisionProof>false</IsCollisionProof>
			<IsExplosionProof>false</IsExplosionProof>
			<IsFireProof>false</IsFireProof>
			<IsMeleeProof>false</IsMeleeProof>
			<IsOnlyDamagedByPlayer>false</IsOnlyDamagedByPlayer>
			<PositionRotation>
				<X>-962.992371</X>
				<Y>-3008.67163</Y>
				<Z>13.4986629</Z>
				<Pitch>0.0310418848</Pitch>
				<Roll>0.154699162</Roll>
				<Yaw>156.659653</Yaw>
			</PositionRotation>
			<Attachment isAttached="true">
				<AttachedTo>607751</AttachedTo>
				<BoneIndex>0</BoneIndex>
				<X>0.099999994</X>
				<Y>1.69999981</Y>
				<Z>-5.96046448e-008</Z>
				<Pitch>2.86102295e-005</Pitch>
				<Roll>-1.90734863e-006</Roll>
				<Yaw>89.9999924</Yaw>
			</Attachment>
		</Attachment>
		<Attachment>
			<ModelHash>0xd37a33c0</ModelHash>
			<Type>3</Type>
			<Dynamic>false</Dynamic>
			<HashName>w_sr_heavysniper</HashName>
			<InitialHandle>321544</InitialHandle>
			<OpacityLevel>255</OpacityLevel>
			<LodDistance>16960</LodDistance>
			<IsVisible>true</IsVisible>
			<Health>1000</Health>
			<IsOnFire>false</IsOnFire>
			<IsInvincible>false</IsInvincible>
			<IsBulletProof>false</IsBulletProof>
			<IsCollisionProof>false</IsCollisionProof>
			<IsExplosionProof>false</IsExplosionProof>
			<IsFireProof>false</IsFireProof>
			<IsMeleeProof>false</IsMeleeProof>
			<IsOnlyDamagedByPlayer>false</IsOnlyDamagedByPlayer>
			<PositionRotation>
				<X>-962.585754</X>
				<Y>-3008.73828</Y>
				<Z>13.5996885</Z>
				<Pitch>0.0310132764</Pitch>
				<Roll>0.154701069</Roll>
				<Yaw>156.659653</Yaw>
			</PositionRotation>
			<Attachment isAttached="true">
				<AttachedTo>607751</AttachedTo>
				<BoneIndex>0</BoneIndex>
				<X>0.199999988</X>
				<Y>1.30000007</Y>
				<Z>0.099999994</Z>
				<Pitch>0</Pitch>
				<Roll>0</Roll>
				<Yaw>89.9999924</Yaw>
			</Attachment>
		</Attachment>
	</SpoonerAttachments>
</Vehicle>
