<?xml version="1.0" encoding="ISO-8859-1"?>
<Vehicle menyoo_ver="0.999859b">
	<ModelHash>0x809aa4cb</ModelHash>
	<InitialHandle>310274</InitialHandle>
	<VehicleProperties>
		<Colours>
			<Primary>0</Primary>
			<Secondary>0</Secondary>
			<Pearl>10</Pearl>
			<Rim>156</Rim>
			<Mod1_a>0</Mod1_a>
			<Mod1_b>0</Mod1_b>
			<Mod1_c>-1664486215</Mod1_c>
			<Mod2_a>4271840</Mod2_a>
			<Mod2_b>-253442816</Mod2_b>
			<IsPrimaryColourCustom>false</IsPrimaryColourCustom>
			<IsSecondaryColourCustom>false</IsSecondaryColourCustom>
			<tyreSmoke_R>255</tyreSmoke_R>
			<tyreSmoke_G>255</tyreSmoke_G>
			<tyreSmoke_B>255</tyreSmoke_B>
			<LrInterior>0</LrInterior>
			<LrDashboard>0</LrDashboard>
		</Colours>
		<Livery>-1</Livery>
		<NumberPlateText>FUCK YOU</NumberPlateText>
		<NumberPlateIndex>1</NumberPlateIndex>
		<WheelType>0</WheelType>
		<WheelsInvisible>false</WheelsInvisible>
		<EngineSoundName></EngineSoundName>
		<WindowTint>0</WindowTint>
		<BulletProofTyres>true</BulletProofTyres>
		<DirtLevel>0.672400653</DirtLevel>
		<PaintFade>0.298039228</PaintFade>
		<RoofState>0</RoofState>
		<SirenActive>false</SirenActive>
		<EngineOn>true</EngineOn>
		<EngineHealth>10000</EngineHealth>
		<LightsOn>false</LightsOn>
		<IsRadioLoud>0</IsRadioLoud>
		<Neons>
			<Left>false</Left>
			<Right>false</Right>
			<Front>false</Front>
			<Back>false</Back>
			<R>255</R>
			<G>0</G>
			<B>255</B>
		</Neons>
		<ModExtras />
		<Mods>
			<_0>-1,0</_0>
			<_1>-1,0</_1>
			<_2>-1,0</_2>
			<_3>-1,0</_3>
			<_4>-1,0</_4>
			<_5>-1,0</_5>
			<_6>-1,0</_6>
			<_7>-1,0</_7>
			<_8>-1,0</_8>
			<_9>-1,0</_9>
			<_10>-1,0</_10>
			<_11>-1,0</_11>
			<_12>-1,0</_12>
			<_13>-1,0</_13>
			<_14>-1,0</_14>
			<_15>-1,0</_15>
			<_16>-1,0</_16>
			<_17>false</_17>
			<_18>true</_18>
			<_19>false</_19>
			<_20>false</_20>
			<_21>false</_21>
			<_22>true</_22>
			<_23>-1,0</_23>
			<_24>-1,0</_24>
			<_25>-1,0</_25>
			<_26>-1,0</_26>
			<_27>-1,0</_27>
			<_28>-1,0</_28>
			<_29>-1,0</_29>
			<_30>-1,0</_30>
			<_31>-1,0</_31>
			<_32>-1,0</_32>
			<_33>-1,0</_33>
			<_34>-1,0</_34>
			<_35>-1,0</_35>
			<_36>-1,0</_36>
			<_37>-1,0</_37>
			<_38>-1,0</_38>
			<_39>-1,0</_39>
			<_40>-1,0</_40>
			<_41>-1,0</_41>
			<_42>-1,0</_42>
			<_43>-1,0</_43>
			<_44>-1,0</_44>
			<_45>-1,0</_45>
			<_46>-1,0</_46>
			<_47>-1,0</_47>
			<_48>-1,0</_48>
		</Mods>
		<DoorsOpen>
			<BackLeftDoor>false</BackLeftDoor>
			<BackRightDoor>false</BackRightDoor>
			<FrontLeftDoor>false</FrontLeftDoor>
			<FrontRightDoor>false</FrontRightDoor>
			<Hood>false</Hood>
			<Trunk>false</Trunk>
			<Trunk2>false</Trunk2>
		</DoorsOpen>
		<DoorsBroken>
			<BackLeftDoor>false</BackLeftDoor>
			<BackRightDoor>false</BackRightDoor>
			<FrontLeftDoor>false</FrontLeftDoor>
			<FrontRightDoor>false</FrontRightDoor>
			<Hood>false</Hood>
			<Trunk>false</Trunk>
			<Trunk2>false</Trunk2>
		</DoorsBroken>
		<TyresBursted>
			<FrontLeft>false</FrontLeft>
			<FrontRight>false</FrontRight>
			<_2>false</_2>
			<_3>false</_3>
			<BackLeft>false</BackLeft>
			<BackRight>false</BackRight>
			<_6>false</_6>
			<_7>false</_7>
			<_8>false</_8>
		</TyresBursted>
		<RpmMultiplier>1</RpmMultiplier>
		<TorqueMultiplier>1</TorqueMultiplier>
		<HeadlightIntensity>1</HeadlightIntensity>
	</VehicleProperties>
	<OpacityLevel>255</OpacityLevel>
	<LodDistance>16960</LodDistance>
	<IsVisible>true</IsVisible>
	<IsDriverVisible>true</IsDriverVisible>
	<MaxHealth>1000</MaxHealth>
	<Health>10000</Health>
	<IsOnFire>false</IsOnFire>
	<IsInvincible>true</IsInvincible>
	<IsBulletProof>true</IsBulletProof>
	<IsExplosionProof>true</IsExplosionProof>
	<IsFireProof>true</IsFireProof>
	<IsMeleeProof>true</IsMeleeProof>
	<IsOnlyDamagedByPlayer>false</IsOnlyDamagedByPlayer>
	<SpoonerAttachments SetAttachmentsPersistentAndAddToSpoonerDatabase="false">
		<Attachment>
			<ModelHash>0x3794acc9</ModelHash>
			<Type>3</Type>
			<Dynamic>false</Dynamic>
			<HashName>hei_prop_heist_emp</HashName>
			<InitialHandle>310530</InitialHandle>
			<ObjectProperties>
				<TextureVariation>0</TextureVariation>
			</ObjectProperties>
			<OpacityLevel>255</OpacityLevel>
			<LodDistance>16960</LodDistance>
			<IsVisible>true</IsVisible>
			<MaxHealth>1000</MaxHealth>
			<Health>1000</Health>
			<IsOnFire>false</IsOnFire>
			<IsInvincible>false</IsInvincible>
			<IsBulletProof>false</IsBulletProof>
			<IsCollisionProof>false</IsCollisionProof>
			<IsExplosionProof>false</IsExplosionProof>
			<IsFireProof>false</IsFireProof>
			<IsMeleeProof>false</IsMeleeProof>
			<IsOnlyDamagedByPlayer>false</IsOnlyDamagedByPlayer>
			<PositionRotation>
				<X>-1010.75995</X>
				<Y>-3064.75659</Y>
				<Z>14.3254843</Z>
				<Pitch>-0.319577754</Pitch>
				<Roll>-0.0330753736</Roll>
				<Yaw>58.770359</Yaw>
			</PositionRotation>
			<Attachment isAttached="true">
				<AttachedTo>310274</AttachedTo>
				<BoneIndex>0</BoneIndex>
				<X>0.899999499</X>
				<Y>-0.850024819</Y>
				<Z>0.319999963</Z>
				<Pitch>0</Pitch>
				<Roll>0</Roll>
				<Yaw>179.999985</Yaw>
			</Attachment>
		</Attachment>
		<Attachment>
			<ModelHash>0x3794acc9</ModelHash>
			<Type>3</Type>
			<Dynamic>false</Dynamic>
			<HashName>hei_prop_heist_emp</HashName>
			<InitialHandle>310786</InitialHandle>
			<ObjectProperties>
				<TextureVariation>0</TextureVariation>
			</ObjectProperties>
			<OpacityLevel>255</OpacityLevel>
			<LodDistance>16960</LodDistance>
			<IsVisible>true</IsVisible>
			<MaxHealth>1000</MaxHealth>
			<Health>1000</Health>
			<IsOnFire>false</IsOnFire>
			<IsInvincible>false</IsInvincible>
			<IsBulletProof>false</IsBulletProof>
			<IsCollisionProof>false</IsCollisionProof>
			<IsExplosionProof>false</IsExplosionProof>
			<IsFireProof>false</IsFireProof>
			<IsMeleeProof>false</IsMeleeProof>
			<IsOnlyDamagedByPlayer>false</IsOnlyDamagedByPlayer>
			<PositionRotation>
				<X>-1009.82672</X>
				<Y>-3063.21729</Y>
				<Z>14.3265228</Z>
				<Pitch>-0.319577754</Pitch>
				<Roll>-0.0330753736</Roll>
				<Yaw>58.770359</Yaw>
			</PositionRotation>
			<Attachment isAttached="true">
				<AttachedTo>310274</AttachedTo>
				<BoneIndex>0</BoneIndex>
				<X>-0.89999938</X>
				<Y>-0.850024819</Y>
				<Z>0.319999963</Z>
				<Pitch>0</Pitch>
				<Roll>0</Roll>
				<Yaw>179.999985</Yaw>
			</Attachment>
		</Attachment>
		<Attachment>
			<ModelHash>0x8b9108e7</ModelHash>
			<Type>3</Type>
			<Dynamic>false</Dynamic>
			<HashName>hei_prop_carrier_defense_02</HashName>
			<InitialHandle>311042</InitialHandle>
			<ObjectProperties>
				<TextureVariation>0</TextureVariation>
			</ObjectProperties>
			<OpacityLevel>255</OpacityLevel>
			<LodDistance>16960</LodDistance>
			<IsVisible>true</IsVisible>
			<MaxHealth>1000</MaxHealth>
			<Health>0</Health>
			<IsOnFire>false</IsOnFire>
			<IsInvincible>false</IsInvincible>
			<IsBulletProof>false</IsBulletProof>
			<IsCollisionProof>false</IsCollisionProof>
			<IsExplosionProof>false</IsExplosionProof>
			<IsFireProof>false</IsFireProof>
			<IsMeleeProof>false</IsMeleeProof>
			<IsOnlyDamagedByPlayer>false</IsOnlyDamagedByPlayer>
			<PositionRotation>
				<X>-1009.56946</X>
				<Y>-3064.42627</Y>
				<Z>14.9107361</Z>
				<Pitch>-89.6797943</Pitch>
				<Roll>-174.091064</Roll>
				<Yaw>-115.320564</Yaw>
			</PositionRotation>
			<Attachment isAttached="true">
				<AttachedTo>310274</AttachedTo>
				<BoneIndex>0</BoneIndex>
				<X>0</X>
				<Y>0</Y>
				<Z>0.900000095</Z>
				<Pitch>-90</Pitch>
				<Roll>179.999985</Roll>
				<Yaw>0</Yaw>
			</Attachment>
		</Attachment>
		<Attachment>
			<ModelHash>0x0f8662dc</ModelHash>
			<Type>3</Type>
			<Dynamic>false</Dynamic>
			<HashName>hei_prop_carrier_liferafts</HashName>
			<InitialHandle>311298</InitialHandle>
			<ObjectProperties>
				<TextureVariation>0</TextureVariation>
			</ObjectProperties>
			<OpacityLevel>255</OpacityLevel>
			<LodDistance>16960</LodDistance>
			<IsVisible>true</IsVisible>
			<MaxHealth>1000</MaxHealth>
			<Health>1000</Health>
			<IsOnFire>false</IsOnFire>
			<IsInvincible>false</IsInvincible>
			<IsBulletProof>false</IsBulletProof>
			<IsCollisionProof>false</IsCollisionProof>
			<IsExplosionProof>false</IsExplosionProof>
			<IsFireProof>false</IsFireProof>
			<IsMeleeProof>false</IsMeleeProof>
			<IsOnlyDamagedByPlayer>false</IsOnlyDamagedByPlayer>
			<PositionRotation>
				<X>-1008.49835</X>
				<Y>-3063.6145</Y>
				<Z>15.8042307</Z>
				<Pitch>-0.0330746844</Pitch>
				<Roll>0.319577783</Roll>
				<Yaw>148.770569</Yaw>
			</PositionRotation>
			<Attachment isAttached="true">
				<AttachedTo>310274</AttachedTo>
				<BoneIndex>-1</BoneIndex>
				<X>-1.24999869</X>
				<Y>0.499999851</Y>
				<Z>1.78999865</Z>
				<Pitch>0</Pitch>
				<Roll>0</Roll>
				<Yaw>-90</Yaw>
			</Attachment>
		</Attachment>
		<Attachment>
			<ModelHash>0x0f8662dc</ModelHash>
			<Type>3</Type>
			<Dynamic>false</Dynamic>
			<HashName>hei_prop_carrier_liferafts</HashName>
			<InitialHandle>311554</InitialHandle>
			<ObjectProperties>
				<TextureVariation>0</TextureVariation>
			</ObjectProperties>
			<OpacityLevel>255</OpacityLevel>
			<LodDistance>16960</LodDistance>
			<IsVisible>true</IsVisible>
			<MaxHealth>1000</MaxHealth>
			<Health>1000</Health>
			<IsOnFire>false</IsOnFire>
			<IsInvincible>false</IsInvincible>
			<IsBulletProof>false</IsBulletProof>
			<IsCollisionProof>false</IsCollisionProof>
			<IsExplosionProof>false</IsExplosionProof>
			<IsFireProof>false</IsFireProof>
			<IsMeleeProof>false</IsMeleeProof>
			<IsOnlyDamagedByPlayer>false</IsOnlyDamagedByPlayer>
			<PositionRotation>
				<X>-1009.79449</X>
				<Y>-3065.7522</Y>
				<Z>15.8027878</Z>
				<Pitch>0.0330747925</Pitch>
				<Roll>-0.319577783</Roll>
				<Yaw>-31.2294426</Yaw>
			</PositionRotation>
			<Attachment isAttached="true">
				<AttachedTo>310274</AttachedTo>
				<BoneIndex>-1</BoneIndex>
				<X>1.24999952</X>
				<Y>0.499999851</Y>
				<Z>1.78999865</Z>
				<Pitch>0</Pitch>
				<Roll>0</Roll>
				<Yaw>89.9999924</Yaw>
			</Attachment>
		</Attachment>
		<Attachment>
			<ModelHash>0x72654280</ModelHash>
			<Type>3</Type>
			<Dynamic>false</Dynamic>
			<HashName>zprop_bin_01a_old</HashName>
			<InitialHandle>311810</InitialHandle>
			<ObjectProperties>
				<TextureVariation>0</TextureVariation>
			</ObjectProperties>
			<OpacityLevel>255</OpacityLevel>
			<LodDistance>16960</LodDistance>
			<IsVisible>true</IsVisible>
			<MaxHealth>1000</MaxHealth>
			<Health>0</Health>
			<IsOnFire>false</IsOnFire>
			<IsInvincible>false</IsInvincible>
			<IsBulletProof>false</IsBulletProof>
			<IsCollisionProof>false</IsCollisionProof>
			<IsExplosionProof>false</IsExplosionProof>
			<IsFireProof>false</IsFireProof>
			<IsMeleeProof>false</IsMeleeProof>
			<IsOnlyDamagedByPlayer>false</IsOnlyDamagedByPlayer>
			<PositionRotation>
				<X>-1013.2464</X>
				<Y>-3062.19678</Y>
				<Z>14.9067507</Z>
				<Pitch>89.6797943</Pitch>
				<Roll>174.090912</Roll>
				<Yaw>64.6795425</Yaw>
			</PositionRotation>
			<Attachment isAttached="true">
				<AttachedTo>310274</AttachedTo>
				<BoneIndex>0</BoneIndex>
				<X>0</X>
				<Y>-4.29998493</Y>
				<Z>0.919999421</Z>
				<Pitch>89.9999924</Pitch>
				<Roll>0</Roll>
				<Yaw>0</Yaw>
			</Attachment>
		</Attachment>
		<Attachment>
			<ModelHash>0xc79a987e</ModelHash>
			<Type>3</Type>
			<Dynamic>false</Dynamic>
			<HashName>prop_beach_volball01</HashName>
			<InitialHandle>312066</InitialHandle>
			<ObjectProperties>
				<TextureVariation>0</TextureVariation>
			</ObjectProperties>
			<OpacityLevel>255</OpacityLevel>
			<LodDistance>16960</LodDistance>
			<IsVisible>false</IsVisible>
			<MaxHealth>1000</MaxHealth>
			<Health>0</Health>
			<IsOnFire>false</IsOnFire>
			<IsInvincible>false</IsInvincible>
			<IsBulletProof>false</IsBulletProof>
			<IsCollisionProof>false</IsCollisionProof>
			<IsExplosionProof>false</IsExplosionProof>
			<IsFireProof>false</IsFireProof>
			<IsMeleeProof>false</IsMeleeProof>
			<IsOnlyDamagedByPlayer>false</IsOnlyDamagedByPlayer>
			<PositionRotation>
				<X>-1013.81073</X>
				<Y>-3061.85474</Y>
				<Z>14.9030695</Z>
				<Pitch>89.6797943</Pitch>
				<Roll>174.090912</Roll>
				<Yaw>64.6795425</Yaw>
			</PositionRotation>
			<Attachment isAttached="true">
				<AttachedTo>310274</AttachedTo>
				<BoneIndex>0</BoneIndex>
				<X>0</X>
				<Y>-4.95999908</Y>
				<Z>0.919999421</Z>
				<Pitch>89.9999924</Pitch>
				<Roll>0</Roll>
				<Yaw>0</Yaw>
			</Attachment>
		</Attachment>
		<Attachment>
			<ModelHash>0x49566db0</ModelHash>
			<Type>3</Type>
			<Dynamic>false</Dynamic>
			<HashName>apa_mp_apa_yacht_radar_01a</HashName>
			<InitialHandle>312322</InitialHandle>
			<ObjectProperties>
				<TextureVariation>0</TextureVariation>
			</ObjectProperties>
			<OpacityLevel>255</OpacityLevel>
			<LodDistance>16960</LodDistance>
			<IsVisible>true</IsVisible>
			<MaxHealth>1000</MaxHealth>
			<Health>1000</Health>
			<IsOnFire>false</IsOnFire>
			<IsInvincible>false</IsInvincible>
			<IsBulletProof>false</IsBulletProof>
			<IsCollisionProof>false</IsCollisionProof>
			<IsExplosionProof>false</IsExplosionProof>
			<IsFireProof>false</IsFireProof>
			<IsMeleeProof>false</IsMeleeProof>
			<IsOnlyDamagedByPlayer>false</IsOnlyDamagedByPlayer>
			<PositionRotation>
				<X>-1011.71606</X>
				<Y>-3063.12598</Y>
				<Z>16.6567612</Z>
				<Pitch>0.319577754</Pitch>
				<Roll>0.0330752358</Roll>
				<Yaw>-121.229607</Yaw>
			</PositionRotation>
			<Attachment isAttached="true">
				<AttachedTo>310274</AttachedTo>
				<BoneIndex>0</BoneIndex>
				<X>0</X>
				<Y>-2.49999809</Y>
				<Z>2.65999794</Z>
				<Pitch>0</Pitch>
				<Roll>0</Roll>
				<Yaw>0</Yaw>
			</Attachment>
		</Attachment>
		<Attachment>
			<ModelHash>0x36dac2c6</ModelHash>
			<Type>3</Type>
			<Dynamic>false</Dynamic>
			<HashName>prop_gascyl_ramp_door_01</HashName>
			<InitialHandle>312578</InitialHandle>
			<ObjectProperties>
				<TextureVariation>0</TextureVariation>
			</ObjectProperties>
			<OpacityLevel>255</OpacityLevel>
			<LodDistance>16960</LodDistance>
			<IsVisible>true</IsVisible>
			<MaxHealth>1000</MaxHealth>
			<Health>1000</Health>
			<IsOnFire>false</IsOnFire>
			<IsInvincible>false</IsInvincible>
			<IsBulletProof>false</IsBulletProof>
			<IsCollisionProof>false</IsCollisionProof>
			<IsExplosionProof>false</IsExplosionProof>
			<IsFireProof>false</IsFireProof>
			<IsMeleeProof>false</IsMeleeProof>
			<IsOnlyDamagedByPlayer>false</IsOnlyDamagedByPlayer>
			<PositionRotation>
				<X>-1007.56409</X>
				<Y>-3066.30322</Y>
				<Z>15.2954073</Z>
				<Pitch>7.30206871</Pitch>
				<Roll>0.110299952</Roll>
				<Yaw>-135.243256</Yaw>
			</PositionRotation>
			<Attachment isAttached="true">
				<AttachedTo>310274</AttachedTo>
				<BoneIndex>25</BoneIndex>
				<X>0.5649997</X>
				<Y>2.69000101</Y>
				<Z>1.26999974</Z>
				<Pitch>6.99999952</Pitch>
				<Roll>5.36441803e-007</Roll>
				<Yaw>-14.0000067</Yaw>
			</Attachment>
		</Attachment>
		<Attachment>
			<ModelHash>0x36dac2c6</ModelHash>
			<Type>3</Type>
			<Dynamic>false</Dynamic>
			<HashName>prop_gascyl_ramp_door_01</HashName>
			<InitialHandle>312834</InitialHandle>
			<ObjectProperties>
				<TextureVariation>0</TextureVariation>
			</ObjectProperties>
			<OpacityLevel>255</OpacityLevel>
			<LodDistance>16960</LodDistance>
			<IsVisible>true</IsVisible>
			<MaxHealth>1000</MaxHealth>
			<Health>1000</Health>
			<IsOnFire>false</IsOnFire>
			<IsInvincible>false</IsInvincible>
			<IsBulletProof>false</IsBulletProof>
			<IsCollisionProof>false</IsCollisionProof>
			<IsExplosionProof>false</IsExplosionProof>
			<IsFireProof>false</IsFireProof>
			<IsMeleeProof>false</IsMeleeProof>
			<IsOnlyDamagedByPlayer>false</IsOnlyDamagedByPlayer>
			<PositionRotation>
				<X>-1007.60876</X>
				<Y>-3066.25879</Y>
				<Z>15.5250778</Z>
				<Pitch>7.30206871</Pitch>
				<Roll>0.110299952</Roll>
				<Yaw>-135.243256</Yaw>
			</PositionRotation>
			<Attachment isAttached="true">
				<AttachedTo>310274</AttachedTo>
				<BoneIndex>25</BoneIndex>
				<X>0.549999774</X>
				<Y>2.63000107</Y>
				<Z>1.49999952</Z>
				<Pitch>6.99999952</Pitch>
				<Roll>5.36441803e-007</Roll>
				<Yaw>-14.0000067</Yaw>
			</Attachment>
		</Attachment>
		<Attachment>
			<ModelHash>0x36dac2c6</ModelHash>
			<Type>3</Type>
			<Dynamic>false</Dynamic>
			<HashName>prop_gascyl_ramp_door_01</HashName>
			<InitialHandle>313090</InitialHandle>
			<ObjectProperties>
				<TextureVariation>0</TextureVariation>
			</ObjectProperties>
			<OpacityLevel>255</OpacityLevel>
			<LodDistance>16960</LodDistance>
			<IsVisible>true</IsVisible>
			<MaxHealth>1000</MaxHealth>
			<Health>1000</Health>
			<IsOnFire>false</IsOnFire>
			<IsInvincible>false</IsInvincible>
			<IsBulletProof>false</IsBulletProof>
			<IsCollisionProof>false</IsCollisionProof>
			<IsExplosionProof>false</IsExplosionProof>
			<IsFireProof>false</IsFireProof>
			<IsMeleeProof>false</IsMeleeProof>
			<IsOnlyDamagedByPlayer>false</IsOnlyDamagedByPlayer>
			<PositionRotation>
				<X>-1007.03845</X>
				<Y>-3065.31812</Y>
				<Z>15.525713</Z>
				<Pitch>7.31808281</Pitch>
				<Roll>-0.0455906428</Roll>
				<Yaw>-107.223839</Yaw>
			</PositionRotation>
			<Attachment isAttached="true">
				<AttachedTo>310274</AttachedTo>
				<BoneIndex>25</BoneIndex>
				<X>-0.549999774</X>
				<Y>2.63000107</Y>
				<Z>1.49999952</Z>
				<Pitch>6.99999952</Pitch>
				<Roll>5.96046448e-007</Roll>
				<Yaw>13.9999943</Yaw>
			</Attachment>
		</Attachment>
		<Attachment>
			<ModelHash>0x36dac2c6</ModelHash>
			<Type>3</Type>
			<Dynamic>false</Dynamic>
			<HashName>prop_gascyl_ramp_door_01</HashName>
			<InitialHandle>313346</InitialHandle>
			<ObjectProperties>
				<TextureVariation>0</TextureVariation>
			</ObjectProperties>
			<OpacityLevel>255</OpacityLevel>
			<LodDistance>16960</LodDistance>
			<IsVisible>true</IsVisible>
			<MaxHealth>1000</MaxHealth>
			<Health>1000</Health>
			<IsOnFire>false</IsOnFire>
			<IsInvincible>false</IsInvincible>
			<IsBulletProof>false</IsBulletProof>
			<IsCollisionProof>false</IsCollisionProof>
			<IsExplosionProof>false</IsExplosionProof>
			<IsFireProof>false</IsFireProof>
			<IsMeleeProof>false</IsMeleeProof>
			<IsOnlyDamagedByPlayer>false</IsOnlyDamagedByPlayer>
			<PositionRotation>
				<X>-1006.97821</X>
				<Y>-3065.33691</Y>
				<Z>15.2960596</Z>
				<Pitch>7.31808281</Pitch>
				<Roll>-0.0455906428</Roll>
				<Yaw>-107.223839</Yaw>
			</PositionRotation>
			<Attachment isAttached="true">
				<AttachedTo>310274</AttachedTo>
				<BoneIndex>25</BoneIndex>
				<X>-0.564999819</X>
				<Y>2.69000101</Y>
				<Z>1.26999974</Z>
				<Pitch>6.99999952</Pitch>
				<Roll>5.36441803e-007</Roll>
				<Yaw>13.9999943</Yaw>
			</Attachment>
		</Attachment>
		<Attachment>
			<ModelHash>0x291cea47</ModelHash>
			<Type>3</Type>
			<Dynamic>false</Dynamic>
			<HashName>w_sg_pumpshotgun</HashName>
			<InitialHandle>313602</InitialHandle>
			<ObjectProperties>
				<TextureVariation>0</TextureVariation>
			</ObjectProperties>
			<OpacityLevel>255</OpacityLevel>
			<LodDistance>16960</LodDistance>
			<IsVisible>true</IsVisible>
			<MaxHealth>1000</MaxHealth>
			<Health>1000</Health>
			<IsOnFire>false</IsOnFire>
			<IsInvincible>false</IsInvincible>
			<IsBulletProof>false</IsBulletProof>
			<IsCollisionProof>false</IsCollisionProof>
			<IsExplosionProof>false</IsExplosionProof>
			<IsFireProof>false</IsFireProof>
			<IsMeleeProof>false</IsMeleeProof>
			<IsOnlyDamagedByPlayer>false</IsOnlyDamagedByPlayer>
			<PositionRotation>
				<X>-1007.14899</X>
				<Y>-3065.36792</Y>
				<Z>15.2952681</Z>
				<Pitch>-89.6797943</Pitch>
				<Roll>5.90870571</Roll>
				<Yaw>-115.320808</Yaw>
			</PositionRotation>
			<Attachment isAttached="true">
				<AttachedTo>310274</AttachedTo>
				<BoneIndex>0</BoneIndex>
				<X>-0.449999839</X>
				<Y>2.55999899</Y>
				<Z>1.26999962</Z>
				<Pitch>-90</Pitch>
				<Roll>-1.1920929e-007</Roll>
				<Yaw>-3.69548798e-006</Yaw>
			</Attachment>
		</Attachment>
		<Attachment>
			<ModelHash>0xbb55760a</ModelHash>
			<Type>3</Type>
			<Dynamic>false</Dynamic>
			<HashName>prop_tool_fireaxe</HashName>
			<InitialHandle>313858</InitialHandle>
			<ObjectProperties>
				<TextureVariation>0</TextureVariation>
			</ObjectProperties>
			<OpacityLevel>255</OpacityLevel>
			<LodDistance>16960</LodDistance>
			<IsVisible>true</IsVisible>
			<MaxHealth>1000</MaxHealth>
			<Health>1000</Health>
			<IsOnFire>false</IsOnFire>
			<IsInvincible>false</IsInvincible>
			<IsBulletProof>false</IsBulletProof>
			<IsCollisionProof>false</IsCollisionProof>
			<IsExplosionProof>false</IsExplosionProof>
			<IsFireProof>false</IsFireProof>
			<IsMeleeProof>false</IsMeleeProof>
			<IsOnlyDamagedByPlayer>false</IsOnlyDamagedByPlayer>
			<PositionRotation>
				<X>-1006.26831</X>
				<Y>-3065.23486</Y>
				<Z>14.5694017</Z>
				<Pitch>0.0717849508</Pitch>
				<Roll>89.686821</Roll>
				<Yaw>-38.2293282</Yaw>
			</PositionRotation>
			<Attachment isAttached="true">
				<AttachedTo>310274</AttachedTo>
				<BoneIndex>25</BoneIndex>
				<X>-1.01999998</X>
				<Y>3.23999906</Y>
				<Z>0.539999783</Z>
				<Pitch>7.4505806e-006</Pitch>
				<Roll>89.9999924</Roll>
				<Yaw>82.9999924</Yaw>
			</Attachment>
		</Attachment>
		<Attachment>
			<ModelHash>0x0f8c9ecb</ModelHash>
			<Type>3</Type>
			<Dynamic>false</Dynamic>
			<HashName>prop_tool_pickaxe</HashName>
			<InitialHandle>314114</InitialHandle>
			<ObjectProperties>
				<TextureVariation>0</TextureVariation>
			</ObjectProperties>
			<OpacityLevel>255</OpacityLevel>
			<LodDistance>16960</LodDistance>
			<IsVisible>true</IsVisible>
			<MaxHealth>1000</MaxHealth>
			<Health>1000</Health>
			<IsOnFire>false</IsOnFire>
			<IsInvincible>false</IsInvincible>
			<IsBulletProof>false</IsBulletProof>
			<IsCollisionProof>false</IsCollisionProof>
			<IsExplosionProof>false</IsExplosionProof>
			<IsFireProof>false</IsFireProof>
			<IsMeleeProof>false</IsMeleeProof>
			<IsOnlyDamagedByPlayer>false</IsOnlyDamagedByPlayer>
			<PositionRotation>
				<X>-1007.3172</X>
				<Y>-3066.98438</Y>
				<Z>14.5282803</Z>
				<Pitch>0.0117235789</Pitch>
				<Roll>-89.6789246</Roll>
				<Yaw>156.770432</Yaw>
			</PositionRotation>
			<Attachment isAttached="true">
				<AttachedTo>310274</AttachedTo>
				<BoneIndex>0</BoneIndex>
				<X>1.0200001</X>
				<Y>3.25000119</Y>
				<Z>0.499999881</Z>
				<Pitch>0</Pitch>
				<Roll>-90</Roll>
				<Yaw>-82</Yaw>
			</Attachment>
		</Attachment>
		<Attachment>
			<ModelHash>0x659b9569</ModelHash>
			<Type>3</Type>
			<Dynamic>false</Dynamic>
			<HashName>prop_rope_hook_01</HashName>
			<InitialHandle>314370</InitialHandle>
			<ObjectProperties>
				<TextureVariation>0</TextureVariation>
			</ObjectProperties>
			<OpacityLevel>255</OpacityLevel>
			<LodDistance>16960</LodDistance>
			<IsVisible>true</IsVisible>
			<MaxHealth>1000</MaxHealth>
			<Health>1000</Health>
			<IsOnFire>false</IsOnFire>
			<IsInvincible>false</IsInvincible>
			<IsBulletProof>false</IsBulletProof>
			<IsCollisionProof>false</IsCollisionProof>
			<IsExplosionProof>false</IsExplosionProof>
			<IsFireProof>false</IsFireProof>
			<IsMeleeProof>false</IsMeleeProof>
			<IsOnlyDamagedByPlayer>false</IsOnlyDamagedByPlayer>
			<PositionRotation>
				<X>-1005.96912</X>
				<Y>-3065.802</Y>
				<Z>14.572279</Z>
				<Pitch>0.3143695</Pitch>
				<Roll>90.0662689</Roll>
				<Yaw>-127.229698</Yaw>
			</PositionRotation>
			<Attachment isAttached="true">
				<AttachedTo>310274</AttachedTo>
				<BoneIndex>25</BoneIndex>
				<X>-0.690000236</X>
				<Y>3.78999996</Y>
				<Z>0.540000439</Z>
				<Pitch>0</Pitch>
				<Roll>89.9999924</Roll>
				<Yaw>-5.99999952</Yaw>
			</Attachment>
		</Attachment>
		<Attachment>
			<ModelHash>0x659b9569</ModelHash>
			<Type>3</Type>
			<Dynamic>false</Dynamic>
			<HashName>prop_rope_hook_01</HashName>
			<InitialHandle>314626</InitialHandle>
			<ObjectProperties>
				<TextureVariation>0</TextureVariation>
			</ObjectProperties>
			<OpacityLevel>255</OpacityLevel>
			<LodDistance>16960</LodDistance>
			<IsVisible>true</IsVisible>
			<MaxHealth>1000</MaxHealth>
			<Health>1000</Health>
			<IsOnFire>false</IsOnFire>
			<IsInvincible>false</IsInvincible>
			<IsBulletProof>false</IsBulletProof>
			<IsCollisionProof>false</IsCollisionProof>
			<IsExplosionProof>false</IsExplosionProof>
			<IsFireProof>false</IsFireProof>
			<IsMeleeProof>false</IsMeleeProof>
			<IsOnlyDamagedByPlayer>false</IsOnlyDamagedByPlayer>
			<PositionRotation>
				<X>-1006.37744</X>
				<Y>-3065.47266</Y>
				<Z>14.5644197</Z>
				<Pitch>0.3143695</Pitch>
				<Roll>90.0662689</Roll>
				<Yaw>-127.229698</Yaw>
			</PositionRotation>
			<Attachment isAttached="true">
				<AttachedTo>310274</AttachedTo>
				<BoneIndex>25</BoneIndex>
				<X>-0.760000169</X>
				<Y>3.27000046</Y>
				<Z>0.535000384</Z>
				<Pitch>0</Pitch>
				<Roll>89.9999924</Roll>
				<Yaw>-5.99999952</Yaw>
			</Attachment>
		</Attachment>
		<Attachment>
			<ModelHash>0x659b9569</ModelHash>
			<Type>3</Type>
			<Dynamic>false</Dynamic>
			<HashName>prop_rope_hook_01</HashName>
			<InitialHandle>314882</InitialHandle>
			<ObjectProperties>
				<TextureVariation>0</TextureVariation>
			</ObjectProperties>
			<OpacityLevel>255</OpacityLevel>
			<LodDistance>16960</LodDistance>
			<IsVisible>true</IsVisible>
			<MaxHealth>1000</MaxHealth>
			<Health>1000</Health>
			<IsOnFire>false</IsOnFire>
			<IsInvincible>false</IsInvincible>
			<IsBulletProof>false</IsBulletProof>
			<IsCollisionProof>false</IsCollisionProof>
			<IsExplosionProof>false</IsExplosionProof>
			<IsFireProof>false</IsFireProof>
			<IsMeleeProof>false</IsMeleeProof>
			<IsOnlyDamagedByPlayer>false</IsOnlyDamagedByPlayer>
			<PositionRotation>
				<X>-1006.74939</X>
				<Y>-3066.95459</Y>
				<Z>14.5260878</Z>
				<Pitch>-0.320466489</Pitch>
				<Roll>90.0228958</Roll>
				<Yaw>68.7705536</Yaw>
			</PositionRotation>
			<Attachment isAttached="true">
				<AttachedTo>310274</AttachedTo>
				<BoneIndex>25</BoneIndex>
				<X>0.699999154</X>
				<Y>3.72000003</Y>
				<Z>0.495000541</Z>
				<Pitch>0</Pitch>
				<Roll>89.9999924</Roll>
				<Yaw>190.000015</Yaw>
			</Attachment>
		</Attachment>
		<Attachment>
			<ModelHash>0x659b9569</ModelHash>
			<Type>3</Type>
			<Dynamic>false</Dynamic>
			<HashName>prop_rope_hook_01</HashName>
			<InitialHandle>315138</InitialHandle>
			<ObjectProperties>
				<TextureVariation>0</TextureVariation>
			</ObjectProperties>
			<OpacityLevel>255</OpacityLevel>
			<LodDistance>16960</LodDistance>
			<IsVisible>true</IsVisible>
			<MaxHealth>1000</MaxHealth>
			<Health>1000</Health>
			<IsOnFire>false</IsOnFire>
			<IsInvincible>false</IsInvincible>
			<IsBulletProof>false</IsBulletProof>
			<IsCollisionProof>false</IsCollisionProof>
			<IsExplosionProof>false</IsExplosionProof>
			<IsFireProof>false</IsFireProof>
			<IsMeleeProof>false</IsMeleeProof>
			<IsOnlyDamagedByPlayer>false</IsOnlyDamagedByPlayer>
			<PositionRotation>
				<X>-1007.13446</X>
				<Y>-3066.77954</Y>
				<Z>14.5187159</Z>
				<Pitch>-0.320466489</Pitch>
				<Roll>90.0228958</Roll>
				<Yaw>68.7705536</Yaw>
			</PositionRotation>
			<Attachment isAttached="true">
				<AttachedTo>310274</AttachedTo>
				<BoneIndex>25</BoneIndex>
				<X>0.749999106</X>
				<Y>3.30000043</Y>
				<Z>0.490000606</Z>
				<Pitch>0</Pitch>
				<Roll>89.9999924</Roll>
				<Yaw>190.000015</Yaw>
			</Attachment>
		</Attachment>
		<Attachment>
			<ModelHash>0xf0c46723</ModelHash>
			<Type>3</Type>
			<Dynamic>false</Dynamic>
			<HashName>p_bison_winch_s</HashName>
			<InitialHandle>315394</InitialHandle>
			<ObjectProperties>
				<TextureVariation>0</TextureVariation>
			</ObjectProperties>
			<OpacityLevel>255</OpacityLevel>
			<LodDistance>16960</LodDistance>
			<IsVisible>true</IsVisible>
			<MaxHealth>1000</MaxHealth>
			<Health>1000</Health>
			<IsOnFire>false</IsOnFire>
			<IsInvincible>false</IsInvincible>
			<IsBulletProof>false</IsBulletProof>
			<IsCollisionProof>false</IsCollisionProof>
			<IsExplosionProof>false</IsExplosionProof>
			<IsFireProof>false</IsFireProof>
			<IsMeleeProof>false</IsMeleeProof>
			<IsOnlyDamagedByPlayer>false</IsOnlyDamagedByPlayer>
			<PositionRotation>
				<X>-1013.20465</X>
				<Y>-3062.22119</Y>
				<Z>13.4269981</Z>
				<Pitch>89.6797943</Pitch>
				<Roll>174.090912</Roll>
				<Yaw>64.6795425</Yaw>
			</PositionRotation>
			<Attachment isAttached="true">
				<AttachedTo>310274</AttachedTo>
				<BoneIndex>0</BoneIndex>
				<X>0</X>
				<Y>-4.25996017</Y>
				<Z>-0.559999764</Z>
				<Pitch>89.9999924</Pitch>
				<Roll>0</Roll>
				<Yaw>0</Yaw>
			</Attachment>
		</Attachment>
		<Attachment>
			<ModelHash>0x4aefef1d</ModelHash>
			<Type>3</Type>
			<Dynamic>false</Dynamic>
			<HashName>v_res_fa_radioalrm</HashName>
			<InitialHandle>315650</InitialHandle>
			<ObjectProperties>
				<TextureVariation>0</TextureVariation>
			</ObjectProperties>
			<OpacityLevel>255</OpacityLevel>
			<LodDistance>16960</LodDistance>
			<IsVisible>true</IsVisible>
			<MaxHealth>1000</MaxHealth>
			<Health>1000</Health>
			<IsOnFire>false</IsOnFire>
			<IsInvincible>false</IsInvincible>
			<IsBulletProof>false</IsBulletProof>
			<IsCollisionProof>false</IsCollisionProof>
			<IsExplosionProof>false</IsExplosionProof>
			<IsFireProof>false</IsFireProof>
			<IsMeleeProof>false</IsMeleeProof>
			<IsOnlyDamagedByPlayer>false</IsOnlyDamagedByPlayer>
			<PositionRotation>
				<X>-1007.46167</X>
				<Y>-3065.61084</Y>
				<Z>15.1752644</Z>
				<Pitch>-23.7271595</Pitch>
				<Roll>0.185498208</Roll>
				<Yaw>-147.154465</Yaw>
			</PositionRotation>
			<Attachment isAttached="true">
				<AttachedTo>310274</AttachedTo>
				<BoneIndex>0</BoneIndex>
				<X>-0.0799999982</X>
				<Y>2.41799998</Y>
				<Z>1.15099967</Z>
				<Pitch>-24.0000057</Pitch>
				<Roll>0</Roll>
				<Yaw>-25.9999981</Yaw>
			</Attachment>
		</Attachment>
		<Attachment>
			<ModelHash>0x7e1240ea</ModelHash>
			<Type>3</Type>
			<Dynamic>false</Dynamic>
			<HashName>prop_tool_consaw</HashName>
			<InitialHandle>315906</InitialHandle>
			<ObjectProperties>
				<TextureVariation>0</TextureVariation>
			</ObjectProperties>
			<OpacityLevel>255</OpacityLevel>
			<LodDistance>16960</LodDistance>
			<IsVisible>true</IsVisible>
			<MaxHealth>1000</MaxHealth>
			<Health>1000</Health>
			<IsOnFire>false</IsOnFire>
			<IsInvincible>false</IsInvincible>
			<IsBulletProof>false</IsBulletProof>
			<IsCollisionProof>false</IsCollisionProof>
			<IsExplosionProof>false</IsExplosionProof>
			<IsFireProof>false</IsFireProof>
			<IsMeleeProof>false</IsMeleeProof>
			<IsOnlyDamagedByPlayer>false</IsOnlyDamagedByPlayer>
			<PositionRotation>
				<X>-1006.78174</X>
				<Y>-3065.23877</Y>
				<Z>14.0068007</Z>
				<Pitch>89.6797943</Pitch>
				<Roll>174.090912</Roll>
				<Yaw>64.6795425</Yaw>
			</PositionRotation>
			<Attachment isAttached="true">
				<AttachedTo>310274</AttachedTo>
				<BoneIndex>0</BoneIndex>
				<X>-0.749999583</X>
				<Y>2.7999723</Y>
				<Z>-0.0199999996</Z>
				<Pitch>89.9999924</Pitch>
				<Roll>0</Roll>
				<Yaw>0</Yaw>
			</Attachment>
		</Attachment>
		<Attachment>
			<ModelHash>0x7e1240ea</ModelHash>
			<Type>3</Type>
			<Dynamic>false</Dynamic>
			<HashName>prop_tool_consaw</HashName>
			<InitialHandle>316162</InitialHandle>
			<ObjectProperties>
				<TextureVariation>0</TextureVariation>
			</ObjectProperties>
			<OpacityLevel>255</OpacityLevel>
			<LodDistance>16960</LodDistance>
			<IsVisible>true</IsVisible>
			<MaxHealth>1000</MaxHealth>
			<Health>1000</Health>
			<IsOnFire>false</IsOnFire>
			<IsInvincible>false</IsInvincible>
			<IsBulletProof>false</IsBulletProof>
			<IsCollisionProof>false</IsCollisionProof>
			<IsExplosionProof>false</IsExplosionProof>
			<IsFireProof>false</IsFireProof>
			<IsMeleeProof>false</IsMeleeProof>
			<IsOnlyDamagedByPlayer>false</IsOnlyDamagedByPlayer>
			<PositionRotation>
				<X>-1007.55945</X>
				<Y>-3066.52148</Y>
				<Z>14.0059347</Z>
				<Pitch>-89.6797943</Pitch>
				<Roll>-174.091156</Roll>
				<Yaw>-115.320686</Yaw>
			</PositionRotation>
			<Attachment isAttached="true">
				<AttachedTo>310274</AttachedTo>
				<BoneIndex>0</BoneIndex>
				<X>0.749999583</X>
				<Y>2.7999723</Y>
				<Z>-0.0199999996</Z>
				<Pitch>-90.0000076</Pitch>
				<Roll>-1.33514404e-005</Roll>
				<Yaw>179.999985</Yaw>
			</Attachment>
		</Attachment>
		<Attachment>
			<ModelHash>0x7e1240ea</ModelHash>
			<Type>3</Type>
			<Dynamic>false</Dynamic>
			<HashName>prop_tool_consaw</HashName>
			<InitialHandle>316418</InitialHandle>
			<ObjectProperties>
				<TextureVariation>0</TextureVariation>
			</ObjectProperties>
			<OpacityLevel>255</OpacityLevel>
			<LodDistance>16960</LodDistance>
			<IsVisible>true</IsVisible>
			<MaxHealth>1000</MaxHealth>
			<Health>1000</Health>
			<IsOnFire>false</IsOnFire>
			<IsInvincible>false</IsInvincible>
			<IsBulletProof>false</IsBulletProof>
			<IsCollisionProof>false</IsCollisionProof>
			<IsExplosionProof>false</IsExplosionProof>
			<IsFireProof>false</IsFireProof>
			<IsMeleeProof>false</IsMeleeProof>
			<IsOnlyDamagedByPlayer>false</IsOnlyDamagedByPlayer>
			<PositionRotation>
				<X>-1006.02472</X>
				<Y>-3066.98389</Y>
				<Z>13.6348162</Z>
				<Pitch>-89.678566</Pitch>
				<Roll>95.9060898</Roll>
				<Yaw>-115.323433</Yaw>
			</PositionRotation>
			<Attachment isAttached="true">
				<AttachedTo>310274</AttachedTo>
				<BoneIndex>0</BoneIndex>
				<X>0.349999964</X>
				<Y>4.3499794</Y>
				<Z>-0.400000364</Z>
				<Pitch>-90.0000076</Pitch>
				<Roll>-90.0000076</Roll>
				<Yaw>179.999985</Yaw>
			</Attachment>
		</Attachment>
		<Attachment>
			<ModelHash>0x7e1240ea</ModelHash>
			<Type>3</Type>
			<Dynamic>false</Dynamic>
			<HashName>prop_tool_consaw</HashName>
			<InitialHandle>316674</InitialHandle>
			<ObjectProperties>
				<TextureVariation>0</TextureVariation>
			</ObjectProperties>
			<OpacityLevel>255</OpacityLevel>
			<LodDistance>16960</LodDistance>
			<IsVisible>true</IsVisible>
			<MaxHealth>1000</MaxHealth>
			<Health>1000</Health>
			<IsOnFire>false</IsOnFire>
			<IsInvincible>false</IsInvincible>
			<IsBulletProof>false</IsBulletProof>
			<IsCollisionProof>false</IsCollisionProof>
			<IsExplosionProof>false</IsExplosionProof>
			<IsFireProof>false</IsFireProof>
			<IsMeleeProof>false</IsMeleeProof>
			<IsOnlyDamagedByPlayer>false</IsOnlyDamagedByPlayer>
			<PositionRotation>
				<X>-1005.6618</X>
				<Y>-3066.3855</Y>
				<Z>13.6352205</Z>
				<Pitch>89.6797943</Pitch>
				<Roll>84.0890884</Roll>
				<Yaw>64.6813431</Yaw>
			</PositionRotation>
			<Attachment isAttached="true">
				<AttachedTo>310274</AttachedTo>
				<BoneIndex>0</BoneIndex>
				<X>-0.349999934</X>
				<Y>4.3499794</Y>
				<Z>-0.400000364</Z>
				<Pitch>89.9999847</Pitch>
				<Roll>89.9999847</Roll>
				<Yaw>179.999985</Yaw>
			</Attachment>
		</Attachment>
		<Attachment>
			<ModelHash>0x0a22cea2</ModelHash>
			<Type>3</Type>
			<Dynamic>false</Dynamic>
			<HashName>prop_cs_bowie_knife</HashName>
			<InitialHandle>316930</InitialHandle>
			<ObjectProperties>
				<TextureVariation>0</TextureVariation>
			</ObjectProperties>
			<OpacityLevel>255</OpacityLevel>
			<LodDistance>16960</LodDistance>
			<IsVisible>true</IsVisible>
			<MaxHealth>1000</MaxHealth>
			<Health>1000</Health>
			<IsOnFire>false</IsOnFire>
			<IsInvincible>false</IsInvincible>
			<IsBulletProof>false</IsBulletProof>
			<IsCollisionProof>false</IsCollisionProof>
			<IsExplosionProof>false</IsExplosionProof>
			<IsFireProof>false</IsFireProof>
			<IsMeleeProof>false</IsMeleeProof>
			<IsOnlyDamagedByPlayer>false</IsOnlyDamagedByPlayer>
			<PositionRotation>
				<X>-1005.65656</X>
				<Y>-3066.7981</Y>
				<Z>13.9162416</Z>
				<Pitch>0.0330730453</Pitch>
				<Roll>89.6804047</Roll>
				<Yaw>-31.2294369</Yaw>
			</PositionRotation>
			<Attachment isAttached="true">
				<AttachedTo>310274</AttachedTo>
				<BoneIndex>0</BoneIndex>
				<X>0</X>
				<Y>4.56998968</Y>
				<Z>-0.119999982</Z>
				<Pitch>0</Pitch>
				<Roll>89.9999924</Roll>
				<Yaw>89.9999924</Yaw>
			</Attachment>
		</Attachment>
		<Attachment>
			<ModelHash>0x0a22cea2</ModelHash>
			<Type>3</Type>
			<Dynamic>false</Dynamic>
			<HashName>prop_cs_bowie_knife</HashName>
			<InitialHandle>317186</InitialHandle>
			<ObjectProperties>
				<TextureVariation>0</TextureVariation>
			</ObjectProperties>
			<OpacityLevel>255</OpacityLevel>
			<LodDistance>16960</LodDistance>
			<IsVisible>true</IsVisible>
			<MaxHealth>1000</MaxHealth>
			<Health>1000</Health>
			<IsOnFire>false</IsOnFire>
			<IsInvincible>false</IsInvincible>
			<IsBulletProof>false</IsBulletProof>
			<IsCollisionProof>false</IsCollisionProof>
			<IsExplosionProof>false</IsExplosionProof>
			<IsFireProof>false</IsFireProof>
			<IsMeleeProof>false</IsMeleeProof>
			<IsOnlyDamagedByPlayer>false</IsOnlyDamagedByPlayer>
			<PositionRotation>
				<X>-1005.66083</X>
				<Y>-3066.79614</Y>
				<Z>14.7562275</Z>
				<Pitch>0.0330730453</Pitch>
				<Roll>89.6804047</Roll>
				<Yaw>-31.2294369</Yaw>
			</PositionRotation>
			<Attachment isAttached="true">
				<AttachedTo>310274</AttachedTo>
				<BoneIndex>0</BoneIndex>
				<X>0</X>
				<Y>4.56998968</Y>
				<Z>0.719999611</Z>
				<Pitch>0</Pitch>
				<Roll>89.9999924</Roll>
				<Yaw>89.9999924</Yaw>
			</Attachment>
		</Attachment>
		<Attachment>
			<ModelHash>0x0a22cea2</ModelHash>
			<Type>3</Type>
			<Dynamic>false</Dynamic>
			<HashName>prop_cs_bowie_knife</HashName>
			<InitialHandle>317442</InitialHandle>
			<ObjectProperties>
				<TextureVariation>0</TextureVariation>
			</ObjectProperties>
			<OpacityLevel>255</OpacityLevel>
			<LodDistance>16960</LodDistance>
			<IsVisible>true</IsVisible>
			<MaxHealth>1000</MaxHealth>
			<Health>1000</Health>
			<IsOnFire>false</IsOnFire>
			<IsInvincible>false</IsInvincible>
			<IsBulletProof>false</IsBulletProof>
			<IsCollisionProof>false</IsCollisionProof>
			<IsExplosionProof>false</IsExplosionProof>
			<IsFireProof>false</IsFireProof>
			<IsMeleeProof>false</IsMeleeProof>
			<IsOnlyDamagedByPlayer>false</IsOnlyDamagedByPlayer>
			<PositionRotation>
				<X>-1005.65875</X>
				<Y>-3066.79712</Y>
				<Z>14.3562346</Z>
				<Pitch>0.0330730453</Pitch>
				<Roll>89.6804047</Roll>
				<Yaw>-31.2294369</Yaw>
			</PositionRotation>
			<Attachment isAttached="true">
				<AttachedTo>310274</AttachedTo>
				<BoneIndex>0</BoneIndex>
				<X>0</X>
				<Y>4.56998968</Y>
				<Z>0.319999993</Z>
				<Pitch>0</Pitch>
				<Roll>89.9999924</Roll>
				<Yaw>89.9999924</Yaw>
			</Attachment>
		</Attachment>
		<Attachment>
			<ModelHash>0x0a22cea2</ModelHash>
			<Type>3</Type>
			<Dynamic>false</Dynamic>
			<HashName>prop_cs_bowie_knife</HashName>
			<InitialHandle>317698</InitialHandle>
			<ObjectProperties>
				<TextureVariation>0</TextureVariation>
			</ObjectProperties>
			<OpacityLevel>255</OpacityLevel>
			<LodDistance>16960</LodDistance>
			<IsVisible>true</IsVisible>
			<MaxHealth>1000</MaxHealth>
			<Health>1000</Health>
			<IsOnFire>false</IsOnFire>
			<IsInvincible>false</IsInvincible>
			<IsBulletProof>false</IsBulletProof>
			<IsCollisionProof>false</IsCollisionProof>
			<IsExplosionProof>false</IsExplosionProof>
			<IsFireProof>false</IsFireProof>
			<IsMeleeProof>false</IsMeleeProof>
			<IsOnlyDamagedByPlayer>false</IsOnlyDamagedByPlayer>
			<PositionRotation>
				<X>-1005.86096</X>
				<Y>-3067.13062</Y>
				<Z>14.3560095</Z>
				<Pitch>0.0330730453</Pitch>
				<Roll>89.6804047</Roll>
				<Yaw>-31.2294369</Yaw>
			</PositionRotation>
			<Attachment isAttached="true">
				<AttachedTo>310274</AttachedTo>
				<BoneIndex>0</BoneIndex>
				<X>0.389999896</X>
				<Y>4.56998968</Y>
				<Z>0.319999993</Z>
				<Pitch>0</Pitch>
				<Roll>89.9999924</Roll>
				<Yaw>89.9999924</Yaw>
			</Attachment>
		</Attachment>
		<Attachment>
			<ModelHash>0x0a22cea2</ModelHash>
			<Type>3</Type>
			<Dynamic>false</Dynamic>
			<HashName>prop_cs_bowie_knife</HashName>
			<InitialHandle>317954</InitialHandle>
			<ObjectProperties>
				<TextureVariation>0</TextureVariation>
			</ObjectProperties>
			<OpacityLevel>255</OpacityLevel>
			<LodDistance>16960</LodDistance>
			<IsVisible>true</IsVisible>
			<MaxHealth>1000</MaxHealth>
			<Health>1000</Health>
			<IsOnFire>false</IsOnFire>
			<IsInvincible>false</IsInvincible>
			<IsBulletProof>false</IsBulletProof>
			<IsCollisionProof>false</IsCollisionProof>
			<IsExplosionProof>false</IsExplosionProof>
			<IsFireProof>false</IsFireProof>
			<IsMeleeProof>false</IsMeleeProof>
			<IsOnlyDamagedByPlayer>false</IsOnlyDamagedByPlayer>
			<PositionRotation>
				<X>-1005.85876</X>
				<Y>-3067.13159</Y>
				<Z>13.9160166</Z>
				<Pitch>0.0330730453</Pitch>
				<Roll>89.6804047</Roll>
				<Yaw>-31.2294369</Yaw>
			</PositionRotation>
			<Attachment isAttached="true">
				<AttachedTo>310274</AttachedTo>
				<BoneIndex>0</BoneIndex>
				<X>0.389999896</X>
				<Y>4.56998968</Y>
				<Z>-0.119999968</Z>
				<Pitch>0</Pitch>
				<Roll>89.9999924</Roll>
				<Yaw>89.9999924</Yaw>
			</Attachment>
		</Attachment>
		<Attachment>
			<ModelHash>0x0a22cea2</ModelHash>
			<Type>3</Type>
			<Dynamic>false</Dynamic>
			<HashName>prop_cs_bowie_knife</HashName>
			<InitialHandle>318210</InitialHandle>
			<ObjectProperties>
				<TextureVariation>0</TextureVariation>
			</ObjectProperties>
			<OpacityLevel>255</OpacityLevel>
			<LodDistance>16960</LodDistance>
			<IsVisible>true</IsVisible>
			<MaxHealth>1000</MaxHealth>
			<Health>1000</Health>
			<IsOnFire>false</IsOnFire>
			<IsInvincible>false</IsInvincible>
			<IsBulletProof>false</IsBulletProof>
			<IsCollisionProof>false</IsCollisionProof>
			<IsExplosionProof>false</IsExplosionProof>
			<IsFireProof>false</IsFireProof>
			<IsMeleeProof>false</IsMeleeProof>
			<IsOnlyDamagedByPlayer>false</IsOnlyDamagedByPlayer>
			<PositionRotation>
				<X>-1005.86304</X>
				<Y>-3067.12964</Y>
				<Z>14.7560024</Z>
				<Pitch>0.0330730453</Pitch>
				<Roll>89.6804047</Roll>
				<Yaw>-31.2294369</Yaw>
			</PositionRotation>
			<Attachment isAttached="true">
				<AttachedTo>310274</AttachedTo>
				<BoneIndex>0</BoneIndex>
				<X>0.389999896</X>
				<Y>4.56998968</Y>
				<Z>0.719999611</Z>
				<Pitch>0</Pitch>
				<Roll>89.9999924</Roll>
				<Yaw>89.9999924</Yaw>
			</Attachment>
		</Attachment>
		<Attachment>
			<ModelHash>0x0a22cea2</ModelHash>
			<Type>3</Type>
			<Dynamic>false</Dynamic>
			<HashName>prop_cs_bowie_knife</HashName>
			<InitialHandle>318466</InitialHandle>
			<ObjectProperties>
				<TextureVariation>0</TextureVariation>
			</ObjectProperties>
			<OpacityLevel>255</OpacityLevel>
			<LodDistance>16960</LodDistance>
			<IsVisible>true</IsVisible>
			<MaxHealth>1000</MaxHealth>
			<Health>1000</Health>
			<IsOnFire>false</IsOnFire>
			<IsInvincible>false</IsInvincible>
			<IsBulletProof>false</IsBulletProof>
			<IsCollisionProof>false</IsCollisionProof>
			<IsExplosionProof>false</IsExplosionProof>
			<IsFireProof>false</IsFireProof>
			<IsMeleeProof>false</IsMeleeProof>
			<IsOnlyDamagedByPlayer>false</IsOnlyDamagedByPlayer>
			<PositionRotation>
				<X>-1005.45862</X>
				<Y>-3066.46265</Y>
				<Z>14.7564535</Z>
				<Pitch>0.0330730453</Pitch>
				<Roll>89.6804047</Roll>
				<Yaw>-31.2294369</Yaw>
			</PositionRotation>
			<Attachment isAttached="true">
				<AttachedTo>310274</AttachedTo>
				<BoneIndex>0</BoneIndex>
				<X>-0.389999926</X>
				<Y>4.56998968</Y>
				<Z>0.719999611</Z>
				<Pitch>0</Pitch>
				<Roll>89.9999924</Roll>
				<Yaw>89.9999924</Yaw>
			</Attachment>
		</Attachment>
		<Attachment>
			<ModelHash>0x0a22cea2</ModelHash>
			<Type>3</Type>
			<Dynamic>false</Dynamic>
			<HashName>prop_cs_bowie_knife</HashName>
			<InitialHandle>318722</InitialHandle>
			<ObjectProperties>
				<TextureVariation>0</TextureVariation>
			</ObjectProperties>
			<OpacityLevel>255</OpacityLevel>
			<LodDistance>16960</LodDistance>
			<IsVisible>true</IsVisible>
			<MaxHealth>1000</MaxHealth>
			<Health>1000</Health>
			<IsOnFire>false</IsOnFire>
			<IsInvincible>false</IsInvincible>
			<IsBulletProof>false</IsBulletProof>
			<IsCollisionProof>false</IsCollisionProof>
			<IsExplosionProof>false</IsExplosionProof>
			<IsFireProof>false</IsFireProof>
			<IsMeleeProof>false</IsMeleeProof>
			<IsOnlyDamagedByPlayer>false</IsOnlyDamagedByPlayer>
			<PositionRotation>
				<X>-1005.4566</X>
				<Y>-3066.46362</Y>
				<Z>14.3564596</Z>
				<Pitch>0.0330730453</Pitch>
				<Roll>89.6804047</Roll>
				<Yaw>-31.2294369</Yaw>
			</PositionRotation>
			<Attachment isAttached="true">
				<AttachedTo>310274</AttachedTo>
				<BoneIndex>0</BoneIndex>
				<X>-0.389999926</X>
				<Y>4.56998968</Y>
				<Z>0.319999993</Z>
				<Pitch>0</Pitch>
				<Roll>89.9999924</Roll>
				<Yaw>89.9999924</Yaw>
			</Attachment>
		</Attachment>
		<Attachment>
			<ModelHash>0x0a22cea2</ModelHash>
			<Type>3</Type>
			<Dynamic>false</Dynamic>
			<HashName>prop_cs_bowie_knife</HashName>
			<InitialHandle>318978</InitialHandle>
			<ObjectProperties>
				<TextureVariation>0</TextureVariation>
			</ObjectProperties>
			<OpacityLevel>255</OpacityLevel>
			<LodDistance>16960</LodDistance>
			<IsVisible>true</IsVisible>
			<MaxHealth>1000</MaxHealth>
			<Health>1000</Health>
			<IsOnFire>false</IsOnFire>
			<IsInvincible>false</IsInvincible>
			<IsBulletProof>false</IsBulletProof>
			<IsCollisionProof>false</IsCollisionProof>
			<IsExplosionProof>false</IsExplosionProof>
			<IsFireProof>false</IsFireProof>
			<IsMeleeProof>false</IsMeleeProof>
			<IsOnlyDamagedByPlayer>false</IsOnlyDamagedByPlayer>
			<PositionRotation>
				<X>-1005.45435</X>
				<Y>-3066.4646</Y>
				<Z>13.9164667</Z>
				<Pitch>0.0330730453</Pitch>
				<Roll>89.6804047</Roll>
				<Yaw>-31.2294369</Yaw>
			</PositionRotation>
			<Attachment isAttached="true">
				<AttachedTo>310274</AttachedTo>
				<BoneIndex>0</BoneIndex>
				<X>-0.389999926</X>
				<Y>4.56998968</Y>
				<Z>-0.119999968</Z>
				<Pitch>0</Pitch>
				<Roll>89.9999924</Roll>
				<Yaw>89.9999924</Yaw>
			</Attachment>
		</Attachment>
		<Attachment>
			<ModelHash>0x50685513</ModelHash>
			<Type>3</Type>
			<Dynamic>false</Dynamic>
			<HashName>w_pi_flaregun</HashName>
			<InitialHandle>319234</InitialHandle>
			<ObjectProperties>
				<TextureVariation>0</TextureVariation>
			</ObjectProperties>
			<OpacityLevel>255</OpacityLevel>
			<LodDistance>16960</LodDistance>
			<IsVisible>true</IsVisible>
			<MaxHealth>1000</MaxHealth>
			<Health>1000</Health>
			<IsOnFire>false</IsOnFire>
			<IsInvincible>false</IsInvincible>
			<IsBulletProof>false</IsBulletProof>
			<IsCollisionProof>false</IsCollisionProof>
			<IsExplosionProof>false</IsExplosionProof>
			<IsFireProof>false</IsFireProof>
			<IsMeleeProof>false</IsMeleeProof>
			<IsOnlyDamagedByPlayer>false</IsOnlyDamagedByPlayer>
			<PositionRotation>
				<X>-1007.56244</X>
				<Y>-3065.7605</Y>
				<Z>15.2991142</Z>
				<Pitch>89.6797943</Pitch>
				<Roll>17.0896072</Roll>
				<Yaw>64.6808624</Yaw>
			</PositionRotation>
			<Attachment isAttached="true">
				<AttachedTo>310274</AttachedTo>
				<BoneIndex>0</BoneIndex>
				<X>0.0999999866</X>
				<Y>2.40999913</Y>
				<Z>1.27499998</Z>
				<Pitch>89.9999924</Pitch>
				<Roll>0</Roll>
				<Yaw>-157</Yaw>
			</Attachment>
		</Attachment>
		<Attachment>
			<ModelHash>0xf4385d0d</ModelHash>
			<Type>3</Type>
			<Dynamic>false</Dynamic>
			<HashName>prop_cs_sm_27_gate</HashName>
			<InitialHandle>356867</InitialHandle>
			<ObjectProperties>
				<TextureVariation>0</TextureVariation>
			</ObjectProperties>
			<OpacityLevel>255</OpacityLevel>
			<LodDistance>16960</LodDistance>
			<IsVisible>true</IsVisible>
			<MaxHealth>1000</MaxHealth>
			<Health>0</Health>
			<IsOnFire>false</IsOnFire>
			<IsInvincible>false</IsInvincible>
			<IsBulletProof>false</IsBulletProof>
			<IsCollisionProof>false</IsCollisionProof>
			<IsExplosionProof>false</IsExplosionProof>
			<IsFireProof>false</IsFireProof>
			<IsMeleeProof>false</IsMeleeProof>
			<IsOnlyDamagedByPlayer>false</IsOnlyDamagedByPlayer>
			<PositionRotation>
				<X>-1005.66193</X>
				<Y>-3066.79565</Y>
				<Z>14.9762239</Z>
				<Pitch>0.319577754</Pitch>
				<Roll>-89.9669037</Roll>
				<Yaw>-121.229607</Yaw>
			</PositionRotation>
			<Attachment isAttached="true">
				<AttachedTo>310274</AttachedTo>
				<BoneIndex>0</BoneIndex>
				<X>0</X>
				<Y>4.56998968</Y>
				<Z>0.939999402</Z>
				<Pitch>0</Pitch>
				<Roll>-89.9999924</Roll>
				<Yaw>0</Yaw>
			</Attachment>
		</Attachment>
		<Attachment>
			<ModelHash>0x8fb3826a</ModelHash>
			<Type>3</Type>
			<Dynamic>false</Dynamic>
			<HashName>prop_roofpipe_06</HashName>
			<InitialHandle>347653</InitialHandle>
			<ObjectProperties>
				<TextureVariation>0</TextureVariation>
			</ObjectProperties>
			<OpacityLevel>255</OpacityLevel>
			<LodDistance>16960</LodDistance>
			<IsVisible>true</IsVisible>
			<MaxHealth>1000</MaxHealth>
			<Health>1000</Health>
			<IsOnFire>false</IsOnFire>
			<IsInvincible>false</IsInvincible>
			<IsBulletProof>false</IsBulletProof>
			<IsCollisionProof>false</IsCollisionProof>
			<IsExplosionProof>false</IsExplosionProof>
			<IsFireProof>false</IsFireProof>
			<IsMeleeProof>false</IsMeleeProof>
			<IsOnlyDamagedByPlayer>false</IsOnlyDamagedByPlayer>
			<PositionRotation>
				<X>-1006.06396</X>
				<Y>-3067.4978</Y>
				<Z>13.125843</Z>
				<Pitch>0.319577754</Pitch>
				<Roll>0.0330752358</Roll>
				<Yaw>-121.229607</Yaw>
			</PositionRotation>
			<Attachment isAttached="true">
				<AttachedTo>310274</AttachedTo>
				<BoneIndex>0</BoneIndex>
				<X>0.809999526</X>
				<Y>4.57998991</Y>
				<Z>-0.90999943</Z>
				<Pitch>0</Pitch>
				<Roll>0</Roll>
				<Yaw>0</Yaw>
			</Attachment>
		</Attachment>
		<Attachment>
			<ModelHash>0x8fb3826a</ModelHash>
			<Type>3</Type>
			<Dynamic>false</Dynamic>
			<HashName>prop_roofpipe_06</HashName>
			<InitialHandle>34310</InitialHandle>
			<ObjectProperties>
				<TextureVariation>0</TextureVariation>
			</ObjectProperties>
			<OpacityLevel>255</OpacityLevel>
			<LodDistance>16960</LodDistance>
			<IsVisible>true</IsVisible>
			<MaxHealth>1000</MaxHealth>
			<Health>1000</Health>
			<IsOnFire>false</IsOnFire>
			<IsInvincible>false</IsInvincible>
			<IsBulletProof>false</IsBulletProof>
			<IsCollisionProof>false</IsCollisionProof>
			<IsExplosionProof>false</IsExplosionProof>
			<IsFireProof>false</IsFireProof>
			<IsMeleeProof>false</IsMeleeProof>
			<IsOnlyDamagedByPlayer>false</IsOnlyDamagedByPlayer>
			<PositionRotation>
				<X>-1005.22406</X>
				<Y>-3066.11255</Y>
				<Z>13.1267776</Z>
				<Pitch>0.319577754</Pitch>
				<Roll>0.0330752358</Roll>
				<Yaw>-121.229607</Yaw>
			</PositionRotation>
			<Attachment isAttached="true">
				<AttachedTo>310274</AttachedTo>
				<BoneIndex>0</BoneIndex>
				<X>-0.809999526</X>
				<Y>4.57998991</Y>
				<Z>-0.90999943</Z>
				<Pitch>0</Pitch>
				<Roll>0</Roll>
				<Yaw>0</Yaw>
			</Attachment>
		</Attachment>
		<Attachment>
			<ModelHash>0x8fb3826a</ModelHash>
			<Type>3</Type>
			<Dynamic>false</Dynamic>
			<HashName>prop_roofpipe_06</HashName>
			<InitialHandle>523270</InitialHandle>
			<ObjectProperties>
				<TextureVariation>0</TextureVariation>
			</ObjectProperties>
			<OpacityLevel>255</OpacityLevel>
			<LodDistance>16960</LodDistance>
			<IsVisible>true</IsVisible>
			<MaxHealth>1000</MaxHealth>
			<Health>1000</Health>
			<IsOnFire>false</IsOnFire>
			<IsInvincible>false</IsInvincible>
			<IsBulletProof>false</IsBulletProof>
			<IsCollisionProof>false</IsCollisionProof>
			<IsExplosionProof>false</IsExplosionProof>
			<IsFireProof>false</IsFireProof>
			<IsMeleeProof>false</IsMeleeProof>
			<IsOnlyDamagedByPlayer>false</IsOnlyDamagedByPlayer>
			<PositionRotation>
				<X>-1009.02502</X>
				<Y>-3066.24146</Y>
				<Z>14.6178436</Z>
				<Pitch>0.319577754</Pitch>
				<Roll>0.0330752358</Roll>
				<Yaw>-121.229607</Yaw>
			</PositionRotation>
			<Attachment isAttached="true">
				<AttachedTo>310274</AttachedTo>
				<BoneIndex>0</BoneIndex>
				<X>1.26999927</X>
				<Y>1.40497959</Y>
				<Z>0.599999905</Z>
				<Pitch>0</Pitch>
				<Roll>0</Roll>
				<Yaw>0</Yaw>
			</Attachment>
		</Attachment>
		<Attachment>
			<ModelHash>0x8fb3826a</ModelHash>
			<Type>3</Type>
			<Dynamic>false</Dynamic>
			<HashName>prop_roofpipe_06</HashName>
			<InitialHandle>525830</InitialHandle>
			<ObjectProperties>
				<TextureVariation>0</TextureVariation>
			</ObjectProperties>
			<OpacityLevel>255</OpacityLevel>
			<LodDistance>16960</LodDistance>
			<IsVisible>true</IsVisible>
			<MaxHealth>1000</MaxHealth>
			<Health>1000</Health>
			<IsOnFire>false</IsOnFire>
			<IsInvincible>false</IsInvincible>
			<IsBulletProof>false</IsBulletProof>
			<IsCollisionProof>false</IsCollisionProof>
			<IsExplosionProof>false</IsExplosionProof>
			<IsFireProof>false</IsFireProof>
			<IsMeleeProof>false</IsMeleeProof>
			<IsOnlyDamagedByPlayer>false</IsOnlyDamagedByPlayer>
			<PositionRotation>
				<X>-1007.70807</X>
				<Y>-3064.06958</Y>
				<Z>14.6193104</Z>
				<Pitch>0.319577754</Pitch>
				<Roll>0.0330752358</Roll>
				<Yaw>-121.229607</Yaw>
			</PositionRotation>
			<Attachment isAttached="true">
				<AttachedTo>310274</AttachedTo>
				<BoneIndex>0</BoneIndex>
				<X>-1.26999903</X>
				<Y>1.40497959</Y>
				<Z>0.599999905</Z>
				<Pitch>0</Pitch>
				<Roll>0</Roll>
				<Yaw>0</Yaw>
			</Attachment>
		</Attachment>
	</SpoonerAttachments>
</Vehicle>
