<?xml version="1.0"?>
<Vehicle menyoo_ver="0.999873b">
	<ModelHash>0x885f3671</ModelHash>
	<InitialHandle>613441</InitialHandle>
	<VehicleProperties>
		<Colours>
			<Primary>155</Primary>
			<Secondary>0</Secondary>
			<Pearl>0</Pearl>
			<Rim>156</Rim>
			<Mod1_a>7667781</Mod1_a>
			<Mod1_b>6881364</Mod1_b>
			<Mod1_c>6619245</Mod1_c>
			<Mod2_a>0</Mod2_a>
			<Mod2_b>0</Mod2_b>
			<IsPrimaryColourCustom>false</IsPrimaryColourCustom>
			<IsSecondaryColourCustom>false</IsSecondaryColourCustom>
			<tyreSmoke_R>255</tyreSmoke_R>
			<tyreSmoke_G>255</tyreSmoke_G>
			<tyreSmoke_B>255</tyreSmoke_B>
			<LrInterior>0</LrInterior>
			<LrDashboard>0</LrDashboard>
		</Colours>
		<Livery>-1</Livery>
		<NumberPlateText>43XHQ978</NumberPlateText>
		<NumberPlateIndex>4</NumberPlateIndex>
		<WheelType>0</WheelType>
		<WheelsInvisible>false</WheelsInvisible>
		<EngineSoundName />
		<WindowTint>-1</WindowTint>
		<BulletProofTyres>false</BulletProofTyres>
		<DirtLevel>15</DirtLevel>
		<PaintFade>1</PaintFade>
		<RoofState>0</RoofState>
		<SirenActive>false</SirenActive>
		<EngineOn>true</EngineOn>
		<EngineHealth>1000</EngineHealth>
		<LightsOn>false</LightsOn>
		<IsRadioLoud>0</IsRadioLoud>
		<Neons>
			<Left>false</Left>
			<Right>false</Right>
			<Front>false</Front>
			<Back>false</Back>
			<R>255</R>
			<G>0</G>
			<B>255</B>
		</Neons>
		<ModExtras />
		<Mods>
			<_0>-1,0</_0>
			<_1>-1,0</_1>
			<_2>-1,0</_2>
			<_3>-1,0</_3>
			<_4>-1,0</_4>
			<_5>-1,0</_5>
			<_6>-1,0</_6>
			<_7>-1,0</_7>
			<_8>-1,0</_8>
			<_9>-1,0</_9>
			<_10>-1,0</_10>
			<_11>-1,0</_11>
			<_12>-1,0</_12>
			<_13>-1,0</_13>
			<_14>-1,0</_14>
			<_15>-1,0</_15>
			<_16>-1,0</_16>
			<_17>false</_17>
			<_18>false</_18>
			<_19>false</_19>
			<_20>false</_20>
			<_21>false</_21>
			<_22>false</_22>
			<_23>-1,0</_23>
			<_24>-1,0</_24>
			<_25>-1,0</_25>
			<_26>-1,0</_26>
			<_27>-1,0</_27>
			<_28>-1,0</_28>
			<_29>-1,0</_29>
			<_30>-1,0</_30>
			<_31>-1,0</_31>
			<_32>-1,0</_32>
			<_33>-1,0</_33>
			<_34>-1,0</_34>
			<_35>-1,0</_35>
			<_36>-1,0</_36>
			<_37>-1,0</_37>
			<_38>-1,0</_38>
			<_39>-1,0</_39>
			<_40>-1,0</_40>
			<_41>-1,0</_41>
			<_42>-1,0</_42>
			<_43>-1,0</_43>
			<_44>-1,0</_44>
			<_45>-1,0</_45>
			<_46>-1,0</_46>
			<_47>-1,0</_47>
			<_48>-1,0</_48>
		</Mods>
		<DoorsOpen>
			<BackLeftDoor>false</BackLeftDoor>
			<BackRightDoor>false</BackRightDoor>
			<FrontLeftDoor>false</FrontLeftDoor>
			<FrontRightDoor>false</FrontRightDoor>
			<Hood>false</Hood>
			<Trunk>false</Trunk>
			<Trunk2>false</Trunk2>
		</DoorsOpen>
		<DoorsBroken>
			<BackLeftDoor>false</BackLeftDoor>
			<BackRightDoor>false</BackRightDoor>
			<FrontLeftDoor>false</FrontLeftDoor>
			<FrontRightDoor>false</FrontRightDoor>
			<Hood>false</Hood>
			<Trunk>false</Trunk>
			<Trunk2>false</Trunk2>
		</DoorsBroken>
		<TyresBursted>
			<FrontLeft>false</FrontLeft>
			<FrontRight>false</FrontRight>
			<_2>false</_2>
			<_3>false</_3>
			<BackLeft>false</BackLeft>
			<BackRight>false</BackRight>
			<_6>false</_6>
			<_7>false</_7>
			<_8>false</_8>
		</TyresBursted>
		<RpmMultiplier>1</RpmMultiplier>
		<TorqueMultiplier>1</TorqueMultiplier>
		<HeadlightIntensity>1</HeadlightIntensity>
	</VehicleProperties>
	<OpacityLevel>255</OpacityLevel>
	<LodDistance>16960</LodDistance>
	<IsVisible>true</IsVisible>
	<IsDriverVisible>true</IsDriverVisible>
	<MaxHealth>1000</MaxHealth>
	<Health>980</Health>
	<HasGravity>true</HasGravity>
	<IsOnFire>false</IsOnFire>
	<IsInvincible>false</IsInvincible>
	<IsBulletProof>false</IsBulletProof>
	<IsExplosionProof>false</IsExplosionProof>
	<IsFireProof>false</IsFireProof>
	<IsMeleeProof>false</IsMeleeProof>
	<IsOnlyDamagedByPlayer>false</IsOnlyDamagedByPlayer>
	<SpoonerAttachments SetAttachmentsPersistentAndAddToSpoonerDatabase="true" StartTaskSequencesOnLoad="true">
		<Attachment>
			<ModelHash>0xf9b8b7a0</ModelHash>
			<Type>3</Type>
			<Dynamic>false</Dynamic>
			<FrozenPos>true</FrozenPos>
			<HashName>prop_rub_buswreck_01</HashName>
			<InitialHandle>37408</InitialHandle>
			<ObjectProperties>
				<TextureVariation>0</TextureVariation>
			</ObjectProperties>
			<OpacityLevel>255</OpacityLevel>
			<LodDistance>16960</LodDistance>
			<IsVisible>true</IsVisible>
			<MaxHealth>1000</MaxHealth>
			<Health>1000</Health>
			<HasGravity>true</HasGravity>
			<IsOnFire>false</IsOnFire>
			<IsInvincible>false</IsInvincible>
			<IsBulletProof>false</IsBulletProof>
			<IsCollisionProof>true</IsCollisionProof>
			<IsExplosionProof>false</IsExplosionProof>
			<IsFireProof>false</IsFireProof>
			<IsMeleeProof>false</IsMeleeProof>
			<IsOnlyDamagedByPlayer>false</IsOnlyDamagedByPlayer>
			<PositionRotation>
				<X>1592.54468</X>
				<Y>3218.448</Y>
				<Z>39.7683678</Z>
				<Pitch>0.0711569563</Pitch>
				<Roll>-0.211132824</Roll>
				<Yaw>-78.442276</Yaw>
			</PositionRotation>
			<Attachment isAttached="true">
				<AttachedTo>613441</AttachedTo>
				<BoneIndex>0</BoneIndex>
				<X>0</X>
				<Y>-1.30000007</Y>
				<Z>-0.899999976</Z>
				<Pitch>0</Pitch>
				<Roll>0</Roll>
				<Yaw>179.999985</Yaw>
			</Attachment>
		</Attachment>
		<Attachment>
			<ModelHash>0x423fc8ad</ModelHash>
			<Type>3</Type>
			<Dynamic>false</Dynamic>
			<FrozenPos>true</FrozenPos>
			<HashName>prop_rub_buswreck_03</HashName>
			<InitialHandle>5920</InitialHandle>
			<ObjectProperties>
				<TextureVariation>0</TextureVariation>
			</ObjectProperties>
			<OpacityLevel>255</OpacityLevel>
			<LodDistance>16960</LodDistance>
			<IsVisible>true</IsVisible>
			<MaxHealth>1000</MaxHealth>
			<Health>1000</Health>
			<HasGravity>true</HasGravity>
			<IsOnFire>false</IsOnFire>
			<IsInvincible>false</IsInvincible>
			<IsBulletProof>false</IsBulletProof>
			<IsCollisionProof>true</IsCollisionProof>
			<IsExplosionProof>false</IsExplosionProof>
			<IsFireProof>false</IsFireProof>
			<IsMeleeProof>false</IsMeleeProof>
			<IsOnlyDamagedByPlayer>false</IsOnlyDamagedByPlayer>
			<PositionRotation>
				<X>1592.05505</X>
				<Y>3218.34766</Y>
				<Z>39.6677475</Z>
				<Pitch>0.0711569563</Pitch>
				<Roll>-0.211132824</Roll>
				<Yaw>-78.442276</Yaw>
			</PositionRotation>
			<Attachment isAttached="true">
				<AttachedTo>613441</AttachedTo>
				<BoneIndex>0</BoneIndex>
				<X>0</X>
				<Y>-0.799999952</Y>
				<Z>-1</Z>
				<Pitch>0</Pitch>
				<Roll>0</Roll>
				<Yaw>179.999985</Yaw>
			</Attachment>
		</Attachment>
		<Attachment>
			<ModelHash>0x4d016b55</ModelHash>
			<Type>3</Type>
			<Dynamic>false</Dynamic>
			<FrozenPos>true</FrozenPos>
			<HashName>prop_snow_diggerbkt_01</HashName>
			<InitialHandle>277579</InitialHandle>
			<ObjectProperties>
				<TextureVariation>0</TextureVariation>
			</ObjectProperties>
			<OpacityLevel>255</OpacityLevel>
			<LodDistance>16960</LodDistance>
			<IsVisible>true</IsVisible>
			<MaxHealth>1000</MaxHealth>
			<Health>1000</Health>
			<HasGravity>true</HasGravity>
			<IsOnFire>false</IsOnFire>
			<IsInvincible>false</IsInvincible>
			<IsBulletProof>false</IsBulletProof>
			<IsCollisionProof>false</IsCollisionProof>
			<IsExplosionProof>false</IsExplosionProof>
			<IsFireProof>false</IsFireProof>
			<IsMeleeProof>false</IsMeleeProof>
			<IsOnlyDamagedByPlayer>false</IsOnlyDamagedByPlayer>
			<PositionRotation>
				<X>1587.15601</X>
				<Y>3217.34644</Y>
				<Z>39.8615379</Z>
				<Pitch>-0.0711568668</Pitch>
				<Roll>0.211132869</Roll>
				<Yaw>101.557739</Yaw>
			</PositionRotation>
			<Attachment isAttached="true">
				<AttachedTo>613441</AttachedTo>
				<BoneIndex>0</BoneIndex>
				<X>0</X>
				<Y>4.19999838</Y>
				<Z>-0.799999952</Z>
				<Pitch>0</Pitch>
				<Roll>0</Roll>
				<Yaw>0</Yaw>
			</Attachment>
		</Attachment>
		<Attachment>
			<ModelHash>0xee8c528f</ModelHash>
			<Type>3</Type>
			<Dynamic>false</Dynamic>
			<FrozenPos>true</FrozenPos>
			<HashName>prop_rail_buffer_02</HashName>
			<InitialHandle>400978</InitialHandle>
			<ObjectProperties>
				<TextureVariation>0</TextureVariation>
			</ObjectProperties>
			<OpacityLevel>255</OpacityLevel>
			<LodDistance>16960</LodDistance>
			<IsVisible>true</IsVisible>
			<MaxHealth>1000</MaxHealth>
			<Health>1000</Health>
			<HasGravity>true</HasGravity>
			<IsOnFire>false</IsOnFire>
			<IsInvincible>false</IsInvincible>
			<IsBulletProof>false</IsBulletProof>
			<IsCollisionProof>true</IsCollisionProof>
			<IsExplosionProof>false</IsExplosionProof>
			<IsFireProof>false</IsFireProof>
			<IsMeleeProof>false</IsMeleeProof>
			<IsOnlyDamagedByPlayer>false</IsOnlyDamagedByPlayer>
			<PositionRotation>
				<X>1588.96716</X>
				<Y>3217.73389</Y>
				<Z>41.0939445</Z>
				<Pitch>-0.131222486</Pitch>
				<Roll>-0.278737724</Roll>
				<Yaw>12.5153761</Yaw>
			</PositionRotation>
			<Attachment isAttached="true">
				<AttachedTo>613441</AttachedTo>
				<BoneIndex>0</BoneIndex>
				<X>0.0122181773</X>
				<Y>2.34646153</Y>
				<Z>0.430160761</Z>
				<Pitch>0.0810701847</Pitch>
				<Roll>-0.21111986</Roll>
				<Yaw>-89.0421982</Yaw>
			</Attachment>
		</Attachment>
		<Attachment>
			<ModelHash>0xee8c528f</ModelHash>
			<Type>3</Type>
			<Dynamic>false</Dynamic>
			<FrozenPos>true</FrozenPos>
			<HashName>prop_rail_buffer_02</HashName>
			<InitialHandle>161622</InitialHandle>
			<ObjectProperties>
				<TextureVariation>0</TextureVariation>
			</ObjectProperties>
			<OpacityLevel>255</OpacityLevel>
			<LodDistance>16960</LodDistance>
			<IsVisible>true</IsVisible>
			<MaxHealth>1000</MaxHealth>
			<Health>1000</Health>
			<HasGravity>true</HasGravity>
			<IsOnFire>false</IsOnFire>
			<IsInvincible>false</IsInvincible>
			<IsBulletProof>false</IsBulletProof>
			<IsCollisionProof>true</IsCollisionProof>
			<IsExplosionProof>false</IsExplosionProof>
			<IsFireProof>false</IsFireProof>
			<IsMeleeProof>false</IsMeleeProof>
			<IsOnlyDamagedByPlayer>false</IsOnlyDamagedByPlayer>
			<PositionRotation>
				<X>1595.44275</X>
				<Y>3218.98242</Y>
				<Z>39.5008926</Z>
				<Pitch>-0.0417756774</Pitch>
				<Roll>0.0253645331</Roll>
				<Yaw>15.1085215</Yaw>
			</PositionRotation>
			<Attachment isAttached="true">
				<AttachedTo>613441</AttachedTo>
				<BoneIndex>0</BoneIndex>
				<X>-0.0562143624</X>
				<Y>-4.24600601</Y>
				<Z>-1.17134452</Z>
				<Pitch>0.173358798</Pitch>
				<Roll>0.0833083764</Roll>
				<Yaw>-86.4491425</Yaw>
			</Attachment>
		</Attachment>
		<Attachment>
			<ModelHash>0xa692bac0</ModelHash>
			<Type>3</Type>
			<Dynamic>false</Dynamic>
			<FrozenPos>true</FrozenPos>
			<HashName>prop_roofvent_09a</HashName>
			<InitialHandle>297048</InitialHandle>
			<ObjectProperties>
				<TextureVariation>0</TextureVariation>
			</ObjectProperties>
			<OpacityLevel>255</OpacityLevel>
			<LodDistance>16960</LodDistance>
			<IsVisible>true</IsVisible>
			<MaxHealth>1000</MaxHealth>
			<Health>1000</Health>
			<HasGravity>true</HasGravity>
			<IsOnFire>false</IsOnFire>
			<IsInvincible>false</IsInvincible>
			<IsBulletProof>false</IsBulletProof>
			<IsCollisionProof>true</IsCollisionProof>
			<IsExplosionProof>false</IsExplosionProof>
			<IsFireProof>false</IsFireProof>
			<IsMeleeProof>false</IsMeleeProof>
			<IsOnlyDamagedByPlayer>false</IsOnlyDamagedByPlayer>
			<PositionRotation>
				<X>1590.04541</X>
				<Y>3216.47559</Y>
				<Z>42.1238174</Z>
				<Pitch>0.0840321258</Pitch>
				<Roll>0.287419409</Roll>
				<Yaw>96.5464478</Yaw>
			</PositionRotation>
			<Attachment isAttached="true">
				<AttachedTo>613441</AttachedTo>
				<BoneIndex>0</BoneIndex>
				<X>-1.44057441</X>
				<Y>1.54092896</Y>
				<Z>1.45368695</Z>
				<Pitch>0.173358798</Pitch>
				<Roll>0.0833083764</Roll>
				<Yaw>-5.01070404</Yaw>
			</Attachment>
		</Attachment>
		<Attachment>
			<ModelHash>0x5376930c</ModelHash>
			<Type>3</Type>
			<Dynamic>false</Dynamic>
			<FrozenPos>true</FrozenPos>
			<HashName>prop_spot_01</HashName>
			<InitialHandle>560472</InitialHandle>
			<ObjectProperties>
				<TextureVariation>0</TextureVariation>
			</ObjectProperties>
			<OpacityLevel>255</OpacityLevel>
			<LodDistance>16960</LodDistance>
			<IsVisible>true</IsVisible>
			<MaxHealth>1000</MaxHealth>
			<Health>1000</Health>
			<HasGravity>true</HasGravity>
			<IsOnFire>false</IsOnFire>
			<IsInvincible>false</IsInvincible>
			<IsBulletProof>false</IsBulletProof>
			<IsCollisionProof>true</IsCollisionProof>
			<IsExplosionProof>false</IsExplosionProof>
			<IsFireProof>false</IsFireProof>
			<IsMeleeProof>false</IsMeleeProof>
			<IsOnlyDamagedByPlayer>false</IsOnlyDamagedByPlayer>
			<PositionRotation>
				<X>1589.77515</X>
				<Y>3216.84668</Y>
				<Z>42.805378</Z>
				<Pitch>0.26172021</Pitch>
				<Roll>-0.121223368</Roll>
				<Yaw>-83.1822205</Yaw>
			</PositionRotation>
			<Attachment isAttached="true">
				<AttachedTo>613441</AttachedTo>
				<BoneIndex>0</BoneIndex>
				<X>-1.02536678</X>
				<Y>1.73047268</Y>
				<Z>2.1370163</Z>
				<Pitch>0.173358798</Pitch>
				<Roll>0.0833083764</Roll>
				<Yaw>175.259384</Yaw>
			</Attachment>
		</Attachment>
		<Attachment>
			<ModelHash>0x5376930c</ModelHash>
			<Type>3</Type>
			<Dynamic>false</Dynamic>
			<FrozenPos>true</FrozenPos>
			<HashName>prop_spot_01</HashName>
			<InitialHandle>363098</InitialHandle>
			<ObjectProperties>
				<TextureVariation>0</TextureVariation>
			</ObjectProperties>
			<OpacityLevel>255</OpacityLevel>
			<LodDistance>16960</LodDistance>
			<IsVisible>true</IsVisible>
			<MaxHealth>1000</MaxHealth>
			<Health>1000</Health>
			<HasGravity>true</HasGravity>
			<IsOnFire>false</IsOnFire>
			<IsInvincible>false</IsInvincible>
			<IsBulletProof>false</IsBulletProof>
			<IsCollisionProof>true</IsCollisionProof>
			<IsExplosionProof>false</IsExplosionProof>
			<IsFireProof>false</IsFireProof>
			<IsMeleeProof>false</IsMeleeProof>
			<IsOnlyDamagedByPlayer>false</IsOnlyDamagedByPlayer>
			<PositionRotation>
				<X>1590.70044</X>
				<Y>3216.91479</Y>
				<Z>42.7633781</Z>
				<Pitch>-0.0423701443</Pitch>
				<Roll>0.0276184734</Roll>
				<Yaw>15.7079897</Yaw>
			</PositionRotation>
			<Attachment isAttached="true">
				<AttachedTo>613441</AttachedTo>
				<BoneIndex>0</BoneIndex>
				<X>-1.1438545</X>
				<Y>0.810311675</Y>
				<Z>2.09343553</Z>
				<Pitch>0.173358798</Pitch>
				<Roll>0.0833083764</Roll>
				<Yaw>-85.8497009</Yaw>
			</Attachment>
		</Attachment>
		<Attachment>
			<ModelHash>0x5376930c</ModelHash>
			<Type>3</Type>
			<Dynamic>false</Dynamic>
			<FrozenPos>true</FrozenPos>
			<HashName>prop_spot_01</HashName>
			<InitialHandle>351835</InitialHandle>
			<ObjectProperties>
				<TextureVariation>0</TextureVariation>
			</ObjectProperties>
			<OpacityLevel>255</OpacityLevel>
			<LodDistance>16960</LodDistance>
			<IsVisible>true</IsVisible>
			<MaxHealth>1000</MaxHealth>
			<Health>1000</Health>
			<HasGravity>true</HasGravity>
			<IsOnFire>false</IsOnFire>
			<IsInvincible>false</IsInvincible>
			<IsBulletProof>false</IsBulletProof>
			<IsCollisionProof>true</IsCollisionProof>
			<IsExplosionProof>false</IsExplosionProof>
			<IsFireProof>false</IsFireProof>
			<IsMeleeProof>false</IsMeleeProof>
			<IsOnlyDamagedByPlayer>false</IsOnlyDamagedByPlayer>
			<PositionRotation>
				<X>1595.14917</X>
				<Y>3217.62061</Y>
				<Z>42.8697014</Z>
				<Pitch>-0.0423701443</Pitch>
				<Roll>0.0276184734</Roll>
				<Yaw>15.7079897</Yaw>
			</PositionRotation>
			<Attachment isAttached="true">
				<AttachedTo>613441</AttachedTo>
				<BoneIndex>0</BoneIndex>
				<X>-1.34385455</X>
				<Y>-3.68968725</Y>
				<Z>2.19343543</Z>
				<Pitch>0.173358798</Pitch>
				<Roll>0.0833083764</Roll>
				<Yaw>-85.8497009</Yaw>
			</Attachment>
		</Attachment>
		<Attachment>
			<ModelHash>0x5376930c</ModelHash>
			<Type>3</Type>
			<Dynamic>false</Dynamic>
			<FrozenPos>true</FrozenPos>
			<HashName>prop_spot_01</HashName>
			<InitialHandle>306012</InitialHandle>
			<ObjectProperties>
				<TextureVariation>0</TextureVariation>
			</ObjectProperties>
			<OpacityLevel>255</OpacityLevel>
			<LodDistance>16960</LodDistance>
			<IsVisible>true</IsVisible>
			<MaxHealth>1000</MaxHealth>
			<Health>1000</Health>
			<HasGravity>true</HasGravity>
			<IsOnFire>false</IsOnFire>
			<IsInvincible>false</IsInvincible>
			<IsBulletProof>false</IsBulletProof>
			<IsCollisionProof>true</IsCollisionProof>
			<IsExplosionProof>false</IsExplosionProof>
			<IsFireProof>false</IsFireProof>
			<IsMeleeProof>false</IsMeleeProof>
			<IsOnlyDamagedByPlayer>false</IsOnlyDamagedByPlayer>
			<PositionRotation>
				<X>1589.37427</X>
				<Y>3218.8064</Y>
				<Z>42.8980064</Z>
				<Pitch>0.26172021</Pitch>
				<Roll>-0.121223368</Roll>
				<Yaw>-83.1822205</Yaw>
			</PositionRotation>
			<Attachment isAttached="true">
				<AttachedTo>613441</AttachedTo>
				<BoneIndex>0</BoneIndex>
				<X>0.974633336</X>
				<Y>1.73047268</Y>
				<Z>2.2370162</Z>
				<Pitch>0.173358798</Pitch>
				<Roll>0.0833083764</Roll>
				<Yaw>175.259384</Yaw>
			</Attachment>
		</Attachment>
		<Attachment>
			<ModelHash>0x5376930c</ModelHash>
			<Type>3</Type>
			<Dynamic>false</Dynamic>
			<FrozenPos>true</FrozenPos>
			<HashName>prop_spot_01</HashName>
			<InitialHandle>334686</InitialHandle>
			<ObjectProperties>
				<TextureVariation>0</TextureVariation>
			</ObjectProperties>
			<OpacityLevel>255</OpacityLevel>
			<LodDistance>16960</LodDistance>
			<IsVisible>true</IsVisible>
			<MaxHealth>1000</MaxHealth>
			<Health>1000</Health>
			<HasGravity>true</HasGravity>
			<IsOnFire>false</IsOnFire>
			<IsInvincible>false</IsInvincible>
			<IsBulletProof>false</IsBulletProof>
			<IsCollisionProof>true</IsCollisionProof>
			<IsExplosionProof>false</IsExplosionProof>
			<IsFireProof>false</IsFireProof>
			<IsMeleeProof>false</IsMeleeProof>
			<IsOnlyDamagedByPlayer>false</IsOnlyDamagedByPlayer>
			<PositionRotation>
				<X>1594.91443</X>
				<Y>3220.15381</Y>
				<Z>42.8184357</Z>
				<Pitch>0.386561632</Pitch>
				<Roll>0.148000225</Roll>
				<Yaw>-166.696564</Yaw>
			</PositionRotation>
			<Attachment isAttached="true">
				<AttachedTo>613441</AttachedTo>
				<BoneIndex>0</BoneIndex>
				<X>1.18509948</X>
				<Y>-3.96723795</Y>
				<Z>2.15114307</Z>
				<Pitch>0.173358798</Pitch>
				<Roll>0.0833083764</Roll>
				<Yaw>91.7461319</Yaw>
			</Attachment>
		</Attachment>
		<Attachment>
			<ModelHash>0x5376930c</ModelHash>
			<Type>3</Type>
			<Dynamic>false</Dynamic>
			<FrozenPos>true</FrozenPos>
			<HashName>prop_spot_01</HashName>
			<InitialHandle>711005</InitialHandle>
			<ObjectProperties>
				<TextureVariation>0</TextureVariation>
			</ObjectProperties>
			<OpacityLevel>255</OpacityLevel>
			<LodDistance>16960</LodDistance>
			<IsVisible>true</IsVisible>
			<MaxHealth>1000</MaxHealth>
			<Health>1000</Health>
			<HasGravity>true</HasGravity>
			<IsOnFire>false</IsOnFire>
			<IsInvincible>false</IsInvincible>
			<IsBulletProof>false</IsBulletProof>
			<IsCollisionProof>true</IsCollisionProof>
			<IsExplosionProof>false</IsExplosionProof>
			<IsFireProof>false</IsFireProof>
			<IsMeleeProof>false</IsMeleeProof>
			<IsOnlyDamagedByPlayer>false</IsOnlyDamagedByPlayer>
			<PositionRotation>
				<X>1590.40771</X>
				<Y>3219.23218</Y>
				<Z>42.8127213</Z>
				<Pitch>0.386561632</Pitch>
				<Roll>0.148000225</Roll>
				<Yaw>-166.696564</Yaw>
			</PositionRotation>
			<Attachment isAttached="true">
				<AttachedTo>613441</AttachedTo>
				<BoneIndex>0</BoneIndex>
				<X>1.18509948</X>
				<Y>0.632760525</Y>
				<Z>2.15114307</Z>
				<Pitch>0.173358798</Pitch>
				<Roll>0.0833083764</Roll>
				<Yaw>91.7461319</Yaw>
			</Attachment>
		</Attachment>
		<Attachment>
			<ModelHash>0x3e1ba8b1</ModelHash>
			<Type>3</Type>
			<Dynamic>false</Dynamic>
			<FrozenPos>true</FrozenPos>
			<HashName>prop_fnccorgm_01b</HashName>
			<InitialHandle>445536</InitialHandle>
			<ObjectProperties>
				<TextureVariation>0</TextureVariation>
			</ObjectProperties>
			<OpacityLevel>255</OpacityLevel>
			<LodDistance>16960</LodDistance>
			<IsVisible>true</IsVisible>
			<MaxHealth>1000</MaxHealth>
			<Health>1000</Health>
			<HasGravity>true</HasGravity>
			<IsOnFire>false</IsOnFire>
			<IsInvincible>false</IsInvincible>
			<IsBulletProof>false</IsBulletProof>
			<IsCollisionProof>false</IsCollisionProof>
			<IsExplosionProof>false</IsExplosionProof>
			<IsFireProof>false</IsFireProof>
			<IsMeleeProof>false</IsMeleeProof>
			<IsOnlyDamagedByPlayer>false</IsOnlyDamagedByPlayer>
			<PositionRotation>
				<X>1593.12134</X>
				<Y>3220.20044</Y>
				<Z>39.5670738</Z>
				<Pitch>0.74655205</Pitch>
				<Roll>-1.45564032</Roll>
				<Yaw>-170.511017</Yaw>
			</PositionRotation>
			<Attachment isAttached="true">
				<AttachedTo>613441</AttachedTo>
				<BoneIndex>0</BoneIndex>
				<X>1.60199738</X>
				<Y>-2.21584821</Y>
				<Z>-1.09653258</Z>
				<Pitch>0.538124681</Pitch>
				<Roll>-1.53437531</Roll>
				<Yaw>87.9322357</Yaw>
			</Attachment>
		</Attachment>
		<Attachment>
			<ModelHash>0x1f5a3957</ModelHash>
			<Type>3</Type>
			<Dynamic>false</Dynamic>
			<FrozenPos>true</FrozenPos>
			<HashName>prop_fnclink_01gate1</HashName>
			<InitialHandle>325979</InitialHandle>
			<ObjectProperties>
				<TextureVariation>0</TextureVariation>
			</ObjectProperties>
			<OpacityLevel>255</OpacityLevel>
			<LodDistance>16960</LodDistance>
			<IsVisible>true</IsVisible>
			<MaxHealth>1000</MaxHealth>
			<Health>1000</Health>
			<HasGravity>true</HasGravity>
			<IsOnFire>false</IsOnFire>
			<IsInvincible>false</IsInvincible>
			<IsBulletProof>false</IsBulletProof>
			<IsCollisionProof>true</IsCollisionProof>
			<IsExplosionProof>false</IsExplosionProof>
			<IsFireProof>false</IsFireProof>
			<IsMeleeProof>false</IsMeleeProof>
			<IsOnlyDamagedByPlayer>false</IsOnlyDamagedByPlayer>
			<PositionRotation>
				<X>1588.23267</X>
				<Y>3218.83691</Y>
				<Z>40.2191849</Z>
				<Pitch>0.109488688</Pitch>
				<Roll>-0.718743265</Roll>
				<Yaw>-158.354874</Yaw>
			</PositionRotation>
			<Attachment isAttached="true">
				<AttachedTo>613441</AttachedTo>
				<BoneIndex>0</BoneIndex>
				<X>1.24313891</X>
				<Y>2.84609842</Y>
				<Z>-0.439452797</Z>
				<Pitch>-0.110843569</Pitch>
				<Roll>-0.751819968</Roll>
				<Yaw>100.087502</Yaw>
			</Attachment>
		</Attachment>
		<Attachment>
			<ModelHash>0xd08cc8ce</ModelHash>
			<Type>3</Type>
			<Dynamic>false</Dynamic>
			<FrozenPos>true</FrozenPos>
			<HashName>prop_fnclink_04m</HashName>
			<InitialHandle>173398</InitialHandle>
			<ObjectProperties>
				<TextureVariation>0</TextureVariation>
			</ObjectProperties>
			<OpacityLevel>255</OpacityLevel>
			<LodDistance>16960</LodDistance>
			<IsVisible>true</IsVisible>
			<MaxHealth>1000</MaxHealth>
			<Health>1000</Health>
			<HasGravity>true</HasGravity>
			<IsOnFire>false</IsOnFire>
			<IsInvincible>false</IsInvincible>
			<IsBulletProof>false</IsBulletProof>
			<IsCollisionProof>false</IsCollisionProof>
			<IsExplosionProof>false</IsExplosionProof>
			<IsFireProof>false</IsFireProof>
			<IsMeleeProof>false</IsMeleeProof>
			<IsOnlyDamagedByPlayer>false</IsOnlyDamagedByPlayer>
			<PositionRotation>
				<X>1596.15222</X>
				<Y>3218.1001</Y>
				<Z>40.0818367</Z>
				<Pitch>-0.193148062</Pitch>
				<Roll>-0.538555801</Roll>
				<Yaw>101.604561</Yaw>
			</PositionRotation>
			<Attachment isAttached="true">
				<AttachedTo>613441</AttachedTo>
				<BoneIndex>0</BoneIndex>
				<X>-1.06479192</X>
				<Y>-4.76509428</Y>
				<Z>-0.59475565</Z>
				<Pitch>-0.122162983</Pitch>
				<Roll>-0.749747217</Roll>
				<Yaw>0.0463748872</Yaw>
			</Attachment>
		</Attachment>
		<Attachment>
			<ModelHash>0x1f5a3957</ModelHash>
			<Type>3</Type>
			<Dynamic>false</Dynamic>
			<FrozenPos>true</FrozenPos>
			<HashName>prop_fnclink_01gate1</HashName>
			<InitialHandle>131168</InitialHandle>
			<ObjectProperties>
				<TextureVariation>0</TextureVariation>
			</ObjectProperties>
			<OpacityLevel>255</OpacityLevel>
			<LodDistance>16960</LodDistance>
			<IsVisible>true</IsVisible>
			<MaxHealth>1000</MaxHealth>
			<Health>1000</Health>
			<HasGravity>true</HasGravity>
			<IsOnFire>false</IsOnFire>
			<IsInvincible>false</IsInvincible>
			<IsBulletProof>false</IsBulletProof>
			<IsCollisionProof>true</IsCollisionProof>
			<IsExplosionProof>false</IsExplosionProof>
			<IsFireProof>false</IsFireProof>
			<IsMeleeProof>false</IsMeleeProof>
			<IsOnlyDamagedByPlayer>false</IsOnlyDamagedByPlayer>
			<PositionRotation>
				<X>1588.77368</X>
				<Y>3216.19165</Y>
				<Z>40.2291336</Z>
				<Pitch>0.103815421</Pitch>
				<Roll>-0.692138016</Roll>
				<Yaw>-165.354889</Yaw>
			</PositionRotation>
			<Attachment isAttached="true">
				<AttachedTo>613441</AttachedTo>
				<BoneIndex>0</BoneIndex>
				<X>-1.45686138</X>
				<Y>2.84609842</Y>
				<Z>-0.439452797</Z>
				<Pitch>-0.110843569</Pitch>
				<Roll>-0.751819968</Roll>
				<Yaw>93.0875015</Yaw>
			</Attachment>
		</Attachment>
		<Attachment>
			<ModelHash>0x3e1ba8b1</ModelHash>
			<Type>3</Type>
			<Dynamic>false</Dynamic>
			<FrozenPos>true</FrozenPos>
			<HashName>prop_fnccorgm_01b</HashName>
			<InitialHandle>404070</InitialHandle>
			<ObjectProperties>
				<TextureVariation>0</TextureVariation>
			</ObjectProperties>
			<OpacityLevel>255</OpacityLevel>
			<LodDistance>16960</LodDistance>
			<IsVisible>true</IsVisible>
			<MaxHealth>1000</MaxHealth>
			<Health>1000</Health>
			<HasGravity>true</HasGravity>
			<IsOnFire>false</IsOnFire>
			<IsInvincible>false</IsInvincible>
			<IsBulletProof>false</IsBulletProof>
			<IsCollisionProof>false</IsCollisionProof>
			<IsExplosionProof>false</IsExplosionProof>
			<IsFireProof>false</IsFireProof>
			<IsMeleeProof>false</IsMeleeProof>
			<IsOnlyDamagedByPlayer>false</IsOnlyDamagedByPlayer>
			<PositionRotation>
				<X>1591.41113</X>
				<Y>3216.58447</Y>
				<Z>39.575882</Z>
				<Pitch>0.329696268</Pitch>
				<Roll>-1.61310554</Roll>
				<Yaw>9.49045849</Yaw>
			</PositionRotation>
			<Attachment isAttached="true">
				<AttachedTo>613441</AttachedTo>
				<BoneIndex>0</BoneIndex>
				<X>-1.59800303</X>
				<Y>0.184152156</Y>
				<Z>-1.09653258</Z>
				<Pitch>0.538124681</Pitch>
				<Roll>-1.53437531</Roll>
				<Yaw>-92.0677643</Yaw>
			</Attachment>
		</Attachment>
		<Attachment>
			<ModelHash>0xc89630b8</ModelHash>
			<Type>3</Type>
			<Dynamic>false</Dynamic>
			<FrozenPos>true</FrozenPos>
			<HashName>prop_minigun_01</HashName>
			<InitialHandle>379237</InitialHandle>
			<ObjectProperties>
				<TextureVariation>0</TextureVariation>
			</ObjectProperties>
			<OpacityLevel>255</OpacityLevel>
			<LodDistance>16960</LodDistance>
			<IsVisible>true</IsVisible>
			<MaxHealth>1000</MaxHealth>
			<Health>1000</Health>
			<HasGravity>true</HasGravity>
			<IsOnFire>false</IsOnFire>
			<IsInvincible>false</IsInvincible>
			<IsBulletProof>false</IsBulletProof>
			<IsCollisionProof>true</IsCollisionProof>
			<IsExplosionProof>false</IsExplosionProof>
			<IsFireProof>false</IsFireProof>
			<IsMeleeProof>false</IsMeleeProof>
			<IsOnlyDamagedByPlayer>false</IsOnlyDamagedByPlayer>
			<PositionRotation>
				<X>1589.00269</X>
				<Y>3218.73608</Y>
				<Z>41.3541451</Z>
				<Pitch>-0.849622965</Pitch>
				<Roll>-0.256661862</Roll>
				<Yaw>-171.489319</Yaw>
			</PositionRotation>
			<Attachment isAttached="true">
				<AttachedTo>613441</AttachedTo>
				<BoneIndex>0</BoneIndex>
				<X>0.985825181</X>
				<Y>2.11049271</Y>
				<Z>0.693656564</Z>
				<Pitch>-1.05667353</Pitch>
				<Roll>-0.338954598</Roll>
				<Yaw>86.9516907</Yaw>
			</Attachment>
		</Attachment>
		<Attachment>
			<ModelHash>0xc89630b8</ModelHash>
			<Type>3</Type>
			<Dynamic>false</Dynamic>
			<FrozenPos>true</FrozenPos>
			<HashName>prop_minigun_01</HashName>
			<InitialHandle>566381</InitialHandle>
			<ObjectProperties>
				<TextureVariation>0</TextureVariation>
			</ObjectProperties>
			<OpacityLevel>255</OpacityLevel>
			<LodDistance>16960</LodDistance>
			<IsVisible>true</IsVisible>
			<MaxHealth>1000</MaxHealth>
			<Health>1000</Health>
			<HasGravity>true</HasGravity>
			<IsOnFire>false</IsOnFire>
			<IsInvincible>false</IsInvincible>
			<IsBulletProof>false</IsBulletProof>
			<IsCollisionProof>true</IsCollisionProof>
			<IsExplosionProof>false</IsExplosionProof>
			<IsFireProof>false</IsFireProof>
			<IsMeleeProof>false</IsMeleeProof>
			<IsOnlyDamagedByPlayer>false</IsOnlyDamagedByPlayer>
			<PositionRotation>
				<X>1589.40344</X>
				<Y>3216.77661</Y>
				<Z>41.361515</Z>
				<Pitch>-0.849622965</Pitch>
				<Roll>-0.256661862</Roll>
				<Yaw>-171.489319</Yaw>
			</PositionRotation>
			<Attachment isAttached="true">
				<AttachedTo>613441</AttachedTo>
				<BoneIndex>0</BoneIndex>
				<X>-1.01417482</X>
				<Y>2.11049271</Y>
				<Z>0.693656564</Z>
				<Pitch>-1.05667353</Pitch>
				<Roll>-0.338954598</Roll>
				<Yaw>86.9516907</Yaw>
			</Attachment>
		</Attachment>
		<Attachment>
			<ModelHash>0x40e01bc1</ModelHash>
			<Type>3</Type>
			<Dynamic>false</Dynamic>
			<FrozenPos>true</FrozenPos>
			<HashName>hei_prop_wall_alarm_on</HashName>
			<InitialHandle>579187</InitialHandle>
			<ObjectProperties>
				<TextureVariation>0</TextureVariation>
			</ObjectProperties>
			<OpacityLevel>255</OpacityLevel>
			<LodDistance>16960</LodDistance>
			<IsVisible>true</IsVisible>
			<MaxHealth>1000</MaxHealth>
			<Health>1000</Health>
			<HasGravity>true</HasGravity>
			<IsOnFire>false</IsOnFire>
			<IsInvincible>false</IsInvincible>
			<IsBulletProof>false</IsBulletProof>
			<IsCollisionProof>true</IsCollisionProof>
			<IsExplosionProof>false</IsExplosionProof>
			<IsFireProof>false</IsFireProof>
			<IsMeleeProof>false</IsMeleeProof>
			<IsOnlyDamagedByPlayer>false</IsOnlyDamagedByPlayer>
			<PositionRotation>
				<X>1596.21985</X>
				<Y>3218.16553</Y>
				<Z>42.1789322</Z>
				<Pitch>0.0177140683</Pitch>
				<Roll>-0.0231736116</Roll>
				<Yaw>105.090981</Yaw>
			</PositionRotation>
			<Attachment isAttached="true">
				<AttachedTo>613441</AttachedTo>
				<BoneIndex>0</BoneIndex>
				<X>-1.02206969</X>
				<Y>-4.84697866</Y>
				<Z>1.50240767</Z>
				<Pitch>0.0757234693</Pitch>
				<Roll>-0.238290504</Roll>
				<Yaw>3.53354645</Yaw>
			</Attachment>
		</Attachment>
		<Attachment>
			<ModelHash>0x40e01bc1</ModelHash>
			<Type>3</Type>
			<Dynamic>false</Dynamic>
			<FrozenPos>true</FrozenPos>
			<HashName>hei_prop_wall_alarm_on</HashName>
			<InitialHandle>264052</InitialHandle>
			<ObjectProperties>
				<TextureVariation>0</TextureVariation>
			</ObjectProperties>
			<OpacityLevel>255</OpacityLevel>
			<LodDistance>16960</LodDistance>
			<IsVisible>true</IsVisible>
			<MaxHealth>1000</MaxHealth>
			<Health>1000</Health>
			<HasGravity>true</HasGravity>
			<IsOnFire>false</IsOnFire>
			<IsInvincible>false</IsInvincible>
			<IsBulletProof>false</IsBulletProof>
			<IsCollisionProof>true</IsCollisionProof>
			<IsExplosionProof>false</IsExplosionProof>
			<IsFireProof>false</IsFireProof>
			<IsMeleeProof>false</IsMeleeProof>
			<IsOnlyDamagedByPlayer>false</IsOnlyDamagedByPlayer>
			<PositionRotation>
				<X>1595.83752</X>
				<Y>3220.02734</Y>
				<Z>42.1874161</Z>
				<Pitch>0.0177140683</Pitch>
				<Roll>-0.0231736116</Roll>
				<Yaw>105.090981</Yaw>
			</PositionRotation>
			<Attachment isAttached="true">
				<AttachedTo>613441</AttachedTo>
				<BoneIndex>0</BoneIndex>
				<X>0.878566682</X>
				<Y>-4.84542608</Y>
				<Z>1.5178982</Z>
				<Pitch>0.0757234693</Pitch>
				<Roll>-0.238290504</Roll>
				<Yaw>3.53354645</Yaw>
			</Attachment>
		</Attachment>
		<Attachment>
			<ModelHash>0x9e5fffcb</ModelHash>
			<Type>3</Type>
			<Dynamic>false</Dynamic>
			<FrozenPos>true</FrozenPos>
			<HashName>prop_ld_alarm_01_dam</HashName>
			<InitialHandle>94581</InitialHandle>
			<ObjectProperties>
				<TextureVariation>0</TextureVariation>
			</ObjectProperties>
			<OpacityLevel>255</OpacityLevel>
			<LodDistance>16960</LodDistance>
			<IsVisible>true</IsVisible>
			<MaxHealth>1000</MaxHealth>
			<Health>1000</Health>
			<HasGravity>true</HasGravity>
			<IsOnFire>false</IsOnFire>
			<IsInvincible>false</IsInvincible>
			<IsBulletProof>false</IsBulletProof>
			<IsCollisionProof>true</IsCollisionProof>
			<IsExplosionProof>false</IsExplosionProof>
			<IsFireProof>false</IsFireProof>
			<IsMeleeProof>false</IsMeleeProof>
			<IsOnlyDamagedByPlayer>false</IsOnlyDamagedByPlayer>
			<PositionRotation>
				<X>1595.82434</X>
				<Y>3219.10767</Y>
				<Z>41.7265053</Z>
				<Pitch>0.0361052305</Pitch>
				<Roll>-0.0190400127</Roll>
				<Yaw>109.939865</Yaw>
			</PositionRotation>
			<Attachment isAttached="true">
				<AttachedTo>613441</AttachedTo>
				<BoneIndex>0</BoneIndex>
				<X>-0.0182022825</X>
				<Y>-4.64765596</Y>
				<Z>1.05392563</Z>
				<Pitch>0.0757234693</Pitch>
				<Roll>-0.238290504</Roll>
				<Yaw>8.38247681</Yaw>
			</Attachment>
		</Attachment>
		<Attachment>
			<ModelHash>0x45348dbb</ModelHash>
			<Type>1</Type>
			<Dynamic>false</Dynamic>
			<FrozenPos>true</FrozenPos>
			<HashName>Ex-Army Male</HashName>
			<InitialHandle>380795</InitialHandle>
			<TaskSequence>
				<Task>
					<Type>10</Type>
					<Duration>10000</Duration>
					<KeepTaskRunningAfterTime>-2</KeepTaskRunningAfterTime>
					<IsLoopedTask>false</IsLoopedTask>
					<ScenarioName>WORLD_HUMAN_SECURITY_SHINE_TORCH</ScenarioName>
				</Task>
				<Task>
					<Type>10</Type>
					<Duration>10000</Duration>
					<KeepTaskRunningAfterTime>-2</KeepTaskRunningAfterTime>
					<IsLoopedTask>false</IsLoopedTask>
					<ScenarioName>WORLD_HUMAN_BINOCULARS</ScenarioName>
				</Task>
			</TaskSequence>
			<PedProperties>
				<IsStill>true</IsStill>
				<CanRagdoll>false</CanRagdoll>
				<HasShortHeight>false</HasShortHeight>
				<CurrentWeapon>0x39958261</CurrentWeapon>
				<PedProps>
					<_0>-1,-1</_0>
					<_1>-1,-1</_1>
					<_2>-1,-1</_2>
					<_3>-1,-1</_3>
					<_4>-1,-1</_4>
					<_5>-1,-1</_5>
					<_6>-1,-1</_6>
					<_7>-1,-1</_7>
					<_8>-1,-1</_8>
					<_9>-1,-1</_9>
				</PedProps>
				<PedComps>
					<_0>0,0</_0>
					<_1>0,0</_1>
					<_2>0,0</_2>
					<_3>0,0</_3>
					<_4>0,0</_4>
					<_5>0,0</_5>
					<_6>0,0</_6>
					<_7>0,0</_7>
					<_8>0,0</_8>
					<_9>0,0</_9>
					<_10>0,0</_10>
					<_11>0,0</_11>
				</PedComps>
				<RelationshipGroupAltered>false</RelationshipGroupAltered>
				<RelationshipGroup>0xfade4843</RelationshipGroup>
				<ScenarioActive>true</ScenarioActive>
				<ScenarioName>WORLD_HUMAN_BINOCULARS</ScenarioName>
				<AnimActive>false</AnimActive>
			</PedProperties>
			<OpacityLevel>255</OpacityLevel>
			<LodDistance>16960</LodDistance>
			<IsVisible>true</IsVisible>
			<MaxHealth>200</MaxHealth>
			<Health>200</Health>
			<HasGravity>true</HasGravity>
			<IsOnFire>false</IsOnFire>
			<IsInvincible>true</IsInvincible>
			<IsBulletProof>false</IsBulletProof>
			<IsCollisionProof>false</IsCollisionProof>
			<IsExplosionProof>true</IsExplosionProof>
			<IsFireProof>true</IsFireProof>
			<IsMeleeProof>true</IsMeleeProof>
			<IsOnlyDamagedByPlayer>false</IsOnlyDamagedByPlayer>
			<PositionRotation>
				<X>1591.31396</X>
				<Y>3218.16235</Y>
				<Z>43.5213661</Z>
				<Pitch>-0.072751686</Pitch>
				<Roll>0.210588649</Roll>
				<Yaw>101.124397</Yaw>
			</PositionRotation>
			<Attachment isAttached="true">
				<AttachedTo>613441</AttachedTo>
				<BoneIndex>-1</BoneIndex>
				<X>-0.0471268222</X>
				<Y>-0.0416087173</Y>
				<Z>2.85441589</Z>
				<Pitch>0.0820530728</Pitch>
				<Roll>-0.216926381</Roll>
				<Yaw>-0.216423035</Yaw>
			</Attachment>
		</Attachment>
		<Attachment>
			<ModelHash>0x4eb1e082</ModelHash>
			<Type>3</Type>
			<Dynamic>false</Dynamic>
			<FrozenPos>true</FrozenPos>
			<HashName>hei_prop_carrier_light_01</HashName>
			<InitialHandle>752506</InitialHandle>
			<ObjectProperties>
				<TextureVariation>0</TextureVariation>
			</ObjectProperties>
			<OpacityLevel>255</OpacityLevel>
			<LodDistance>16960</LodDistance>
			<IsVisible>true</IsVisible>
			<MaxHealth>1000</MaxHealth>
			<Health>1000</Health>
			<HasGravity>true</HasGravity>
			<IsOnFire>false</IsOnFire>
			<IsInvincible>false</IsInvincible>
			<IsBulletProof>false</IsBulletProof>
			<IsCollisionProof>false</IsCollisionProof>
			<IsExplosionProof>false</IsExplosionProof>
			<IsFireProof>false</IsFireProof>
			<IsMeleeProof>false</IsMeleeProof>
			<IsOnlyDamagedByPlayer>false</IsOnlyDamagedByPlayer>
			<PositionRotation>
				<X>1589.46057</X>
				<Y>3218.54102</Y>
				<Z>42.1620483</Z>
				<Pitch>0.0711569563</Pitch>
				<Roll>-0.211132824</Roll>
				<Yaw>-78.442276</Yaw>
			</PositionRotation>
			<Attachment isAttached="true">
				<AttachedTo>613441</AttachedTo>
				<BoneIndex>0</BoneIndex>
				<X>0.700000405</X>
				<Y>1.70000017</Y>
				<Z>1.50000107</Z>
				<Pitch>0</Pitch>
				<Roll>0</Roll>
				<Yaw>179.999985</Yaw>
			</Attachment>
		</Attachment>
		<Attachment>
			<ModelHash>0x4eb1e082</ModelHash>
			<Type>3</Type>
			<Dynamic>false</Dynamic>
			<FrozenPos>true</FrozenPos>
			<HashName>hei_prop_carrier_light_01</HashName>
			<InitialHandle>379774</InitialHandle>
			<ObjectProperties>
				<TextureVariation>0</TextureVariation>
			</ObjectProperties>
			<OpacityLevel>255</OpacityLevel>
			<LodDistance>16960</LodDistance>
			<IsVisible>true</IsVisible>
			<MaxHealth>1000</MaxHealth>
			<Health>1000</Health>
			<HasGravity>true</HasGravity>
			<IsOnFire>false</IsOnFire>
			<IsInvincible>false</IsInvincible>
			<IsBulletProof>false</IsBulletProof>
			<IsCollisionProof>false</IsCollisionProof>
			<IsExplosionProof>false</IsExplosionProof>
			<IsFireProof>false</IsFireProof>
			<IsMeleeProof>false</IsMeleeProof>
			<IsOnlyDamagedByPlayer>false</IsOnlyDamagedByPlayer>
			<PositionRotation>
				<X>1589.72107</X>
				<Y>3217.26733</Y>
				<Z>42.1668358</Z>
				<Pitch>0.0711569563</Pitch>
				<Roll>-0.211132824</Roll>
				<Yaw>-78.442276</Yaw>
			</PositionRotation>
			<Attachment isAttached="true">
				<AttachedTo>613441</AttachedTo>
				<BoneIndex>0</BoneIndex>
				<X>-0.599999547</X>
				<Y>1.70000017</Y>
				<Z>1.50000107</Z>
				<Pitch>0</Pitch>
				<Roll>0</Roll>
				<Yaw>179.999985</Yaw>
			</Attachment>
		</Attachment>
		<Attachment>
			<ModelHash>0x22606b68</ModelHash>
			<Type>3</Type>
			<Dynamic>false</Dynamic>
			<FrozenPos>true</FrozenPos>
			<HashName>prop_beware_dog_sign</HashName>
			<InitialHandle>82690</InitialHandle>
			<ObjectProperties>
				<TextureVariation>0</TextureVariation>
			</ObjectProperties>
			<OpacityLevel>255</OpacityLevel>
			<LodDistance>16960</LodDistance>
			<IsVisible>true</IsVisible>
			<MaxHealth>1000</MaxHealth>
			<Health>1000</Health>
			<HasGravity>true</HasGravity>
			<IsOnFire>false</IsOnFire>
			<IsInvincible>false</IsInvincible>
			<IsBulletProof>false</IsBulletProof>
			<IsCollisionProof>true</IsCollisionProof>
			<IsExplosionProof>false</IsExplosionProof>
			<IsFireProof>false</IsFireProof>
			<IsMeleeProof>false</IsMeleeProof>
			<IsOnlyDamagedByPlayer>false</IsOnlyDamagedByPlayer>
			<PositionRotation>
				<X>1590.54321</X>
				<Y>3219.59546</Y>
				<Z>40.412838</Z>
				<Pitch>0.122363433</Pitch>
				<Roll>0.693652868</Roll>
				<Yaw>-168.192337</Yaw>
			</PositionRotation>
			<Attachment isAttached="true">
				<AttachedTo>613441</AttachedTo>
				<BoneIndex>0</BoneIndex>
				<X>1.52263618</X>
				<Y>0.43021214</Y>
				<Z>-0.247766584</Z>
				<Pitch>-0.0890779123</Pitch>
				<Roll>0.623417854</Roll>
				<Yaw>90.250061</Yaw>
			</Attachment>
		</Attachment>
		<Attachment>
			<ModelHash>0xffec41ff</ModelHash>
			<Type>3</Type>
			<Dynamic>false</Dynamic>
			<FrozenPos>true</FrozenPos>
			<HashName>prop_sign_road_03a</HashName>
			<InitialHandle>296198</InitialHandle>
			<ObjectProperties>
				<TextureVariation>0</TextureVariation>
			</ObjectProperties>
			<OpacityLevel>255</OpacityLevel>
			<LodDistance>16960</LodDistance>
			<IsVisible>true</IsVisible>
			<MaxHealth>1000</MaxHealth>
			<Health>1000</Health>
			<HasGravity>true</HasGravity>
			<IsOnFire>false</IsOnFire>
			<IsInvincible>false</IsInvincible>
			<IsBulletProof>false</IsBulletProof>
			<IsCollisionProof>false</IsCollisionProof>
			<IsExplosionProof>false</IsExplosionProof>
			<IsFireProof>false</IsFireProof>
			<IsMeleeProof>false</IsMeleeProof>
			<IsOnlyDamagedByPlayer>false</IsOnlyDamagedByPlayer>
			<PositionRotation>
				<X>1590.57947</X>
				<Y>3219.5752</Y>
				<Z>39.360733</Z>
				<Pitch>-1.21422243</Pitch>
				<Roll>1.14057755</Roll>
				<Yaw>-168.445969</Yaw>
			</PositionRotation>
			<Attachment isAttached="true">
				<AttachedTo>613441</AttachedTo>
				<BoneIndex>0</BoneIndex>
				<X>1.49940741</X>
				<Y>0.400010377</Y>
				<Z>-1.30000424</Z>
				<Pitch>-1.42534924</Pitch>
				<Roll>1.06938529</Roll>
				<Yaw>89.9947815</Yaw>
			</Attachment>
		</Attachment>
		<Attachment>
			<ModelHash>0x14ec17ea</ModelHash>
			<Type>1</Type>
			<Dynamic>false</Dynamic>
			<FrozenPos>true</FrozenPos>
			<HashName>Chop</HashName>
			<InitialHandle>763658</InitialHandle>
			<PedProperties>
				<IsStill>true</IsStill>
				<CanRagdoll>false</CanRagdoll>
				<HasShortHeight>false</HasShortHeight>
				<CurrentWeapon>0xf9fbaebe</CurrentWeapon>
				<PedProps>
					<_0>-1,-1</_0>
					<_1>-1,-1</_1>
					<_2>-1,-1</_2>
					<_3>-1,-1</_3>
					<_4>-1,-1</_4>
					<_5>-1,-1</_5>
					<_6>-1,-1</_6>
					<_7>-1,-1</_7>
					<_8>-1,-1</_8>
					<_9>-1,-1</_9>
				</PedProps>
				<PedComps>
					<_0>0,0</_0>
					<_1>0,0</_1>
					<_2>0,0</_2>
					<_3>0,0</_3>
					<_4>0,0</_4>
					<_5>0,0</_5>
					<_6>0,0</_6>
					<_7>0,0</_7>
					<_8>0,0</_8>
					<_9>0,0</_9>
					<_10>0,0</_10>
					<_11>0,0</_11>
				</PedComps>
				<RelationshipGroupAltered>false</RelationshipGroupAltered>
				<RelationshipGroup>0xfade4843</RelationshipGroup>
				<ScenarioActive>false</ScenarioActive>
				<AnimActive>false</AnimActive>
			</PedProperties>
			<OpacityLevel>255</OpacityLevel>
			<LodDistance>16960</LodDistance>
			<IsVisible>true</IsVisible>
			<MaxHealth>200</MaxHealth>
			<Health>200</Health>
			<HasGravity>true</HasGravity>
			<IsOnFire>false</IsOnFire>
			<IsInvincible>true</IsInvincible>
			<IsBulletProof>false</IsBulletProof>
			<IsCollisionProof>true</IsCollisionProof>
			<IsExplosionProof>true</IsExplosionProof>
			<IsFireProof>true</IsFireProof>
			<IsMeleeProof>true</IsMeleeProof>
			<IsOnlyDamagedByPlayer>false</IsOnlyDamagedByPlayer>
			<PositionRotation>
				<X>1591.6698</X>
				<Y>3218.44409</Y>
				<Z>40.9520531</Z>
				<Pitch>-0.0583559051</Pitch>
				<Roll>0.215257034</Roll>
				<Yaw>105.085258</Yaw>
			</PositionRotation>
			<Attachment isAttached="true">
				<AttachedTo>613441</AttachedTo>
				<BoneIndex>0</BoneIndex>
				<X>0.166991949</X>
				<Y>-0.443561614</Y>
				<Z>0.285401464</Z>
				<Pitch>0.0711568668</Pitch>
				<Roll>-0.211132869</Roll>
				<Yaw>3.73877716</Yaw>
			</Attachment>
		</Attachment>
	</SpoonerAttachments>
</Vehicle>
