<?xml version="1.0" encoding="ISO-8859-1"?>
<Vehicle menyoo_ver="0.999836b">
	<ModelHash>0xaa699bb6</ModelHash>
	<InitialHandle>132661</InitialHandle>
	<VehicleProperties>
		<Colours>
			<Primary>151</Primary>
			<Secondary>0</Secondary>
			<Pearl>0</Pearl>
			<Rim>90</Rim>
			<Mod1_a>6</Mod1_a>
			<Mod1_b>-1</Mod1_b>
			<Mod1_c>-1</Mod1_c>
			<Mod2_a>6</Mod2_a>
			<Mod2_b>-1</Mod2_b>
			<IsPrimaryColourCustom>false</IsPrimaryColourCustom>
			<IsSecondaryColourCustom>false</IsSecondaryColourCustom>
			<tyreSmoke_R>255</tyreSmoke_R>
			<tyreSmoke_G>255</tyreSmoke_G>
			<tyreSmoke_B>255</tyreSmoke_B>
			<LrInterior>0</LrInterior>
			<LrDashboard>0</LrDashboard>
		</Colours>
		<Livery>-1</Livery>
		<NumberPlateText>81SUL904</NumberPlateText>
		<NumberPlateIndex>5</NumberPlateIndex>
		<WheelType>4</WheelType>
		<WheelsInvisible>false</WheelsInvisible>
		<WindowTint>-1</WindowTint>
		<BulletProofTyres>true</BulletProofTyres>
		<DirtLevel>15</DirtLevel>
		<PaintFade>0.733333349</PaintFade>
		<RoofState>0</RoofState>
		<SirenActive>false</SirenActive>
		<EngineOn>true</EngineOn>
		<EngineHealth>1000</EngineHealth>
		<LightsOn>false</LightsOn>
		<IsRadioLoud>0</IsRadioLoud>
		<Neons>
			<Left>false</Left>
			<Right>false</Right>
			<Front>false</Front>
			<Back>false</Back>
			<R>255</R>
			<G>0</G>
			<B>255</B>
		</Neons>
		<ModExtras>
			<_5>false</_5>
			<_10>true</_10>
			<_11>true</_11>
			<_12>true</_12>
		</ModExtras>
		<Mods>
			<_0>-1,0</_0>
			<_1>-1,0</_1>
			<_2>-1,0</_2>
			<_3>-1,0</_3>
			<_4>-1,0</_4>
			<_5>0,0</_5>
			<_6>1,0</_6>
			<_7>0,0</_7>
			<_8>2,0</_8>
			<_9>-1,0</_9>
			<_10>1,0</_10>
			<_11>3,0</_11>
			<_12>2,0</_12>
			<_13>2,0</_13>
			<_14>0,0</_14>
			<_15>-1,0</_15>
			<_16>-1,0</_16>
			<_17>false</_17>
			<_18>true</_18>
			<_19>false</_19>
			<_20>false</_20>
			<_21>false</_21>
			<_22>false</_22>
			<_23>9,0</_23>
			<_24>-1,0</_24>
			<_25>-1,0</_25>
			<_26>-1,0</_26>
			<_27>-1,0</_27>
			<_28>-1,0</_28>
			<_29>-1,0</_29>
			<_30>-1,0</_30>
			<_31>-1,0</_31>
			<_32>-1,0</_32>
			<_33>-1,0</_33>
			<_34>-1,0</_34>
			<_35>-1,0</_35>
			<_36>-1,0</_36>
			<_37>-1,0</_37>
			<_38>-1,0</_38>
			<_39>-1,0</_39>
			<_40>-1,0</_40>
			<_41>-1,0</_41>
			<_42>-1,0</_42>
			<_43>-1,0</_43>
			<_44>-1,0</_44>
			<_45>-1,0</_45>
			<_46>-1,0</_46>
			<_47>-1,0</_47>
			<_48>-1,0</_48>
		</Mods>
		<DoorsOpen>
			<BackLeftDoor>false</BackLeftDoor>
			<BackRightDoor>false</BackRightDoor>
			<FrontLeftDoor>false</FrontLeftDoor>
			<FrontRightDoor>false</FrontRightDoor>
			<Hood>false</Hood>
			<Trunk>false</Trunk>
			<Trunk2>false</Trunk2>
		</DoorsOpen>
		<DoorsBroken>
			<BackLeftDoor>false</BackLeftDoor>
			<BackRightDoor>false</BackRightDoor>
			<FrontLeftDoor>false</FrontLeftDoor>
			<FrontRightDoor>false</FrontRightDoor>
			<Hood>false</Hood>
			<Trunk>false</Trunk>
			<Trunk2>false</Trunk2>
		</DoorsBroken>
		<TyresBursted>
			<FrontLeft>false</FrontLeft>
			<FrontRight>false</FrontRight>
			<_2>false</_2>
			<_3>false</_3>
			<BackLeft>false</BackLeft>
			<BackRight>false</BackRight>
			<_6>false</_6>
			<_7>false</_7>
			<_8>false</_8>
		</TyresBursted>
		<RpmMultiplier>1</RpmMultiplier>
		<TorqueMultiplier>1</TorqueMultiplier>
		<HeadlightIntensity>1</HeadlightIntensity>
	</VehicleProperties>
	<OpacityLevel>255</OpacityLevel>
	<LodDistance>16960</LodDistance>
	<IsVisible>true</IsVisible>
	<IsDriverVisible>true</IsDriverVisible>
	<MaxHealth>1000</MaxHealth>
	<Health>1000</Health>
	<IsOnFire>false</IsOnFire>
	<IsInvincible>true</IsInvincible>
	<IsBulletProof>false</IsBulletProof>
	<IsExplosionProof>true</IsExplosionProof>
	<IsFireProof>false</IsFireProof>
	<IsMeleeProof>true</IsMeleeProof>
	<IsOnlyDamagedByPlayer>false</IsOnlyDamagedByPlayer>
	<SpoonerAttachments SetAttachmentsPersistentAndAddToSpoonerDatabase="false">
		<Attachment>
			<ModelHash>0xf4e1aa15</ModelHash>
			<Type>2</Type>
			<Dynamic>true</Dynamic>
			<HashName>Scorcher</HashName>
			<InitialHandle>17459</InitialHandle>
			<VehicleProperties>
				<Colours>
					<Primary>152</Primary>
					<Secondary>154</Secondary>
					<Pearl>0</Pearl>
					<Rim>156</Rim>
					<Mod1_a>-186537451</Mod1_a>
					<Mod1_b>3473408</Mod1_b>
					<Mod1_c>3474072</Mod1_c>
					<Mod2_a>2008144664</Mod2_a>
					<Mod2_b>-753927864</Mod2_b>
					<IsPrimaryColourCustom>false</IsPrimaryColourCustom>
					<IsSecondaryColourCustom>false</IsSecondaryColourCustom>
					<tyreSmoke_R>255</tyreSmoke_R>
					<tyreSmoke_G>255</tyreSmoke_G>
					<tyreSmoke_B>255</tyreSmoke_B>
					<LrInterior>0</LrInterior>
					<LrDashboard>0</LrDashboard>
				</Colours>
				<Livery>-1</Livery>
				<NumberPlateText>07SEY639</NumberPlateText>
				<NumberPlateIndex>0</NumberPlateIndex>
				<WheelType>6</WheelType>
				<WheelsInvisible>false</WheelsInvisible>
				<WindowTint>-1</WindowTint>
				<BulletProofTyres>false</BulletProofTyres>
				<DirtLevel>14.9000206</DirtLevel>
				<PaintFade>0.513725519</PaintFade>
				<RoofState>0</RoofState>
				<SirenActive>false</SirenActive>
				<EngineOn>false</EngineOn>
				<EngineHealth>1000</EngineHealth>
				<LightsOn>false</LightsOn>
				<IsRadioLoud>0</IsRadioLoud>
				<Neons>
					<Left>false</Left>
					<Right>false</Right>
					<Front>false</Front>
					<Back>false</Back>
					<R>255</R>
					<G>0</G>
					<B>255</B>
				</Neons>
				<DoorsOpen>
					<BackLeftDoor>false</BackLeftDoor>
					<BackRightDoor>false</BackRightDoor>
					<FrontLeftDoor>true</FrontLeftDoor>
					<FrontRightDoor>false</FrontRightDoor>
					<Hood>false</Hood>
					<Trunk>false</Trunk>
					<Trunk2>false</Trunk2>
				</DoorsOpen>
				<DoorsBroken>
					<BackLeftDoor>false</BackLeftDoor>
					<BackRightDoor>false</BackRightDoor>
					<FrontLeftDoor>false</FrontLeftDoor>
					<FrontRightDoor>false</FrontRightDoor>
					<Hood>false</Hood>
					<Trunk>false</Trunk>
					<Trunk2>false</Trunk2>
				</DoorsBroken>
				<TyresBursted>
					<FrontLeft>false</FrontLeft>
					<FrontRight>false</FrontRight>
					<_2>false</_2>
					<_3>false</_3>
					<BackLeft>false</BackLeft>
					<BackRight>false</BackRight>
					<_6>false</_6>
					<_7>false</_7>
					<_8>false</_8>
				</TyresBursted>
				<RpmMultiplier>1</RpmMultiplier>
				<TorqueMultiplier>1</TorqueMultiplier>
				<HeadlightIntensity>1</HeadlightIntensity>
				<ModExtras>
					<_1>false</_1>
					<_2>false</_2>
				</ModExtras>
				<Mods>
					<_0>-1,0</_0>
					<_1>-1,0</_1>
					<_2>-1,0</_2>
					<_3>-1,0</_3>
					<_4>-1,0</_4>
					<_5>-1,0</_5>
					<_6>-1,0</_6>
					<_7>-1,0</_7>
					<_8>-1,0</_8>
					<_9>-1,0</_9>
					<_10>-1,0</_10>
					<_11>-1,0</_11>
					<_12>-1,0</_12>
					<_13>-1,0</_13>
					<_14>-1,0</_14>
					<_15>-1,0</_15>
					<_16>-1,0</_16>
					<_17>false</_17>
					<_18>false</_18>
					<_19>false</_19>
					<_20>false</_20>
					<_21>false</_21>
					<_22>false</_22>
					<_23>-1,0</_23>
					<_24>-1,0</_24>
					<_25>-1,0</_25>
					<_26>-1,0</_26>
					<_27>-1,0</_27>
					<_28>-1,0</_28>
					<_29>-1,0</_29>
					<_30>-1,0</_30>
					<_31>-1,0</_31>
					<_32>-1,0</_32>
					<_33>-1,0</_33>
					<_34>-1,0</_34>
					<_35>-1,0</_35>
					<_36>-1,0</_36>
					<_37>-1,0</_37>
					<_38>-1,0</_38>
					<_39>-1,0</_39>
					<_40>-1,0</_40>
					<_41>-1,0</_41>
					<_42>-1,0</_42>
					<_43>-1,0</_43>
					<_44>-1,0</_44>
					<_45>-1,0</_45>
					<_46>-1,0</_46>
					<_47>-1,0</_47>
					<_48>-1,0</_48>
				</Mods>
			</VehicleProperties>
			<OpacityLevel>255</OpacityLevel>
			<LodDistance>16960</LodDistance>
			<IsVisible>true</IsVisible>
			<MaxHealth>1000</MaxHealth>
			<Health>1000</Health>
			<IsOnFire>false</IsOnFire>
			<IsInvincible>true</IsInvincible>
			<IsBulletProof>false</IsBulletProof>
			<IsCollisionProof>false</IsCollisionProof>
			<IsExplosionProof>true</IsExplosionProof>
			<IsFireProof>false</IsFireProof>
			<IsMeleeProof>true</IsMeleeProof>
			<IsOnlyDamagedByPlayer>false</IsOnlyDamagedByPlayer>
			<PositionRotation>
				<X>138.662292</X>
				<Y>704.916199</Y>
				<Z>209.671448</Z>
				<Pitch>4.59682751</Pitch>
				<Roll>0.552915275</Roll>
				<Yaw>133.940186</Yaw>
			</PositionRotation>
			<Attachment isAttached="true">
				<AttachedTo>132661</AttachedTo>
				<BoneIndex>0</BoneIndex>
				<X>0.0400000103</X>
				<Y>-3.09999967</Y>
				<Z>0.280000091</Z>
				<Pitch>0</Pitch>
				<Roll>0</Roll>
				<Yaw>92.0000076</Yaw>
			</Attachment>
		</Attachment>
		<Attachment>
			<ModelHash>0x8fb3826a</ModelHash>
			<Type>3</Type>
			<Dynamic>false</Dynamic>
			<HashName>prop_roofpipe_06</HashName>
			<InitialHandle>594987</InitialHandle>
			<OpacityLevel>255</OpacityLevel>
			<LodDistance>16960</LodDistance>
			<IsVisible>true</IsVisible>
			<MaxHealth>1000</MaxHealth>
			<Health>1000</Health>
			<IsOnFire>false</IsOnFire>
			<IsInvincible>false</IsInvincible>
			<IsBulletProof>false</IsBulletProof>
			<IsCollisionProof>false</IsCollisionProof>
			<IsExplosionProof>false</IsExplosionProof>
			<IsFireProof>false</IsFireProof>
			<IsMeleeProof>false</IsMeleeProof>
			<IsOnlyDamagedByPlayer>false</IsOnlyDamagedByPlayer>
			<PositionRotation>
				<X>139.131546</X>
				<Y>705.595215</Y>
				<Z>208.922592</Z>
				<Pitch>-0.711064994</Pitch>
				<Roll>4.57507849</Roll>
				<Yaw>41.9907875</Yaw>
			</PositionRotation>
			<Attachment isAttached="true">
				<AttachedTo>132661</AttachedTo>
				<BoneIndex>0</BoneIndex>
				<X>0.900000155</X>
				<Y>-2.89999938</Y>
				<Z>-0.400000066</Z>
				<Pitch>0</Pitch>
				<Roll>0</Roll>
				<Yaw>0</Yaw>
			</Attachment>
		</Attachment>
		<Attachment>
			<ModelHash>0xbb314853</ModelHash>
			<Type>3</Type>
			<Dynamic>false</Dynamic>
			<HashName>prop_player_gasmask</HashName>
			<InitialHandle>346933</InitialHandle>
			<OpacityLevel>255</OpacityLevel>
			<LodDistance>16960</LodDistance>
			<IsVisible>true</IsVisible>
			<MaxHealth>1000</MaxHealth>
			<Health>1000</Health>
			<IsOnFire>false</IsOnFire>
			<IsInvincible>false</IsInvincible>
			<IsBulletProof>false</IsBulletProof>
			<IsCollisionProof>false</IsCollisionProof>
			<IsExplosionProof>false</IsExplosionProof>
			<IsFireProof>false</IsFireProof>
			<IsMeleeProof>false</IsMeleeProof>
			<IsOnlyDamagedByPlayer>false</IsOnlyDamagedByPlayer>
			<PositionRotation>
				<X>137.071732</X>
				<Y>707.335327</Y>
				<Z>209.821747</Z>
				<Pitch>-0.711064994</Pitch>
				<Roll>4.57507849</Roll>
				<Yaw>41.9907875</Yaw>
			</PositionRotation>
			<Attachment isAttached="true">
				<AttachedTo>132661</AttachedTo>
				<BoneIndex>0</BoneIndex>
				<X>0.459999889</X>
				<Y>-0.240000114</Y>
				<Z>0.499999881</Z>
				<Pitch>0</Pitch>
				<Roll>0</Roll>
				<Yaw>0</Yaw>
			</Attachment>
		</Attachment>
		<Attachment>
			<ModelHash>0xd7f1d89c</ModelHash>
			<Type>3</Type>
			<Dynamic>false</Dynamic>
			<HashName>prop_gascyl_02b</HashName>
			<InitialHandle>256819</InitialHandle>
			<OpacityLevel>255</OpacityLevel>
			<LodDistance>16960</LodDistance>
			<IsVisible>true</IsVisible>
			<MaxHealth>1000</MaxHealth>
			<Health>1000</Health>
			<IsOnFire>false</IsOnFire>
			<IsInvincible>false</IsInvincible>
			<IsBulletProof>false</IsBulletProof>
			<IsCollisionProof>false</IsCollisionProof>
			<IsExplosionProof>false</IsExplosionProof>
			<IsFireProof>false</IsFireProof>
			<IsMeleeProof>false</IsMeleeProof>
			<IsOnlyDamagedByPlayer>false</IsOnlyDamagedByPlayer>
			<PositionRotation>
				<X>138.075928</X>
				<Y>705.325684</Y>
				<Z>209.394852</Z>
				<Pitch>-85.3702164</Pitch>
				<Roll>98.843895</Roll>
				<Yaw>140.806274</Yaw>
			</PositionRotation>
			<Attachment isAttached="true">
				<AttachedTo>132661</AttachedTo>
				<BoneIndex>1</BoneIndex>
				<X>-0.100000024</X>
				<Y>-2.4000001</Y>
				<Z>0</Z>
				<Pitch>-90</Pitch>
				<Roll>0</Roll>
				<Yaw>0</Yaw>
			</Attachment>
		</Attachment>
		<Attachment>
			<ModelHash>0xb63f6584</ModelHash>
			<Type>3</Type>
			<Dynamic>false</Dynamic>
			<HashName>prop_rope_family_3</HashName>
			<InitialHandle>13361</InitialHandle>
			<OpacityLevel>255</OpacityLevel>
			<LodDistance>16960</LodDistance>
			<IsVisible>true</IsVisible>
			<MaxHealth>1000</MaxHealth>
			<Health>1000</Health>
			<IsOnFire>false</IsOnFire>
			<IsInvincible>false</IsInvincible>
			<IsBulletProof>false</IsBulletProof>
			<IsCollisionProof>false</IsCollisionProof>
			<IsExplosionProof>false</IsExplosionProof>
			<IsFireProof>false</IsFireProof>
			<IsMeleeProof>false</IsMeleeProof>
			<IsOnlyDamagedByPlayer>false</IsOnlyDamagedByPlayer>
			<PositionRotation>
				<X>136.70459</X>
				<Y>706.664429</Y>
				<Z>209.58165</Z>
				<Pitch>23.9097004</Pitch>
				<Roll>85.2463989</Roll>
				<Yaw>-47.424675</Yaw>
			</PositionRotation>
			<Attachment isAttached="true">
				<AttachedTo>132661</AttachedTo>
				<BoneIndex>0</BoneIndex>
				<X>-0.24000001</X>
				<Y>-0.490000188</Y>
				<Z>0.200000033</Z>
				<Pitch>28.4900169</Pitch>
				<Roll>85.9997711</Roll>
				<Yaw>-89.7199478</Yaw>
			</Attachment>
		</Attachment>
		<Attachment>
			<ModelHash>0x8fb3826a</ModelHash>
			<Type>3</Type>
			<Dynamic>false</Dynamic>
			<HashName>prop_roofpipe_06</HashName>
			<InitialHandle>323380</InitialHandle>
			<OpacityLevel>255</OpacityLevel>
			<LodDistance>16960</LodDistance>
			<IsVisible>true</IsVisible>
			<MaxHealth>1000</MaxHealth>
			<Health>1000</Health>
			<IsOnFire>false</IsOnFire>
			<IsInvincible>false</IsInvincible>
			<IsBulletProof>false</IsBulletProof>
			<IsCollisionProof>false</IsCollisionProof>
			<IsExplosionProof>false</IsExplosionProof>
			<IsFireProof>false</IsFireProof>
			<IsMeleeProof>false</IsMeleeProof>
			<IsOnlyDamagedByPlayer>false</IsOnlyDamagedByPlayer>
			<PositionRotation>
				<X>137.454041</X>
				<Y>707.44696</Y>
				<Z>208.791901</Z>
				<Pitch>-0.711064994</Pitch>
				<Roll>4.57507849</Roll>
				<Yaw>41.9907875</Yaw>
			</PositionRotation>
			<Attachment isAttached="true">
				<AttachedTo>132661</AttachedTo>
				<BoneIndex>0</BoneIndex>
				<X>0.900000095</X>
				<Y>-0.400000066</Y>
				<Z>-0.50000006</Z>
				<Pitch>0</Pitch>
				<Roll>0</Roll>
				<Yaw>0</Yaw>
			</Attachment>
		</Attachment>
		<Attachment>
			<ModelHash>0x5e2d1d2c</ModelHash>
			<Type>3</Type>
			<Dynamic>false</Dynamic>
			<HashName>prop_box_ammo07a</HashName>
			<InitialHandle>348213</InitialHandle>
			<OpacityLevel>255</OpacityLevel>
			<LodDistance>16960</LodDistance>
			<IsVisible>true</IsVisible>
			<MaxHealth>1000</MaxHealth>
			<Health>1000</Health>
			<IsOnFire>false</IsOnFire>
			<IsInvincible>false</IsInvincible>
			<IsBulletProof>false</IsBulletProof>
			<IsCollisionProof>false</IsCollisionProof>
			<IsExplosionProof>false</IsExplosionProof>
			<IsFireProof>false</IsFireProof>
			<IsMeleeProof>false</IsMeleeProof>
			<IsOnlyDamagedByPlayer>false</IsOnlyDamagedByPlayer>
			<PositionRotation>
				<X>137.072708</X>
				<Y>706.868103</Y>
				<Z>209.188858</Z>
				<Pitch>-0.711064994</Pitch>
				<Roll>4.57507849</Roll>
				<Yaw>41.9907875</Yaw>
			</PositionRotation>
			<Attachment isAttached="true">
				<AttachedTo>132661</AttachedTo>
				<BoneIndex>0</BoneIndex>
				<X>0.200000077</X>
				<Y>-0.579999804</Y>
				<Z>-0.160000056</Z>
				<Pitch>0</Pitch>
				<Roll>0</Roll>
				<Yaw>0</Yaw>
			</Attachment>
		</Attachment>
		<Attachment>
			<ModelHash>0x625223d7</ModelHash>
			<Type>3</Type>
			<Dynamic>false</Dynamic>
			<HashName>frag_plank_a</HashName>
			<InitialHandle>165941</InitialHandle>
			<OpacityLevel>255</OpacityLevel>
			<LodDistance>16960</LodDistance>
			<IsVisible>true</IsVisible>
			<MaxHealth>1000</MaxHealth>
			<Health>1000</Health>
			<IsOnFire>false</IsOnFire>
			<IsInvincible>false</IsInvincible>
			<IsBulletProof>false</IsBulletProof>
			<IsCollisionProof>false</IsCollisionProof>
			<IsExplosionProof>false</IsExplosionProof>
			<IsFireProof>false</IsFireProof>
			<IsMeleeProof>false</IsMeleeProof>
			<IsOnlyDamagedByPlayer>false</IsOnlyDamagedByPlayer>
			<PositionRotation>
				<X>136.603287</X>
				<Y>707.232361</Y>
				<Z>210.373886</Z>
				<Pitch>4.57092524</Pitch>
				<Roll>-89.2626877</Roll>
				<Yaw>131.632965</Yaw>
			</PositionRotation>
			<Attachment isAttached="true">
				<AttachedTo>132661</AttachedTo>
				<BoneIndex>0</BoneIndex>
				<X>0</X>
				<Y>-0.00999939721</Y>
				<Z>1.0200007</Z>
				<Pitch>0</Pitch>
				<Roll>-90.0000153</Roll>
				<Yaw>89.7000198</Yaw>
			</Attachment>
		</Attachment>
		<Attachment>
			<ModelHash>0xe056d9a5</ModelHash>
			<Type>3</Type>
			<Dynamic>false</Dynamic>
			<HashName>prop_tool_shovel</HashName>
			<InitialHandle>761653</InitialHandle>
			<OpacityLevel>255</OpacityLevel>
			<LodDistance>16960</LodDistance>
			<IsVisible>true</IsVisible>
			<MaxHealth>1000</MaxHealth>
			<Health>1000</Health>
			<IsOnFire>false</IsOnFire>
			<IsInvincible>false</IsInvincible>
			<IsBulletProof>false</IsBulletProof>
			<IsCollisionProof>false</IsCollisionProof>
			<IsExplosionProof>false</IsExplosionProof>
			<IsFireProof>false</IsFireProof>
			<IsMeleeProof>false</IsMeleeProof>
			<IsOnlyDamagedByPlayer>false</IsOnlyDamagedByPlayer>
			<PositionRotation>
				<X>139.029633</X>
				<Y>705.937927</Y>
				<Z>209.959747</Z>
				<Pitch>-0.502943039</Pitch>
				<Roll>-86.5588608</Roll>
				<Yaw>133.989349</Yaw>
			</PositionRotation>
			<Attachment isAttached="true">
				<AttachedTo>132661</AttachedTo>
				<BoneIndex>0</BoneIndex>
				<X>0.970000625</X>
				<Y>-2.58999825</Y>
				<Z>0.650000334</Z>
				<Pitch>-5.10000038</Pitch>
				<Roll>-87.1100235</Roll>
				<Yaw>92.0000076</Yaw>
			</Attachment>
		</Attachment>
		<Attachment>
			<ModelHash>0x412ce32c</ModelHash>
			<Type>3</Type>
			<Dynamic>false</Dynamic>
			<HashName>prop_box_ammo07b</HashName>
			<InitialHandle>493365</InitialHandle>
			<OpacityLevel>255</OpacityLevel>
			<LodDistance>16960</LodDistance>
			<IsVisible>true</IsVisible>
			<MaxHealth>1000</MaxHealth>
			<Health>1000</Health>
			<IsOnFire>false</IsOnFire>
			<IsInvincible>false</IsInvincible>
			<IsBulletProof>false</IsBulletProof>
			<IsCollisionProof>false</IsCollisionProof>
			<IsExplosionProof>false</IsExplosionProof>
			<IsFireProof>false</IsFireProof>
			<IsMeleeProof>false</IsMeleeProof>
			<IsOnlyDamagedByPlayer>false</IsOnlyDamagedByPlayer>
			<PositionRotation>
				<X>138.197906</X>
				<Y>705.842163</Y>
				<Z>209.576904</Z>
				<Pitch>-0.711064994</Pitch>
				<Roll>4.57507849</Roll>
				<Yaw>41.9907875</Yaw>
			</PositionRotation>
			<Attachment isAttached="true">
				<AttachedTo>132661</AttachedTo>
				<BoneIndex>0</BoneIndex>
				<X>0.320000023</X>
				<Y>-2.09999847</Y>
				<Z>0.220000073</Z>
				<Pitch>0</Pitch>
				<Roll>0</Roll>
				<Yaw>0</Yaw>
			</Attachment>
		</Attachment>
		<Attachment>
			<ModelHash>0x625223d7</ModelHash>
			<Type>3</Type>
			<Dynamic>false</Dynamic>
			<HashName>frag_plank_a</HashName>
			<InitialHandle>35635</InitialHandle>
			<OpacityLevel>255</OpacityLevel>
			<LodDistance>16960</LodDistance>
			<IsVisible>true</IsVisible>
			<MaxHealth>1000</MaxHealth>
			<Health>1000</Health>
			<IsOnFire>false</IsOnFire>
			<IsInvincible>false</IsInvincible>
			<IsBulletProof>false</IsBulletProof>
			<IsCollisionProof>false</IsCollisionProof>
			<IsExplosionProof>false</IsExplosionProof>
			<IsFireProof>false</IsFireProof>
			<IsMeleeProof>false</IsMeleeProof>
			<IsOnlyDamagedByPlayer>false</IsOnlyDamagedByPlayer>
			<PositionRotation>
				<X>135.993515</X>
				<Y>707.90741</Y>
				<Z>210.342651</Z>
				<Pitch>4.57471943</Pitch>
				<Roll>90.7133331</Roll>
				<Yaw>131.933899</Yaw>
			</PositionRotation>
			<Attachment isAttached="true">
				<AttachedTo>132661</AttachedTo>
				<BoneIndex>0</BoneIndex>
				<X>0</X>
				<Y>0.900000215</Y>
				<Z>1.00000024</Z>
				<Pitch>0</Pitch>
				<Roll>90.0000076</Roll>
				<Yaw>90.0000153</Yaw>
			</Attachment>
		</Attachment>
		<Attachment>
			<ModelHash>0xbb55760a</ModelHash>
			<Type>3</Type>
			<Dynamic>false</Dynamic>
			<HashName>prop_tool_fireaxe</HashName>
			<InitialHandle>467764</InitialHandle>
			<OpacityLevel>255</OpacityLevel>
			<LodDistance>16960</LodDistance>
			<IsVisible>true</IsVisible>
			<MaxHealth>1000</MaxHealth>
			<Health>1000</Health>
			<IsOnFire>false</IsOnFire>
			<IsInvincible>false</IsInvincible>
			<IsBulletProof>false</IsBulletProof>
			<IsCollisionProof>false</IsCollisionProof>
			<IsExplosionProof>false</IsExplosionProof>
			<IsFireProof>false</IsFireProof>
			<IsMeleeProof>false</IsMeleeProof>
			<IsOnlyDamagedByPlayer>false</IsOnlyDamagedByPlayer>
			<PositionRotation>
				<X>138.508591</X>
				<Y>706.520935</Y>
				<Z>210.110336</Z>
				<Pitch>0.747927547</Pitch>
				<Roll>86.2092056</Roll>
				<Yaw>-48.9957428</Yaw>
			</PositionRotation>
			<Attachment isAttached="true">
				<AttachedTo>132661</AttachedTo>
				<BoneIndex>0</BoneIndex>
				<X>0.960000277</X>
				<Y>-1.81000066</Y>
				<Z>0.81000042</Z>
				<Pitch>5.31000805</Pitch>
				<Roll>87.0000076</Roll>
				<Yaw>269.000031</Yaw>
			</Attachment>
		</Attachment>
		<Attachment>
			<ModelHash>0x58a81454</ModelHash>
			<Type>3</Type>
			<Dynamic>false</Dynamic>
			<HashName>prop_roofpipe_02</HashName>
			<InitialHandle>533301</InitialHandle>
			<OpacityLevel>255</OpacityLevel>
			<LodDistance>16960</LodDistance>
			<IsVisible>true</IsVisible>
			<MaxHealth>1000</MaxHealth>
			<Health>1000</Health>
			<IsOnFire>false</IsOnFire>
			<IsInvincible>false</IsInvincible>
			<IsBulletProof>false</IsBulletProof>
			<IsCollisionProof>false</IsCollisionProof>
			<IsExplosionProof>false</IsExplosionProof>
			<IsFireProof>false</IsFireProof>
			<IsMeleeProof>false</IsMeleeProof>
			<IsOnlyDamagedByPlayer>false</IsOnlyDamagedByPlayer>
			<PositionRotation>
				<X>138.692505</X>
				<Y>705.755188</Y>
				<Z>209.938293</Z>
				<Pitch>-0.711064994</Pitch>
				<Roll>4.57507849</Roll>
				<Yaw>41.9907875</Yaw>
			</PositionRotation>
			<Attachment isAttached="true">
				<AttachedTo>132661</AttachedTo>
				<BoneIndex>0</BoneIndex>
				<X>0.600000083</X>
				<Y>-2.49999976</Y>
				<Z>0.600000083</Z>
				<Pitch>0</Pitch>
				<Roll>0</Roll>
				<Yaw>0</Yaw>
			</Attachment>
		</Attachment>
		<Attachment>
			<ModelHash>0x979e446a</ModelHash>
			<Type>3</Type>
			<Dynamic>false</Dynamic>
			<HashName>prop_wheel_05</HashName>
			<InitialHandle>613173</InitialHandle>
			<OpacityLevel>255</OpacityLevel>
			<LodDistance>16960</LodDistance>
			<IsVisible>true</IsVisible>
			<MaxHealth>1000</MaxHealth>
			<Health>1000</Health>
			<IsOnFire>false</IsOnFire>
			<IsInvincible>false</IsInvincible>
			<IsBulletProof>false</IsBulletProof>
			<IsCollisionProof>false</IsCollisionProof>
			<IsExplosionProof>false</IsExplosionProof>
			<IsFireProof>false</IsFireProof>
			<IsMeleeProof>false</IsMeleeProof>
			<IsOnlyDamagedByPlayer>false</IsOnlyDamagedByPlayer>
			<PositionRotation>
				<X>137.642029</X>
				<Y>706.973511</Y>
				<Z>210.597824</Z>
				<Pitch>85.4163513</Pitch>
				<Roll>93.5774384</Roll>
				<Yaw>-51.654995</Yaw>
			</PositionRotation>
			<Attachment isAttached="true">
				<AttachedTo>132661</AttachedTo>
				<BoneIndex>0</BoneIndex>
				<X>0.580000401</X>
				<Y>-0.899999738</Y>
				<Z>1.27999997</Z>
				<Pitch>-269.000031</Pitch>
				<Roll>0</Roll>
				<Yaw>0</Yaw>
			</Attachment>
		</Attachment>
		<Attachment>
			<ModelHash>0x8fb3826a</ModelHash>
			<Type>3</Type>
			<Dynamic>false</Dynamic>
			<HashName>prop_roofpipe_06</HashName>
			<InitialHandle>52020</InitialHandle>
			<OpacityLevel>255</OpacityLevel>
			<LodDistance>16960</LodDistance>
			<IsVisible>true</IsVisible>
			<MaxHealth>1000</MaxHealth>
			<Health>1000</Health>
			<IsOnFire>false</IsOnFire>
			<IsInvincible>false</IsInvincible>
			<IsBulletProof>false</IsBulletProof>
			<IsCollisionProof>false</IsCollisionProof>
			<IsExplosionProof>false</IsExplosionProof>
			<IsFireProof>false</IsFireProof>
			<IsMeleeProof>false</IsMeleeProof>
			<IsOnlyDamagedByPlayer>false</IsOnlyDamagedByPlayer>
			<PositionRotation>
				<X>137.796753</X>
				<Y>704.396118</Y>
				<Z>209.066162</Z>
				<Pitch>-0.711064994</Pitch>
				<Roll>4.57507849</Roll>
				<Yaw>41.9907875</Yaw>
			</PositionRotation>
			<Attachment isAttached="true">
				<AttachedTo>132661</AttachedTo>
				<BoneIndex>0</BoneIndex>
				<X>-0.900000155</X>
				<Y>-2.89999962</Y>
				<Z>-0.400000036</Z>
				<Pitch>0</Pitch>
				<Roll>0</Roll>
				<Yaw>0</Yaw>
			</Attachment>
		</Attachment>
		<Attachment>
			<ModelHash>0x625223d7</ModelHash>
			<Type>3</Type>
			<Dynamic>false</Dynamic>
			<HashName>frag_plank_a</HashName>
			<InitialHandle>122932</InitialHandle>
			<OpacityLevel>255</OpacityLevel>
			<LodDistance>16960</LodDistance>
			<IsVisible>true</IsVisible>
			<MaxHealth>1000</MaxHealth>
			<Health>1000</Health>
			<IsOnFire>false</IsOnFire>
			<IsInvincible>false</IsInvincible>
			<IsBulletProof>false</IsBulletProof>
			<IsCollisionProof>false</IsCollisionProof>
			<IsExplosionProof>false</IsExplosionProof>
			<IsFireProof>false</IsFireProof>
			<IsMeleeProof>false</IsMeleeProof>
			<IsOnlyDamagedByPlayer>false</IsOnlyDamagedByPlayer>
			<PositionRotation>
				<X>138.673569</X>
				<Y>706.237549</Y>
				<Z>210.029388</Z>
				<Pitch>-0.711064994</Pitch>
				<Roll>4.57507849</Roll>
				<Yaw>41.9907875</Yaw>
			</PositionRotation>
			<Attachment isAttached="true">
				<AttachedTo>132661</AttachedTo>
				<BoneIndex>0</BoneIndex>
				<X>0.900000155</X>
				<Y>-2.12999964</Y>
				<Z>0.720000088</Z>
				<Pitch>0</Pitch>
				<Roll>0</Roll>
				<Yaw>0</Yaw>
			</Attachment>
		</Attachment>
		<Attachment>
			<ModelHash>0x72c1e134</ModelHash>
			<Type>3</Type>
			<Dynamic>false</Dynamic>
			<HashName>prop_coolbox_01</HashName>
			<InitialHandle>296245</InitialHandle>
			<OpacityLevel>255</OpacityLevel>
			<LodDistance>16960</LodDistance>
			<IsVisible>true</IsVisible>
			<MaxHealth>1000</MaxHealth>
			<Health>1000</Health>
			<IsOnFire>false</IsOnFire>
			<IsInvincible>false</IsInvincible>
			<IsBulletProof>false</IsBulletProof>
			<IsCollisionProof>false</IsCollisionProof>
			<IsExplosionProof>false</IsExplosionProof>
			<IsFireProof>false</IsFireProof>
			<IsMeleeProof>false</IsMeleeProof>
			<IsOnlyDamagedByPlayer>false</IsOnlyDamagedByPlayer>
			<PositionRotation>
				<X>138.00209</X>
				<Y>706.460266</Y>
				<Z>210.41095</Z>
				<Pitch>4.56157827</Pitch>
				<Roll>0.793231845</Roll>
				<Yaw>130.930786</Yaw>
			</PositionRotation>
			<Attachment isAttached="true">
				<AttachedTo>132661</AttachedTo>
				<BoneIndex>0</BoneIndex>
				<X>0.519999981</X>
				<Y>-1.52000058</Y>
				<Z>1.0800004</Z>
				<Pitch>0</Pitch>
				<Roll>0</Roll>
				<Yaw>89.0000076</Yaw>
			</Attachment>
		</Attachment>
		<Attachment>
			<ModelHash>0x625223d7</ModelHash>
			<Type>3</Type>
			<Dynamic>false</Dynamic>
			<HashName>frag_plank_a</HashName>
			<InitialHandle>170806</InitialHandle>
			<OpacityLevel>255</OpacityLevel>
			<LodDistance>16960</LodDistance>
			<IsVisible>true</IsVisible>
			<MaxHealth>1000</MaxHealth>
			<Health>1000</Health>
			<IsOnFire>false</IsOnFire>
			<IsInvincible>false</IsInvincible>
			<IsBulletProof>false</IsBulletProof>
			<IsCollisionProof>false</IsCollisionProof>
			<IsExplosionProof>false</IsExplosionProof>
			<IsFireProof>false</IsFireProof>
			<IsMeleeProof>false</IsMeleeProof>
			<IsOnlyDamagedByPlayer>false</IsOnlyDamagedByPlayer>
			<PositionRotation>
				<X>136.194717</X>
				<Y>707.685059</Y>
				<Z>210.356339</Z>
				<Pitch>4.57472515</Pitch>
				<Roll>-89.2866592</Roll>
				<Yaw>131.933899</Yaw>
			</PositionRotation>
			<Attachment isAttached="true">
				<AttachedTo>132661</AttachedTo>
				<BoneIndex>0</BoneIndex>
				<X>0</X>
				<Y>0.600000143</Y>
				<Z>1.00999939</Z>
				<Pitch>0</Pitch>
				<Roll>-90.0000076</Roll>
				<Yaw>90.0000076</Yaw>
			</Attachment>
		</Attachment>
		<Attachment>
			<ModelHash>0xc270d968</ModelHash>
			<Type>3</Type>
			<Dynamic>false</Dynamic>
			<HashName>prop_box_wood02a_mws</HashName>
			<InitialHandle>781876</InitialHandle>
			<OpacityLevel>255</OpacityLevel>
			<LodDistance>16960</LodDistance>
			<IsVisible>true</IsVisible>
			<MaxHealth>1000</MaxHealth>
			<Health>1000</Health>
			<IsOnFire>false</IsOnFire>
			<IsInvincible>false</IsInvincible>
			<IsBulletProof>false</IsBulletProof>
			<IsCollisionProof>false</IsCollisionProof>
			<IsExplosionProof>false</IsExplosionProof>
			<IsFireProof>false</IsFireProof>
			<IsMeleeProof>false</IsMeleeProof>
			<IsOnlyDamagedByPlayer>false</IsOnlyDamagedByPlayer>
			<PositionRotation>
				<X>137.313339</X>
				<Y>706.002686</Y>
				<Z>210.466888</Z>
				<Pitch>4.5747261</Pitch>
				<Roll>0.713336408</Roll>
				<Yaw>131.933914</Yaw>
			</PositionRotation>
			<Attachment isAttached="true">
				<AttachedTo>132661</AttachedTo>
				<BoneIndex>0</BoneIndex>
				<X>-0.300000072</X>
				<Y>-1.40000033</Y>
				<Z>1.07200146</Z>
				<Pitch>0</Pitch>
				<Roll>0</Roll>
				<Yaw>90.0000229</Yaw>
			</Attachment>
		</Attachment>
		<Attachment>
			<ModelHash>0x79b9b2f1</ModelHash>
			<Type>3</Type>
			<Dynamic>true</Dynamic>
			<HashName>lr_prop_boathousedoor_r</HashName>
			<InitialHandle>346678</InitialHandle>
			<OpacityLevel>255</OpacityLevel>
			<LodDistance>16960</LodDistance>
			<IsVisible>true</IsVisible>
			<MaxHealth>1000</MaxHealth>
			<Health>1000</Health>
			<IsOnFire>false</IsOnFire>
			<IsInvincible>false</IsInvincible>
			<IsBulletProof>false</IsBulletProof>
			<IsCollisionProof>false</IsCollisionProof>
			<IsExplosionProof>false</IsExplosionProof>
			<IsFireProof>false</IsFireProof>
			<IsMeleeProof>false</IsMeleeProof>
			<IsOnlyDamagedByPlayer>false</IsOnlyDamagedByPlayer>
			<PositionRotation>
				<X>138.406754</X>
				<Y>706.60907</Y>
				<Z>210.40097</Z>
				<Pitch>-85.3989944</Pitch>
				<Roll>86.537529</Roll>
				<Yaw>128.359863</Yaw>
			</PositionRotation>
			<Attachment isAttached="true">
				<AttachedTo>132661</AttachedTo>
				<BoneIndex>0</BoneIndex>
				<X>0.920000076</X>
				<Y>-1.68000054</Y>
				<Z>1.10000002</Z>
				<Pitch>271</Pitch>
				<Roll>1.10000026</Roll>
				<Yaw>1.00000012</Yaw>
			</Attachment>
		</Attachment>
		<Attachment>
			<ModelHash>0x4d6410f7</ModelHash>
			<Type>3</Type>
			<Dynamic>false</Dynamic>
			<HashName>prop_barrel_02a</HashName>
			<InitialHandle>445493</InitialHandle>
			<OpacityLevel>255</OpacityLevel>
			<LodDistance>16960</LodDistance>
			<IsVisible>true</IsVisible>
			<MaxHealth>1000</MaxHealth>
			<Health>1000</Health>
			<IsOnFire>false</IsOnFire>
			<IsInvincible>false</IsInvincible>
			<IsBulletProof>false</IsBulletProof>
			<IsCollisionProof>false</IsCollisionProof>
			<IsExplosionProof>false</IsExplosionProof>
			<IsFireProof>false</IsFireProof>
			<IsMeleeProof>false</IsMeleeProof>
			<IsOnlyDamagedByPlayer>false</IsOnlyDamagedByPlayer>
			<PositionRotation>
				<X>137.480331</X>
				<Y>705.385437</Y>
				<Z>209.622238</Z>
				<Pitch>-85.3702164</Pitch>
				<Roll>98.8435669</Roll>
				<Yaw>140.805954</Yaw>
			</PositionRotation>
			<Attachment isAttached="true">
				<AttachedTo>132661</AttachedTo>
				<BoneIndex>0</BoneIndex>
				<X>-0.519999981</X>
				<Y>-1.96000028</Y>
				<Z>0.199999928</Z>
				<Pitch>270.000031</Pitch>
				<Roll>0</Roll>
				<Yaw>0</Yaw>
			</Attachment>
		</Attachment>
		<Attachment>
			<ModelHash>0x8fb3826a</ModelHash>
			<Type>3</Type>
			<Dynamic>false</Dynamic>
			<HashName>prop_roofpipe_06</HashName>
			<InitialHandle>577589</InitialHandle>
			<OpacityLevel>255</OpacityLevel>
			<LodDistance>16960</LodDistance>
			<IsVisible>true</IsVisible>
			<MaxHealth>1000</MaxHealth>
			<Health>1000</Health>
			<IsOnFire>false</IsOnFire>
			<IsInvincible>false</IsInvincible>
			<IsBulletProof>false</IsBulletProof>
			<IsCollisionProof>false</IsCollisionProof>
			<IsExplosionProof>false</IsExplosionProof>
			<IsFireProof>false</IsFireProof>
			<IsMeleeProof>false</IsMeleeProof>
			<IsOnlyDamagedByPlayer>false</IsOnlyDamagedByPlayer>
			<PositionRotation>
				<X>136.119263</X>
				<Y>706.247864</Y>
				<Z>208.935471</Z>
				<Pitch>-0.711064994</Pitch>
				<Roll>4.57507849</Roll>
				<Yaw>41.9907875</Yaw>
			</PositionRotation>
			<Attachment isAttached="true">
				<AttachedTo>132661</AttachedTo>
				<BoneIndex>0</BoneIndex>
				<X>-0.900000095</X>
				<Y>-0.400000036</Y>
				<Z>-0.50000006</Z>
				<Pitch>0</Pitch>
				<Roll>0</Roll>
				<Yaw>0</Yaw>
			</Attachment>
		</Attachment>
		<Attachment>
			<ModelHash>0x9481d986</ModelHash>
			<Type>3</Type>
			<Dynamic>false</Dynamic>
			<HashName>v_res_smallplasticbox</HashName>
			<InitialHandle>690742</InitialHandle>
			<OpacityLevel>255</OpacityLevel>
			<LodDistance>16960</LodDistance>
			<IsVisible>true</IsVisible>
			<MaxHealth>1000</MaxHealth>
			<Health>1000</Health>
			<IsOnFire>false</IsOnFire>
			<IsInvincible>false</IsInvincible>
			<IsBulletProof>false</IsBulletProof>
			<IsCollisionProof>false</IsCollisionProof>
			<IsExplosionProof>false</IsExplosionProof>
			<IsFireProof>false</IsFireProof>
			<IsMeleeProof>false</IsMeleeProof>
			<IsOnlyDamagedByPlayer>false</IsOnlyDamagedByPlayer>
			<PositionRotation>
				<X>138.388763</X>
				<Y>706.122437</Y>
				<Z>210.432434</Z>
				<Pitch>4.57472515</Pitch>
				<Roll>0.713338554</Roll>
				<Yaw>131.933884</Yaw>
			</PositionRotation>
			<Attachment isAttached="true">
				<AttachedTo>132661</AttachedTo>
				<BoneIndex>0</BoneIndex>
				<X>0.580000043</X>
				<Y>-2.03000045</Y>
				<Z>1.10000014</Z>
				<Pitch>0</Pitch>
				<Roll>0</Roll>
				<Yaw>90.0000076</Yaw>
			</Attachment>
		</Attachment>
		<Attachment>
			<ModelHash>0xe9e2ec92</ModelHash>
			<Type>3</Type>
			<Dynamic>false</Dynamic>
			<HashName>prop_box_ammo04a</HashName>
			<InitialHandle>3383</InitialHandle>
			<OpacityLevel>255</OpacityLevel>
			<LodDistance>16960</LodDistance>
			<IsVisible>true</IsVisible>
			<MaxHealth>1000</MaxHealth>
			<Health>1000</Health>
			<IsOnFire>false</IsOnFire>
			<IsInvincible>false</IsInvincible>
			<IsBulletProof>false</IsBulletProof>
			<IsCollisionProof>false</IsCollisionProof>
			<IsExplosionProof>false</IsExplosionProof>
			<IsFireProof>false</IsFireProof>
			<IsMeleeProof>false</IsMeleeProof>
			<IsOnlyDamagedByPlayer>false</IsOnlyDamagedByPlayer>
			<PositionRotation>
				<X>137.98317</X>
				<Y>704.890564</Y>
				<Z>209.286438</Z>
				<Pitch>-0.711064994</Pitch>
				<Roll>4.57507849</Roll>
				<Yaw>41.9907875</Yaw>
			</PositionRotation>
			<Attachment isAttached="true">
				<AttachedTo>132661</AttachedTo>
				<BoneIndex>0</BoneIndex>
				<X>-0.450000018</X>
				<Y>-2.65999961</Y>
				<Z>-0.139999986</Z>
				<Pitch>0</Pitch>
				<Roll>0</Roll>
				<Yaw>0</Yaw>
			</Attachment>
		</Attachment>
		<Attachment>
			<ModelHash>0x625223d7</ModelHash>
			<Type>3</Type>
			<Dynamic>false</Dynamic>
			<HashName>frag_plank_a</HashName>
			<InitialHandle>88372</InitialHandle>
			<OpacityLevel>255</OpacityLevel>
			<LodDistance>16960</LodDistance>
			<IsVisible>true</IsVisible>
			<MaxHealth>1000</MaxHealth>
			<Health>1000</Health>
			<IsOnFire>false</IsOnFire>
			<IsInvincible>false</IsInvincible>
			<IsBulletProof>false</IsBulletProof>
			<IsCollisionProof>false</IsCollisionProof>
			<IsExplosionProof>false</IsExplosionProof>
			<IsFireProof>false</IsFireProof>
			<IsMeleeProof>false</IsMeleeProof>
			<IsOnlyDamagedByPlayer>false</IsOnlyDamagedByPlayer>
			<PositionRotation>
				<X>137.385406</X>
				<Y>704.986206</Y>
				<Z>210.16983</Z>
				<Pitch>-0.711064994</Pitch>
				<Roll>4.57507849</Roll>
				<Yaw>41.9907875</Yaw>
			</PositionRotation>
			<Attachment isAttached="true">
				<AttachedTo>132661</AttachedTo>
				<BoneIndex>0</BoneIndex>
				<X>-0.900000095</X>
				<Y>-2.20000005</Y>
				<Z>0.715999842</Z>
				<Pitch>0</Pitch>
				<Roll>0</Roll>
				<Yaw>0</Yaw>
			</Attachment>
		</Attachment>
		<Attachment>
			<ModelHash>0x7f805e33</ModelHash>
			<Type>3</Type>
			<Dynamic>false</Dynamic>
			<HashName>frag_plank_b</HashName>
			<InitialHandle>23347</InitialHandle>
			<OpacityLevel>255</OpacityLevel>
			<LodDistance>16960</LodDistance>
			<IsVisible>true</IsVisible>
			<MaxHealth>1000</MaxHealth>
			<Health>1000</Health>
			<IsOnFire>false</IsOnFire>
			<IsInvincible>false</IsInvincible>
			<IsBulletProof>false</IsBulletProof>
			<IsCollisionProof>false</IsCollisionProof>
			<IsExplosionProof>false</IsExplosionProof>
			<IsFireProof>false</IsFireProof>
			<IsMeleeProof>false</IsMeleeProof>
			<IsOnlyDamagedByPlayer>false</IsOnlyDamagedByPlayer>
			<PositionRotation>
				<X>138.742722</X>
				<Y>705.264343</Y>
				<Z>210.066864</Z>
				<Pitch>4.57092762</Pitch>
				<Roll>0.737327874</Roll>
				<Yaw>131.63298</Yaw>
			</PositionRotation>
			<Attachment isAttached="true">
				<AttachedTo>132661</AttachedTo>
				<BoneIndex>0</BoneIndex>
				<X>0.300000161</X>
				<Y>-2.89999962</Y>
				<Z>0.700000107</Z>
				<Pitch>0</Pitch>
				<Roll>0</Roll>
				<Yaw>89.7000427</Yaw>
			</Attachment>
		</Attachment>
		<Attachment>
			<ModelHash>0xab39f229</ModelHash>
			<Type>3</Type>
			<Dynamic>false</Dynamic>
			<HashName>prop_box_ammo03a</HashName>
			<InitialHandle>403509</InitialHandle>
			<OpacityLevel>255</OpacityLevel>
			<LodDistance>16960</LodDistance>
			<IsVisible>true</IsVisible>
			<MaxHealth>1000</MaxHealth>
			<Health>1000</Health>
			<IsOnFire>false</IsOnFire>
			<IsInvincible>false</IsInvincible>
			<IsBulletProof>false</IsBulletProof>
			<IsCollisionProof>false</IsCollisionProof>
			<IsExplosionProof>false</IsExplosionProof>
			<IsFireProof>false</IsFireProof>
			<IsMeleeProof>false</IsMeleeProof>
			<IsOnlyDamagedByPlayer>false</IsOnlyDamagedByPlayer>
			<PositionRotation>
				<X>138.403473</X>
				<Y>705.791992</Y>
				<Z>209.188293</Z>
				<Pitch>4.56157827</Pitch>
				<Roll>0.793231845</Roll>
				<Yaw>130.930786</Yaw>
			</PositionRotation>
			<Attachment isAttached="true">
				<AttachedTo>132661</AttachedTo>
				<BoneIndex>0</BoneIndex>
				<X>0.470000625</X>
				<Y>-2.2700007</Y>
				<Z>-0.160000056</Z>
				<Pitch>0</Pitch>
				<Roll>0</Roll>
				<Yaw>89.0000076</Yaw>
			</Attachment>
		</Attachment>
		<Attachment>
			<ModelHash>0x7f805e33</ModelHash>
			<Type>3</Type>
			<Dynamic>true</Dynamic>
			<HashName>frag_plank_b</HashName>
			<InitialHandle>708917</InitialHandle>
			<OpacityLevel>255</OpacityLevel>
			<LodDistance>16960</LodDistance>
			<IsVisible>true</IsVisible>
			<MaxHealth>1000</MaxHealth>
			<Health>1000</Health>
			<IsOnFire>false</IsOnFire>
			<IsInvincible>false</IsInvincible>
			<IsBulletProof>false</IsBulletProof>
			<IsCollisionProof>false</IsCollisionProof>
			<IsExplosionProof>false</IsExplosionProof>
			<IsFireProof>false</IsFireProof>
			<IsMeleeProof>false</IsMeleeProof>
			<IsOnlyDamagedByPlayer>false</IsOnlyDamagedByPlayer>
			<PositionRotation>
				<X>138.296463</X>
				<Y>704.86615</Y>
				<Z>210.1147</Z>
				<Pitch>4.57718754</Pitch>
				<Roll>0.697332263</Roll>
				<Yaw>132.134506</Yaw>
			</PositionRotation>
			<Attachment isAttached="true">
				<AttachedTo>132661</AttachedTo>
				<BoneIndex>0</BoneIndex>
				<X>-0.300000072</X>
				<Y>-2.89799976</Y>
				<Z>0.700000167</Z>
				<Pitch>0</Pitch>
				<Roll>0</Roll>
				<Yaw>90.2000046</Yaw>
			</Attachment>
		</Attachment>
		<Attachment>
			<ModelHash>0x66f2b0e9</ModelHash>
			<Type>3</Type>
			<Dynamic>false</Dynamic>
			<HashName>prop_roofpipe_01</HashName>
			<InitialHandle>35892</InitialHandle>
			<OpacityLevel>255</OpacityLevel>
			<LodDistance>16960</LodDistance>
			<IsVisible>true</IsVisible>
			<MaxHealth>1000</MaxHealth>
			<Health>1000</Health>
			<IsOnFire>false</IsOnFire>
			<IsInvincible>false</IsInvincible>
			<IsBulletProof>false</IsBulletProof>
			<IsCollisionProof>false</IsCollisionProof>
			<IsExplosionProof>false</IsExplosionProof>
			<IsFireProof>false</IsFireProof>
			<IsMeleeProof>false</IsMeleeProof>
			<IsOnlyDamagedByPlayer>false</IsOnlyDamagedByPlayer>
			<PositionRotation>
				<X>135.051865</X>
				<Y>707.308594</Y>
				<Z>209.124176</Z>
				<Pitch>11.7055273</Pitch>
				<Roll>-10.6190958</Roll>
				<Yaw>134.883743</Yaw>
			</PositionRotation>
			<Attachment isAttached="true">
				<AttachedTo>132661</AttachedTo>
				<BoneIndex>0</BoneIndex>
				<X>-1.00000012</X>
				<Y>1.10000014</Y>
				<Z>-0.300000042</Z>
				<Pitch>7.09999847</Pitch>
				<Roll>-11.1000061</Roll>
				<Yaw>93.0000076</Yaw>
			</Attachment>
		</Attachment>
		<Attachment>
			<ModelHash>0x6cb93ba4</ModelHash>
			<Type>3</Type>
			<Dynamic>false</Dynamic>
			<HashName>prop_box_ammo06a</HashName>
			<InitialHandle>780851</InitialHandle>
			<OpacityLevel>255</OpacityLevel>
			<LodDistance>16960</LodDistance>
			<IsVisible>true</IsVisible>
			<MaxHealth>1000</MaxHealth>
			<Health>1000</Health>
			<IsOnFire>false</IsOnFire>
			<IsInvincible>false</IsInvincible>
			<IsBulletProof>false</IsBulletProof>
			<IsCollisionProof>false</IsCollisionProof>
			<IsExplosionProof>false</IsExplosionProof>
			<IsFireProof>false</IsFireProof>
			<IsMeleeProof>false</IsMeleeProof>
			<IsOnlyDamagedByPlayer>false</IsOnlyDamagedByPlayer>
			<PositionRotation>
				<X>138.572479</X>
				<Y>705.855774</Y>
				<Z>209.536819</Z>
				<Pitch>4.56157827</Pitch>
				<Roll>0.793231845</Roll>
				<Yaw>130.930786</Yaw>
			</PositionRotation>
			<Attachment isAttached="true">
				<AttachedTo>132661</AttachedTo>
				<BoneIndex>0</BoneIndex>
				<X>0.610000074</X>
				<Y>-2.34000015</Y>
				<Z>0.200000033</Z>
				<Pitch>0</Pitch>
				<Roll>0</Roll>
				<Yaw>89.0000076</Yaw>
			</Attachment>
		</Attachment>
	</SpoonerAttachments>
</Vehicle>
