<?xml version="1.0" encoding="ISO-8859-1"?>
<Vehicle menyoo_ver="0.9998744b">
	<ModelHash>0xbf1691e0</ModelHash>
	<InitialHandle>500741</InitialHandle>
	<VehicleProperties>
		<Colours>
			<Primary>14</Primary>
			<Secondary>154</Secondary>
			<Pearl>0</Pearl>
			<Rim>156</Rim>
			<Mod1_a>6</Mod1_a>
			<Mod1_b>-1</Mod1_b>
			<Mod1_c>-1</Mod1_c>
			<Mod2_a>6</Mod2_a>
			<Mod2_b>-1</Mod2_b>
			<IsPrimaryColourCustom>false</IsPrimaryColourCustom>
			<IsSecondaryColourCustom>false</IsSecondaryColourCustom>
			<tyreSmoke_R>255</tyreSmoke_R>
			<tyreSmoke_G>255</tyreSmoke_G>
			<tyreSmoke_B>255</tyreSmoke_B>
			<LrInterior>0</LrInterior>
			<LrDashboard>0</LrDashboard>
		</Colours>
		<Livery>-1</Livery>
		<NumberPlateText>85ASY430</NumberPlateText>
		<NumberPlateIndex>0</NumberPlateIndex>
		<WheelType>4</WheelType>
		<WheelsInvisible>false</WheelsInvisible>
		<EngineSoundName></EngineSoundName>
		<WindowTint>-1</WindowTint>
		<BulletProofTyres>true</BulletProofTyres>
		<DirtLevel>0.0553450063</DirtLevel>
		<PaintFade>0.298039228</PaintFade>
		<RoofState>0</RoofState>
		<SirenActive>false</SirenActive>
		<EngineOn>true</EngineOn>
		<EngineHealth>1000</EngineHealth>
		<LightsOn>false</LightsOn>
		<IsRadioLoud>0</IsRadioLoud>
		<LockStatus>1</LockStatus>
		<Neons>
			<Left>false</Left>
			<Right>false</Right>
			<Front>false</Front>
			<Back>false</Back>
			<R>255</R>
			<G>0</G>
			<B>255</B>
		</Neons>
		<ModExtras />
		<Mods>
			<_0>-1,0</_0>
			<_1>-1,0</_1>
			<_2>-1,0</_2>
			<_3>-1,0</_3>
			<_4>-1,0</_4>
			<_5>-1,0</_5>
			<_6>-1,0</_6>
			<_7>-1,0</_7>
			<_8>-1,0</_8>
			<_9>-1,0</_9>
			<_10>-1,0</_10>
			<_11>3,0</_11>
			<_12>2,0</_12>
			<_13>2,0</_13>
			<_14>0,0</_14>
			<_15>3,0</_15>
			<_16>4,0</_16>
			<_17>false</_17>
			<_18>true</_18>
			<_19>false</_19>
			<_20>false</_20>
			<_21>false</_21>
			<_22>true</_22>
			<_23>3,0</_23>
			<_24>-1,0</_24>
			<_25>-1,0</_25>
			<_26>-1,0</_26>
			<_27>-1,0</_27>
			<_28>-1,0</_28>
			<_29>-1,0</_29>
			<_30>-1,0</_30>
			<_31>-1,0</_31>
			<_32>-1,0</_32>
			<_33>-1,0</_33>
			<_34>-1,0</_34>
			<_35>-1,0</_35>
			<_36>-1,0</_36>
			<_37>-1,0</_37>
			<_38>-1,0</_38>
			<_39>-1,0</_39>
			<_40>-1,0</_40>
			<_41>-1,0</_41>
			<_42>-1,0</_42>
			<_43>-1,0</_43>
			<_44>-1,0</_44>
			<_45>-1,0</_45>
			<_46>-1,0</_46>
			<_47>-1,0</_47>
			<_48>-1,0</_48>
		</Mods>
		<DoorsOpen>
			<BackLeftDoor>false</BackLeftDoor>
			<BackRightDoor>false</BackRightDoor>
			<FrontLeftDoor>false</FrontLeftDoor>
			<FrontRightDoor>false</FrontRightDoor>
			<Hood>false</Hood>
			<Trunk>false</Trunk>
			<Trunk2>false</Trunk2>
		</DoorsOpen>
		<DoorsBroken>
			<BackLeftDoor>false</BackLeftDoor>
			<BackRightDoor>false</BackRightDoor>
			<FrontLeftDoor>false</FrontLeftDoor>
			<FrontRightDoor>false</FrontRightDoor>
			<Hood>false</Hood>
			<Trunk>false</Trunk>
			<Trunk2>false</Trunk2>
		</DoorsBroken>
		<TyresBursted>
			<FrontLeft>false</FrontLeft>
			<FrontRight>false</FrontRight>
			<_2>false</_2>
			<_3>false</_3>
			<BackLeft>false</BackLeft>
			<BackRight>false</BackRight>
			<_6>false</_6>
			<_7>false</_7>
			<_8>false</_8>
		</TyresBursted>
		<RpmMultiplier>1</RpmMultiplier>
		<TorqueMultiplier>1</TorqueMultiplier>
		<HeadlightIntensity>1</HeadlightIntensity>
	</VehicleProperties>
	<OpacityLevel>255</OpacityLevel>
	<LodDistance>16960</LodDistance>
	<IsVisible>true</IsVisible>
	<IsDriverVisible>true</IsDriverVisible>
	<MaxHealth>1000</MaxHealth>
	<Health>1000</Health>
	<HasGravity>true</HasGravity>
	<IsOnFire>false</IsOnFire>
	<IsInvincible>true</IsInvincible>
	<IsBulletProof>false</IsBulletProof>
	<IsExplosionProof>true</IsExplosionProof>
	<IsFireProof>false</IsFireProof>
	<IsMeleeProof>true</IsMeleeProof>
	<IsOnlyDamagedByPlayer>false</IsOnlyDamagedByPlayer>
	<SpoonerAttachments SetAttachmentsPersistentAndAddToSpoonerDatabase="false" StartTaskSequencesOnLoad="true">
		<Attachment>
			<ModelHash>0x491b8ffa</ModelHash>
			<Type>3</Type>
			<Dynamic>false</Dynamic>
			<FrozenPos>true</FrozenPos>
			<HashName>prop_water_ramp_02</HashName>
			<InitialHandle>409352</InitialHandle>
			<ObjectProperties>
				<TextureVariation>0</TextureVariation>
			</ObjectProperties>
			<OpacityLevel>255</OpacityLevel>
			<LodDistance>16960</LodDistance>
			<IsVisible>true</IsVisible>
			<MaxHealth>1000</MaxHealth>
			<Health>1000</Health>
			<HasGravity>true</HasGravity>
			<IsOnFire>false</IsOnFire>
			<IsInvincible>false</IsInvincible>
			<IsBulletProof>false</IsBulletProof>
			<IsCollisionProof>false</IsCollisionProof>
			<IsExplosionProof>false</IsExplosionProof>
			<IsFireProof>false</IsFireProof>
			<IsMeleeProof>false</IsMeleeProof>
			<IsOnlyDamagedByPlayer>false</IsOnlyDamagedByPlayer>
			<PositionRotation>
				<X>-289.578857</X>
				<Y>-1008.31604</Y>
				<Z>29.9214191</Z>
				<Pitch>0.0131951524</Pitch>
				<Roll>-0.0350764133</Roll>
				<Yaw>80.6162643</Yaw>
			</PositionRotation>
			<Attachment isAttached="true">
				<AttachedTo>500741</AttachedTo>
				<BoneIndex>0</BoneIndex>
				<X>-0.455347717</X>
				<Y>2.29192877</Y>
				<Z>0.144318715</Z>
				<Pitch>-0.00459104916</Pitch>
				<Roll>0.0129348729</Roll>
				<Yaw>178.806488</Yaw>
			</Attachment>
		</Attachment>
		<Attachment>
			<ModelHash>0x491b8ffa</ModelHash>
			<Type>3</Type>
			<Dynamic>false</Dynamic>
			<FrozenPos>true</FrozenPos>
			<HashName>prop_water_ramp_02</HashName>
			<InitialHandle>320267</InitialHandle>
			<ObjectProperties>
				<TextureVariation>0</TextureVariation>
			</ObjectProperties>
			<OpacityLevel>255</OpacityLevel>
			<LodDistance>16960</LodDistance>
			<IsVisible>true</IsVisible>
			<MaxHealth>1000</MaxHealth>
			<Health>1000</Health>
			<HasGravity>true</HasGravity>
			<IsOnFire>false</IsOnFire>
			<IsInvincible>false</IsInvincible>
			<IsBulletProof>false</IsBulletProof>
			<IsCollisionProof>false</IsCollisionProof>
			<IsExplosionProof>false</IsExplosionProof>
			<IsFireProof>false</IsFireProof>
			<IsMeleeProof>false</IsMeleeProof>
			<IsOnlyDamagedByPlayer>false</IsOnlyDamagedByPlayer>
			<PositionRotation>
				<X>-292.274994</X>
				<Y>-1007.83411</Y>
				<Z>30.7464809</Z>
				<Pitch>0.0131130992</Pitch>
				<Roll>-0.0351067372</Roll>
				<Yaw>80.7141495</Yaw>
			</PositionRotation>
			<Attachment isAttached="true">
				<AttachedTo>500741</AttachedTo>
				<BoneIndex>0</BoneIndex>
				<X>-0.548979819</X>
				<Y>-0.44562611</Y>
				<Z>0.968499541</Z>
				<Pitch>-0.00459104916</Pitch>
				<Roll>0.0129348729</Roll>
				<Yaw>178.904373</Yaw>
			</Attachment>
		</Attachment>
		<Attachment>
			<ModelHash>0xc972c9d5</ModelHash>
			<Type>3</Type>
			<Dynamic>false</Dynamic>
			<FrozenPos>true</FrozenPos>
			<HashName>prop_rub_carwreck_3</HashName>
			<InitialHandle>280589</InitialHandle>
			<ObjectProperties>
				<TextureVariation>0</TextureVariation>
			</ObjectProperties>
			<OpacityLevel>255</OpacityLevel>
			<LodDistance>16960</LodDistance>
			<IsVisible>true</IsVisible>
			<MaxHealth>1000</MaxHealth>
			<Health>1000</Health>
			<HasGravity>true</HasGravity>
			<IsOnFire>false</IsOnFire>
			<IsInvincible>false</IsInvincible>
			<IsBulletProof>false</IsBulletProof>
			<IsCollisionProof>false</IsCollisionProof>
			<IsExplosionProof>false</IsExplosionProof>
			<IsFireProof>false</IsFireProof>
			<IsMeleeProof>false</IsMeleeProof>
			<IsOnlyDamagedByPlayer>false</IsOnlyDamagedByPlayer>
			<PositionRotation>
				<X>-294.264496</X>
				<Y>-1008.22327</Y>
				<Z>29.7821789</Z>
				<Pitch>-0.0214436706</Pitch>
				<Roll>0.0612817816</Roll>
				<Yaw>-98.2735214</Yaw>
			</PositionRotation>
			<Attachment isAttached="true">
				<AttachedTo>500741</AttachedTo>
				<BoneIndex>0</BoneIndex>
				<X>0.12043222</X>
				<Y>-2.35912228</Y>
				<Z>0.00420122594</Z>
				<Pitch>-0.00459104916</Pitch>
				<Roll>0.0129348729</Roll>
				<Yaw>-0.0833172798</Yaw>
			</Attachment>
		</Attachment>
		<Attachment>
			<ModelHash>0x979e446a</ModelHash>
			<Type>3</Type>
			<Dynamic>false</Dynamic>
			<FrozenPos>true</FrozenPos>
			<HashName>prop_wheel_05</HashName>
			<InitialHandle>285455</InitialHandle>
			<ObjectProperties>
				<TextureVariation>0</TextureVariation>
			</ObjectProperties>
			<OpacityLevel>255</OpacityLevel>
			<LodDistance>16960</LodDistance>
			<IsVisible>true</IsVisible>
			<MaxHealth>1000</MaxHealth>
			<Health>1000</Health>
			<HasGravity>true</HasGravity>
			<IsOnFire>false</IsOnFire>
			<IsInvincible>false</IsInvincible>
			<IsBulletProof>false</IsBulletProof>
			<IsCollisionProof>false</IsCollisionProof>
			<IsExplosionProof>false</IsExplosionProof>
			<IsFireProof>false</IsFireProof>
			<IsMeleeProof>false</IsMeleeProof>
			<IsOnlyDamagedByPlayer>false</IsOnlyDamagedByPlayer>
			<PositionRotation>
				<X>-295.327454</X>
				<Y>-1008.87903</Y>
				<Z>29.76754</Z>
				<Pitch>0.0429680943</Pitch>
				<Roll>0.0318969823</Roll>
				<Yaw>-10.7936192</Yaw>
			</PositionRotation>
			<Attachment isAttached="true">
				<AttachedTo>500741</AttachedTo>
				<BoneIndex>0</BoneIndex>
				<X>0.920988202</X>
				<Y>-3.31780934</Y>
				<Z>-0.0100414772</Z>
				<Pitch>-0.00459104916</Pitch>
				<Roll>0.0129348729</Roll>
				<Yaw>87.3966141</Yaw>
			</Attachment>
		</Attachment>
		<Attachment>
			<ModelHash>0x979e446a</ModelHash>
			<Type>3</Type>
			<Dynamic>false</Dynamic>
			<FrozenPos>true</FrozenPos>
			<HashName>prop_wheel_05</HashName>
			<InitialHandle>338191</InitialHandle>
			<ObjectProperties>
				<TextureVariation>0</TextureVariation>
			</ObjectProperties>
			<OpacityLevel>255</OpacityLevel>
			<LodDistance>16960</LodDistance>
			<IsVisible>true</IsVisible>
			<MaxHealth>1000</MaxHealth>
			<Health>1000</Health>
			<HasGravity>true</HasGravity>
			<IsOnFire>false</IsOnFire>
			<IsInvincible>false</IsInvincible>
			<IsBulletProof>false</IsBulletProof>
			<IsCollisionProof>false</IsCollisionProof>
			<IsExplosionProof>false</IsExplosionProof>
			<IsFireProof>false</IsFireProof>
			<IsMeleeProof>false</IsMeleeProof>
			<IsOnlyDamagedByPlayer>false</IsOnlyDamagedByPlayer>
			<PositionRotation>
				<X>-295.141846</X>
				<Y>-1007.09473</Y>
				<Z>29.7694855</Z>
				<Pitch>-0.0536763184</Pitch>
				<Roll>-0.0016277656</Roll>
				<Yaw>174.419235</Yaw>
			</PositionRotation>
			<Attachment isAttached="true">
				<AttachedTo>500741</AttachedTo>
				<BoneIndex>0</BoneIndex>
				<X>-0.871597648</X>
				<Y>-3.38828015</Y>
				<Z>-0.00963114295</Z>
				<Pitch>-0.00459104916</Pitch>
				<Roll>0.0129348729</Roll>
				<Yaw>-87.3905258</Yaw>
			</Attachment>
		</Attachment>
		<Attachment>
			<ModelHash>0x4a46e08e</ModelHash>
			<Type>3</Type>
			<Dynamic>false</Dynamic>
			<FrozenPos>true</FrozenPos>
			<HashName>prop_mb_ordnance_02</HashName>
			<InitialHandle>351505</InitialHandle>
			<ObjectProperties>
				<TextureVariation>0</TextureVariation>
			</ObjectProperties>
			<OpacityLevel>255</OpacityLevel>
			<LodDistance>16960</LodDistance>
			<IsVisible>true</IsVisible>
			<MaxHealth>1000</MaxHealth>
			<Health>1000</Health>
			<HasGravity>true</HasGravity>
			<IsOnFire>false</IsOnFire>
			<IsInvincible>false</IsInvincible>
			<IsBulletProof>false</IsBulletProof>
			<IsCollisionProof>false</IsCollisionProof>
			<IsExplosionProof>false</IsExplosionProof>
			<IsFireProof>false</IsFireProof>
			<IsMeleeProof>false</IsMeleeProof>
			<IsOnlyDamagedByPlayer>false</IsOnlyDamagedByPlayer>
			<PositionRotation>
				<X>-295.051666</X>
				<Y>-1007.98761</Y>
				<Z>30.0906143</Z>
				<Pitch>-0.052747421</Pitch>
				<Roll>19.9955349</Roll>
				<Yaw>171.08165</Yaw>
			</PositionRotation>
			<Attachment isAttached="true">
				<AttachedTo>500741</AttachedTo>
				<BoneIndex>0</BoneIndex>
				<X>-0.000937856559</X>
				<Y>-3.17190003</Y>
				<Z>0.312296599</Z>
				<Pitch>-0.00459104916</Pitch>
				<Roll>20.012928</Roll>
				<Yaw>-90.7281113</Yaw>
			</Attachment>
		</Attachment>
		<Attachment>
			<ModelHash>0x9303e1a6</ModelHash>
			<Type>3</Type>
			<Dynamic>false</Dynamic>
			<FrozenPos>true</FrozenPos>
			<HashName>prop_conc_sacks_02a</HashName>
			<InitialHandle>406548</InitialHandle>
			<ObjectProperties>
				<TextureVariation>0</TextureVariation>
			</ObjectProperties>
			<OpacityLevel>255</OpacityLevel>
			<LodDistance>16960</LodDistance>
			<IsVisible>true</IsVisible>
			<MaxHealth>1000</MaxHealth>
			<Health>1000</Health>
			<HasGravity>true</HasGravity>
			<IsOnFire>false</IsOnFire>
			<IsInvincible>false</IsInvincible>
			<IsBulletProof>false</IsBulletProof>
			<IsCollisionProof>false</IsCollisionProof>
			<IsExplosionProof>false</IsExplosionProof>
			<IsFireProof>false</IsFireProof>
			<IsMeleeProof>false</IsMeleeProof>
			<IsOnlyDamagedByPlayer>false</IsOnlyDamagedByPlayer>
			<PositionRotation>
				<X>-293.625519</X>
				<Y>-1009.17572</Y>
				<Z>29.6724243</Z>
				<Pitch>0.042540092</Pitch>
				<Roll>0.032937102</Roll>
				<Yaw>-12.052289</Yaw>
			</PositionRotation>
			<Attachment isAttached="true">
				<AttachedTo>500741</AttachedTo>
				<BoneIndex>0</BoneIndex>
				<X>0.972249806</X>
				<Y>-1.59091973</Y>
				<Z>-0.104608998</Z>
				<Pitch>-0.00459104916</Pitch>
				<Roll>0.0129348729</Roll>
				<Yaw>86.1379471</Yaw>
			</Attachment>
		</Attachment>
		<Attachment>
			<ModelHash>0x9303e1a6</ModelHash>
			<Type>3</Type>
			<Dynamic>false</Dynamic>
			<FrozenPos>true</FrozenPos>
			<HashName>prop_conc_sacks_02a</HashName>
			<InitialHandle>584212</InitialHandle>
			<ObjectProperties>
				<TextureVariation>0</TextureVariation>
			</ObjectProperties>
			<OpacityLevel>255</OpacityLevel>
			<LodDistance>16960</LodDistance>
			<IsVisible>true</IsVisible>
			<MaxHealth>1000</MaxHealth>
			<Health>1000</Health>
			<HasGravity>true</HasGravity>
			<IsOnFire>false</IsOnFire>
			<IsInvincible>false</IsInvincible>
			<IsBulletProof>false</IsBulletProof>
			<IsCollisionProof>false</IsCollisionProof>
			<IsExplosionProof>false</IsExplosionProof>
			<IsFireProof>false</IsFireProof>
			<IsMeleeProof>false</IsMeleeProof>
			<IsOnlyDamagedByPlayer>false</IsOnlyDamagedByPlayer>
			<PositionRotation>
				<X>-293.371704</X>
				<Y>-1007.24603</Y>
				<Z>29.6754017</Z>
				<Pitch>-0.0534149669</Pitch>
				<Roll>-0.00248133275</Roll>
				<Yaw>173.420273</Yaw>
			</PositionRotation>
			<Attachment isAttached="true">
				<AttachedTo>500741</AttachedTo>
				<BoneIndex>0</BoneIndex>
				<X>-0.973936141</X>
				<Y>-1.61462438</Y>
				<Z>-0.103280813</Z>
				<Pitch>-0.00459104916</Pitch>
				<Roll>0.0129348729</Roll>
				<Yaw>-88.3894958</Yaw>
			</Attachment>
		</Attachment>
		<Attachment>
			<ModelHash>0x9303e1a6</ModelHash>
			<Type>3</Type>
			<Dynamic>false</Dynamic>
			<FrozenPos>true</FrozenPos>
			<HashName>prop_conc_sacks_02a</HashName>
			<InitialHandle>769045</InitialHandle>
			<ObjectProperties>
				<TextureVariation>0</TextureVariation>
			</ObjectProperties>
			<OpacityLevel>255</OpacityLevel>
			<LodDistance>16960</LodDistance>
			<IsVisible>true</IsVisible>
			<MaxHealth>1000</MaxHealth>
			<Health>1000</Health>
			<HasGravity>true</HasGravity>
			<IsOnFire>false</IsOnFire>
			<IsInvincible>false</IsInvincible>
			<IsBulletProof>false</IsBulletProof>
			<IsCollisionProof>false</IsCollisionProof>
			<IsExplosionProof>false</IsExplosionProof>
			<IsFireProof>false</IsFireProof>
			<IsMeleeProof>false</IsMeleeProof>
			<IsOnlyDamagedByPlayer>false</IsOnlyDamagedByPlayer>
			<PositionRotation>
				<X>-293.675385</X>
				<Y>-1008.16168</Y>
				<Z>30.2665844</Z>
				<Pitch>0.0119441291</Pitch>
				<Roll>-0.035521511</Roll>
				<Yaw>82.1022339</Yaw>
			</PositionRotation>
			<Attachment isAttached="true">
				<AttachedTo>500741</AttachedTo>
				<BoneIndex>0</BoneIndex>
				<X>-0.0248453841</X>
				<Y>-1.78492785</Y>
				<Z>0.488653034</Z>
				<Pitch>-0.00459104916</Pitch>
				<Roll>0.0129348729</Roll>
				<Yaw>180.292465</Yaw>
			</Attachment>
		</Attachment>
		<Attachment>
			<ModelHash>0x9303e1a6</ModelHash>
			<Type>3</Type>
			<Dynamic>false</Dynamic>
			<FrozenPos>true</FrozenPos>
			<HashName>prop_conc_sacks_02a</HashName>
			<InitialHandle>589845</InitialHandle>
			<ObjectProperties>
				<TextureVariation>0</TextureVariation>
			</ObjectProperties>
			<OpacityLevel>255</OpacityLevel>
			<LodDistance>16960</LodDistance>
			<IsVisible>true</IsVisible>
			<MaxHealth>1000</MaxHealth>
			<Health>1000</Health>
			<HasGravity>true</HasGravity>
			<IsOnFire>false</IsOnFire>
			<IsInvincible>false</IsInvincible>
			<IsBulletProof>false</IsBulletProof>
			<IsCollisionProof>false</IsCollisionProof>
			<IsExplosionProof>false</IsExplosionProof>
			<IsFireProof>false</IsFireProof>
			<IsMeleeProof>false</IsMeleeProof>
			<IsOnlyDamagedByPlayer>false</IsOnlyDamagedByPlayer>
			<PositionRotation>
				<X>-293.079681</X>
				<Y>-1008.27826</Y>
				<Z>30.147438</Z>
				<Pitch>-0.0227879975</Pitch>
				<Roll>0.0607920028</Roll>
				<Yaw>-99.8746872</Yaw>
			</PositionRotation>
			<Attachment isAttached="true">
				<AttachedTo>500741</AttachedTo>
				<BoneIndex>0</BoneIndex>
				<X>0.0057838005</X>
				<Y>-1.17865443</Y>
				<Z>0.369710594</Z>
				<Pitch>-0.00459104916</Pitch>
				<Roll>0.0129348729</Roll>
				<Yaw>-1.68448305</Yaw>
			</Attachment>
		</Attachment>
		<Attachment>
			<ModelHash>0x9303e1a6</ModelHash>
			<Type>3</Type>
			<Dynamic>false</Dynamic>
			<FrozenPos>true</FrozenPos>
			<HashName>prop_conc_sacks_02a</HashName>
			<InitialHandle>331542</InitialHandle>
			<ObjectProperties>
				<TextureVariation>0</TextureVariation>
			</ObjectProperties>
			<OpacityLevel>255</OpacityLevel>
			<LodDistance>16960</LodDistance>
			<IsVisible>true</IsVisible>
			<MaxHealth>1000</MaxHealth>
			<Health>1000</Health>
			<HasGravity>true</HasGravity>
			<IsOnFire>false</IsOnFire>
			<IsInvincible>false</IsInvincible>
			<IsBulletProof>false</IsBulletProof>
			<IsCollisionProof>false</IsCollisionProof>
			<IsExplosionProof>false</IsExplosionProof>
			<IsFireProof>false</IsFireProof>
			<IsMeleeProof>false</IsMeleeProof>
			<IsOnlyDamagedByPlayer>false</IsOnlyDamagedByPlayer>
			<PositionRotation>
				<X>-292.795959</X>
				<Y>-1008.37018</Y>
				<Z>30.1909294</Z>
				<Pitch>-0.0214062687</Pitch>
				<Roll>0.0612947941</Roll>
				<Yaw>-98.2292099</Yaw>
			</PositionRotation>
			<Attachment isAttached="true">
				<AttachedTo>500741</AttachedTo>
				<BoneIndex>0</BoneIndex>
				<X>0.056297157</X>
				<Y>-0.88473016</Y>
				<Z>0.413331032</Z>
				<Pitch>-0.00459104916</Pitch>
				<Roll>0.0129348729</Roll>
				<Yaw>-0.0390002728</Yaw>
			</Attachment>
		</Attachment>
		<Attachment>
			<ModelHash>0xc89630b8</ModelHash>
			<Type>3</Type>
			<Dynamic>false</Dynamic>
			<FrozenPos>true</FrozenPos>
			<HashName>prop_minigun_01</HashName>
			<InitialHandle>616728</InitialHandle>
			<ObjectProperties>
				<TextureVariation>0</TextureVariation>
			</ObjectProperties>
			<OpacityLevel>255</OpacityLevel>
			<LodDistance>16960</LodDistance>
			<IsVisible>true</IsVisible>
			<MaxHealth>1000</MaxHealth>
			<Health>1000</Health>
			<HasGravity>true</HasGravity>
			<IsOnFire>false</IsOnFire>
			<IsInvincible>false</IsInvincible>
			<IsBulletProof>false</IsBulletProof>
			<IsCollisionProof>false</IsCollisionProof>
			<IsExplosionProof>false</IsExplosionProof>
			<IsFireProof>false</IsFireProof>
			<IsMeleeProof>false</IsMeleeProof>
			<IsOnlyDamagedByPlayer>false</IsOnlyDamagedByPlayer>
			<PositionRotation>
				<X>-289.79895</X>
				<Y>-1009.7334</Y>
				<Z>29.8425007</Z>
				<Pitch>-89.9557571</Pitch>
				<Roll>7.47169876</Roll>
				<Yaw>0</Yaw>
			</PositionRotation>
			<Attachment isAttached="true">
				<AttachedTo>500741</AttachedTo>
				<BoneIndex>0</BoneIndex>
				<X>0.978979766</X>
				<Y>2.27602077</Y>
				<Z>0.0666055828</Z>
				<Pitch>-90.0045929</Pitch>
				<Roll>-87.3677597</Roll>
				<Yaw>3.35077095</Yaw>
			</Attachment>
		</Attachment>
		<Attachment>
			<ModelHash>0xc89630b8</ModelHash>
			<Type>3</Type>
			<Dynamic>false</Dynamic>
			<FrozenPos>true</FrozenPos>
			<HashName>prop_minigun_01</HashName>
			<InitialHandle>347929</InitialHandle>
			<ObjectProperties>
				<TextureVariation>0</TextureVariation>
			</ObjectProperties>
			<OpacityLevel>255</OpacityLevel>
			<LodDistance>16960</LodDistance>
			<IsVisible>true</IsVisible>
			<MaxHealth>1000</MaxHealth>
			<Health>1000</Health>
			<HasGravity>true</HasGravity>
			<IsOnFire>false</IsOnFire>
			<IsInvincible>false</IsInvincible>
			<IsBulletProof>false</IsBulletProof>
			<IsCollisionProof>false</IsCollisionProof>
			<IsExplosionProof>false</IsExplosionProof>
			<IsFireProof>false</IsFireProof>
			<IsMeleeProof>false</IsMeleeProof>
			<IsOnlyDamagedByPlayer>false</IsOnlyDamagedByPlayer>
			<PositionRotation>
				<X>-289.489075</X>
				<Y>-1007.82635</Y>
				<Z>29.844553</Z>
				<Pitch>89.9515381</Pitch>
				<Roll>-8.48586845</Roll>
				<Yaw>0</Yaw>
			</PositionRotation>
			<Attachment isAttached="true">
				<AttachedTo>500741</AttachedTo>
				<BoneIndex>0</BoneIndex>
				<X>-0.952762425</X>
				<Y>2.31106114</Y>
				<Z>0.0670388788</Z>
				<Pitch>89.9954071</Pitch>
				<Roll>86.3535843</Roll>
				<Yaw>3.35077095</Yaw>
			</Attachment>
		</Attachment>
	</SpoonerAttachments>
</Vehicle>
