<?xml version="1.0"?>
<Vehicle menyoo_ver="0.99987681b">
	<ModelHash>0xf7004c86</ModelHash>
	<InitialHandle>176130</InitialHandle>
	<VehicleProperties>
		<Colours>
			<Primary>134</Primary>
			<Secondary>134</Secondary>
			<Pearl>134</Pearl>
			<Rim>156</Rim>
			<Mod1_a>0</Mod1_a>
			<Mod1_b>0</Mod1_b>
			<Mod1_c>0</Mod1_c>
			<Mod2_a>0</Mod2_a>
			<Mod2_b>0</Mod2_b>
			<IsPrimaryColourCustom>false</IsPrimaryColourCustom>
			<IsSecondaryColourCustom>false</IsSecondaryColourCustom>
			<tyreSmoke_R>255</tyreSmoke_R>
			<tyreSmoke_G>255</tyreSmoke_G>
			<tyreSmoke_B>255</tyreSmoke_B>
			<LrInterior>0</LrInterior>
			<LrDashboard>0</LrDashboard>
		</Colours>
		<Livery>-1</Livery>
		<NumberPlateText> MENYOO </NumberPlateText>
		<NumberPlateIndex>5</NumberPlateIndex>
		<WheelType>0</WheelType>
		<WheelsInvisible>false</WheelsInvisible>
		<EngineSoundName />
		<WindowTint>-1</WindowTint>
		<BulletProofTyres>true</BulletProofTyres>
		<DirtLevel>0.000548773911</DirtLevel>
		<PaintFade>0.298039228</PaintFade>
		<RoofState>0</RoofState>
		<SirenActive>false</SirenActive>
		<EngineOn>true</EngineOn>
		<EngineHealth>936.356689</EngineHealth>
		<LightsOn>false</LightsOn>
		<IsRadioLoud>0</IsRadioLoud>
		<LockStatus>1</LockStatus>
		<Neons>
			<Left>false</Left>
			<Right>false</Right>
			<Front>false</Front>
			<Back>false</Back>
			<R>255</R>
			<G>0</G>
			<B>255</B>
		</Neons>
		<ModExtras>
			<_1>true</_1>
			<_2>true</_2>
			<_3>true</_3>
			<_4>true</_4>
			<_5>true</_5>
			<_6>true</_6>
			<_7>true</_7>
			<_8>true</_8>
			<_9>true</_9>
			<_10>true</_10>
			<_12>true</_12>
			<_13>true</_13>
		</ModExtras>
		<Mods>
			<_0>-1,0</_0>
			<_1>-1,0</_1>
			<_2>-1,0</_2>
			<_3>-1,0</_3>
			<_4>-1,0</_4>
			<_5>-1,0</_5>
			<_6>-1,0</_6>
			<_7>-1,0</_7>
			<_8>-1,0</_8>
			<_9>-1,0</_9>
			<_10>-1,0</_10>
			<_11>-1,0</_11>
			<_12>-1,0</_12>
			<_13>-1,0</_13>
			<_14>-1,0</_14>
			<_15>-1,0</_15>
			<_16>-1,0</_16>
			<_17>false</_17>
			<_18>false</_18>
			<_19>false</_19>
			<_20>false</_20>
			<_21>false</_21>
			<_22>false</_22>
			<_23>-1,0</_23>
			<_24>-1,0</_24>
			<_25>-1,0</_25>
			<_26>-1,0</_26>
			<_27>-1,0</_27>
			<_28>-1,0</_28>
			<_29>-1,0</_29>
			<_30>-1,0</_30>
			<_31>-1,0</_31>
			<_32>-1,0</_32>
			<_33>-1,0</_33>
			<_34>-1,0</_34>
			<_35>-1,0</_35>
			<_36>-1,0</_36>
			<_37>-1,0</_37>
			<_38>-1,0</_38>
			<_39>-1,0</_39>
			<_40>-1,0</_40>
			<_41>-1,0</_41>
			<_42>-1,0</_42>
			<_43>-1,0</_43>
			<_44>-1,0</_44>
			<_45>-1,0</_45>
			<_46>-1,0</_46>
			<_47>-1,0</_47>
			<_48>-1,0</_48>
		</Mods>
		<DoorsOpen>
			<BackLeftDoor>false</BackLeftDoor>
			<BackRightDoor>false</BackRightDoor>
			<FrontLeftDoor>false</FrontLeftDoor>
			<FrontRightDoor>false</FrontRightDoor>
			<Hood>false</Hood>
			<Trunk>false</Trunk>
			<Trunk2>false</Trunk2>
		</DoorsOpen>
		<DoorsBroken>
			<BackLeftDoor>false</BackLeftDoor>
			<BackRightDoor>false</BackRightDoor>
			<FrontLeftDoor>false</FrontLeftDoor>
			<FrontRightDoor>false</FrontRightDoor>
			<Hood>false</Hood>
			<Trunk>false</Trunk>
			<Trunk2>false</Trunk2>
		</DoorsBroken>
		<TyresBursted>
			<FrontLeft>false</FrontLeft>
			<FrontRight>false</FrontRight>
			<_2>false</_2>
			<_3>false</_3>
			<BackLeft>false</BackLeft>
			<BackRight>false</BackRight>
			<_6>false</_6>
			<_7>false</_7>
			<_8>false</_8>
		</TyresBursted>
	</VehicleProperties>
	<OpacityLevel>255</OpacityLevel>
	<LodDistance>2500</LodDistance>
	<IsVisible>true</IsVisible>
	<IsDriverVisible>true</IsDriverVisible>
	<MaxHealth>1000</MaxHealth>
	<Health>914</Health>
	<HasGravity>true</HasGravity>
	<IsOnFire>false</IsOnFire>
	<IsInvincible>false</IsInvincible>
	<IsBulletProof>true</IsBulletProof>
	<IsExplosionProof>true</IsExplosionProof>
	<IsFireProof>false</IsFireProof>
	<IsMeleeProof>false</IsMeleeProof>
	<IsOnlyDamagedByPlayer>false</IsOnlyDamagedByPlayer>
	<SpoonerAttachments SetAttachmentsPersistentAndAddToSpoonerDatabase="true" StartTaskSequencesOnLoad="true">
		<Attachment>
			<ModelHash>0x6d2fd079</ModelHash>
			<Type>3</Type>
			<Dynamic>true</Dynamic>
			<FrozenPos>false</FrozenPos>
			<HashName>dt1_11_dt1_tower</HashName>
			<InitialHandle>568066</InitialHandle>
			<ObjectProperties>
				<TextureVariation>0</TextureVariation>
			</ObjectProperties>
			<OpacityLevel>255</OpacityLevel>
			<LodDistance>16960</LodDistance>
			<IsVisible>true</IsVisible>
			<MaxHealth>1000</MaxHealth>
			<Health>1000</Health>
			<HasGravity>true</HasGravity>
			<IsOnFire>false</IsOnFire>
			<IsInvincible>true</IsInvincible>
			<IsBulletProof>false</IsBulletProof>
			<IsCollisionProof>false</IsCollisionProof>
			<IsExplosionProof>true</IsExplosionProof>
			<IsFireProof>false</IsFireProof>
			<IsMeleeProof>true</IsMeleeProof>
			<IsOnlyDamagedByPlayer>false</IsOnlyDamagedByPlayer>
			<PositionRotation>
				<X>-157.538757</X>
				<Y>-766.246948</Y>
				<Z>115.197113</Z>
				<Pitch>42.4445229</Pitch>
				<Roll>179.808807</Roll>
				<Yaw>58.7824135</Yaw>
			</PositionRotation>
			<Attachment isAttached="true">
				<AttachedTo>176130</AttachedTo>
				<BoneIndex>-1</BoneIndex>
				<X>0</X>
				<Y>-94.9999924</Y>
				<Z>-213.999985</Z>
				<Pitch>137.999985</Pitch>
				<Roll>0</Roll>
				<Yaw>0</Yaw>
			</Attachment>
		</Attachment>
		<Attachment>
			<ModelHash>0x8aff3fcc</ModelHash>
			<Type>3</Type>
			<Dynamic>true</Dynamic>
			<FrozenPos>false</FrozenPos>
			<HashName>dt1_10_build3</HashName>
			<InitialHandle>574982</InitialHandle>
			<ObjectProperties>
				<TextureVariation>0</TextureVariation>
			</ObjectProperties>
			<OpacityLevel>255</OpacityLevel>
			<LodDistance>16960</LodDistance>
			<IsVisible>true</IsVisible>
			<MaxHealth>1000</MaxHealth>
			<Health>1000</Health>
			<HasGravity>true</HasGravity>
			<IsOnFire>false</IsOnFire>
			<IsInvincible>true</IsInvincible>
			<IsBulletProof>false</IsBulletProof>
			<IsCollisionProof>false</IsCollisionProof>
			<IsExplosionProof>true</IsExplosionProof>
			<IsFireProof>false</IsFireProof>
			<IsMeleeProof>true</IsMeleeProof>
			<IsOnlyDamagedByPlayer>false</IsOnlyDamagedByPlayer>
			<PositionRotation>
				<X>-239.9841</X>
				<Y>-868.084351</Y>
				<Z>59.0108337</Z>
				<Pitch>71.3474808</Pitch>
				<Roll>-21.0353756</Roll>
				<Yaw>-1.25905728</Yaw>
			</PositionRotation>
			<Attachment isAttached="true">
				<AttachedTo>176130</AttachedTo>
				<BoneIndex>0</BoneIndex>
				<X>129.999985</X>
				<Y>-111.999992</Y>
				<Z>-269.999969</Z>
				<Pitch>70.9999924</Pitch>
				<Roll>-21.9999981</Roll>
				<Yaw>121.000015</Yaw>
			</Attachment>
		</Attachment>
		<Attachment>
			<ModelHash>0xc337e5a7</ModelHash>
			<Type>3</Type>
			<Dynamic>true</Dynamic>
			<FrozenPos>false</FrozenPos>
			<HashName>dt1_05_build2_h</HashName>
			<InitialHandle>341261</InitialHandle>
			<ObjectProperties>
				<TextureVariation>0</TextureVariation>
			</ObjectProperties>
			<OpacityLevel>255</OpacityLevel>
			<LodDistance>16960</LodDistance>
			<IsVisible>true</IsVisible>
			<MaxHealth>1000</MaxHealth>
			<Health>1000</Health>
			<HasGravity>true</HasGravity>
			<IsOnFire>false</IsOnFire>
			<IsInvincible>true</IsInvincible>
			<IsBulletProof>false</IsBulletProof>
			<IsCollisionProof>false</IsCollisionProof>
			<IsExplosionProof>true</IsExplosionProof>
			<IsFireProof>false</IsFireProof>
			<IsMeleeProof>true</IsMeleeProof>
			<IsOnlyDamagedByPlayer>false</IsOnlyDamagedByPlayer>
			<PositionRotation>
				<X>83.5212631</X>
				<Y>-668.339172</Y>
				<Z>107.509048</Z>
				<Pitch>50.4444656</Pitch>
				<Roll>160.778473</Roll>
				<Yaw>58.8241882</Yaw>
			</PositionRotation>
			<Attachment isAttached="true">
				<AttachedTo>176130</AttachedTo>
				<BoneIndex>0</BoneIndex>
				<X>-208.999985</X>
				<Y>59.9999847</Y>
				<Z>-220.999985</Z>
				<Pitch>129.999985</Pitch>
				<Roll>-18.9999962</Roll>
				<Yaw>0</Yaw>
			</Attachment>
		</Attachment>
		<Attachment>
			<ModelHash>0x76cb5057</ModelHash>
			<Type>3</Type>
			<Dynamic>true</Dynamic>
			<FrozenPos>false</FrozenPos>
			<HashName>dt1_03_build2top</HashName>
			<InitialHandle>344341</InitialHandle>
			<ObjectProperties>
				<TextureVariation>0</TextureVariation>
			</ObjectProperties>
			<OpacityLevel>255</OpacityLevel>
			<LodDistance>16960</LodDistance>
			<IsVisible>true</IsVisible>
			<MaxHealth>1000</MaxHealth>
			<Health>1000</Health>
			<HasGravity>true</HasGravity>
			<IsOnFire>false</IsOnFire>
			<IsInvincible>true</IsInvincible>
			<IsBulletProof>false</IsBulletProof>
			<IsCollisionProof>false</IsCollisionProof>
			<IsExplosionProof>true</IsExplosionProof>
			<IsFireProof>false</IsFireProof>
			<IsMeleeProof>true</IsMeleeProof>
			<IsOnlyDamagedByPlayer>false</IsOnlyDamagedByPlayer>
			<PositionRotation>
				<X>-42.7220039</X>
				<Y>-633.645874</Y>
				<Z>125.397705</Z>
				<Pitch>83.5538101</Pitch>
				<Roll>-23.743309</Roll>
				<Yaw>-122.595345</Yaw>
			</PositionRotation>
			<Attachment isAttached="true">
				<AttachedTo>176130</AttachedTo>
				<BoneIndex>0</BoneIndex>
				<X>-172.999985</X>
				<Y>-66</Y>
				<Z>-203.999985</Z>
				<Pitch>83.9999924</Pitch>
				<Roll>-24.9999981</Roll>
				<Yaw>0</Yaw>
			</Attachment>
		</Attachment>
		<Attachment>
			<ModelHash>0x1358f18a</ModelHash>
			<Type>3</Type>
			<Dynamic>true</Dynamic>
			<FrozenPos>false</FrozenPos>
			<HashName>dt1_02_w01</HashName>
			<InitialHandle>758554</InitialHandle>
			<ObjectProperties>
				<TextureVariation>0</TextureVariation>
			</ObjectProperties>
			<OpacityLevel>255</OpacityLevel>
			<LodDistance>16960</LodDistance>
			<IsVisible>true</IsVisible>
			<MaxHealth>1000</MaxHealth>
			<Health>1000</Health>
			<HasGravity>true</HasGravity>
			<IsOnFire>false</IsOnFire>
			<IsInvincible>true</IsInvincible>
			<IsBulletProof>false</IsBulletProof>
			<IsCollisionProof>false</IsCollisionProof>
			<IsExplosionProof>true</IsExplosionProof>
			<IsFireProof>false</IsFireProof>
			<IsMeleeProof>true</IsMeleeProof>
			<IsOnlyDamagedByPlayer>false</IsOnlyDamagedByPlayer>
			<PositionRotation>
				<X>-175.540298</X>
				<Y>-528.01355</Y>
				<Z>76.7548828</Z>
				<Pitch>22.9391479</Pitch>
				<Roll>-102.49762</Roll>
				<Yaw>-56.5420952</Yaw>
			</PositionRotation>
			<Attachment isAttached="true">
				<AttachedTo>176130</AttachedTo>
				<BoneIndex>0</BoneIndex>
				<X>-193.999985</X>
				<Y>-233.999985</Y>
				<Z>-253.999985</Z>
				<Pitch>22.9999981</Pitch>
				<Roll>-102.999992</Roll>
				<Yaw>64.9999924</Yaw>
			</Attachment>
		</Attachment>
		<Attachment>
			<ModelHash>0x8e790a4c</ModelHash>
			<Type>3</Type>
			<Dynamic>true</Dynamic>
			<FrozenPos>true</FrozenPos>
			<HashName>marina_xr_rocks_04</HashName>
			<InitialHandle>318247</InitialHandle>
			<ObjectProperties>
				<TextureVariation>0</TextureVariation>
			</ObjectProperties>
			<OpacityLevel>255</OpacityLevel>
			<LodDistance>16960</LodDistance>
			<IsVisible>true</IsVisible>
			<MaxHealth>1000</MaxHealth>
			<Health>1000</Health>
			<HasGravity>true</HasGravity>
			<IsOnFire>false</IsOnFire>
			<IsInvincible>true</IsInvincible>
			<IsBulletProof>false</IsBulletProof>
			<IsCollisionProof>false</IsCollisionProof>
			<IsExplosionProof>true</IsExplosionProof>
			<IsFireProof>false</IsFireProof>
			<IsMeleeProof>true</IsMeleeProof>
			<IsOnlyDamagedByPlayer>false</IsOnlyDamagedByPlayer>
			<PositionRotation>
				<X>-166.786957</X>
				<Y>-744.057007</Y>
				<Z>58.3809509</Z>
				<Pitch>-79.3864059</Pitch>
				<Roll>-71.39431</Roll>
				<Yaw>-173.715637</Yaw>
			</PositionRotation>
			<Attachment isAttached="true">
				<AttachedTo>176130</AttachedTo>
				<BoneIndex>0</BoneIndex>
				<X>-13.9999962</X>
				<Y>-114</Y>
				<Z>-270.999969</Z>
				<Pitch>-78.9999924</Pitch>
				<Roll>-69.9999924</Roll>
				<Yaw>-50.9999962</Yaw>
			</Attachment>
		</Attachment>
		<Attachment>
			<ModelHash>0x8e790a4c</ModelHash>
			<Type>3</Type>
			<Dynamic>true</Dynamic>
			<FrozenPos>true</FrozenPos>
			<HashName>marina_xr_rocks_04</HashName>
			<InitialHandle>301100</InitialHandle>
			<ObjectProperties>
				<TextureVariation>0</TextureVariation>
			</ObjectProperties>
			<OpacityLevel>255</OpacityLevel>
			<LodDistance>16960</LodDistance>
			<IsVisible>true</IsVisible>
			<MaxHealth>1000</MaxHealth>
			<Health>1000</Health>
			<HasGravity>true</HasGravity>
			<IsOnFire>false</IsOnFire>
			<IsInvincible>true</IsInvincible>
			<IsBulletProof>false</IsBulletProof>
			<IsCollisionProof>false</IsCollisionProof>
			<IsExplosionProof>true</IsExplosionProof>
			<IsFireProof>false</IsFireProof>
			<IsMeleeProof>true</IsMeleeProof>
			<IsOnlyDamagedByPlayer>false</IsOnlyDamagedByPlayer>
			<PositionRotation>
				<X>-188.891678</X>
				<Y>-766.890808</Y>
				<Z>58.3589172</Z>
				<Pitch>-54.1679344</Pitch>
				<Roll>120.741989</Roll>
				<Yaw>-69.7450943</Yaw>
			</PositionRotation>
			<Attachment isAttached="true">
				<AttachedTo>176130</AttachedTo>
				<BoneIndex>0</BoneIndex>
				<X>17.0000019</X>
				<Y>-121</Y>
				<Z>-270.999969</Z>
				<Pitch>-125.999992</Pitch>
				<Roll>-59.9999924</Roll>
				<Yaw>-128.999985</Yaw>
			</Attachment>
		</Attachment>
		<Attachment>
			<ModelHash>0x8e790a4c</ModelHash>
			<Type>3</Type>
			<Dynamic>true</Dynamic>
			<FrozenPos>true</FrozenPos>
			<HashName>marina_xr_rocks_04</HashName>
			<InitialHandle>119857</InitialHandle>
			<ObjectProperties>
				<TextureVariation>0</TextureVariation>
			</ObjectProperties>
			<OpacityLevel>255</OpacityLevel>
			<LodDistance>16960</LodDistance>
			<IsVisible>true</IsVisible>
			<MaxHealth>1000</MaxHealth>
			<Health>1000</Health>
			<HasGravity>true</HasGravity>
			<IsOnFire>false</IsOnFire>
			<IsInvincible>true</IsInvincible>
			<IsBulletProof>false</IsBulletProof>
			<IsCollisionProof>false</IsCollisionProof>
			<IsExplosionProof>true</IsExplosionProof>
			<IsFireProof>false</IsFireProof>
			<IsMeleeProof>true</IsMeleeProof>
			<IsOnlyDamagedByPlayer>false</IsOnlyDamagedByPlayer>
			<PositionRotation>
				<X>-104.966278</X>
				<Y>-823.018982</Y>
				<Z>170.56929</Z>
				<Pitch>-45.4612427</Pitch>
				<Roll>95.0994949</Roll>
				<Yaw>-130.275406</Yaw>
			</PositionRotation>
			<Attachment isAttached="true">
				<AttachedTo>176130</AttachedTo>
				<BoneIndex>0</BoneIndex>
				<X>21.0000019</X>
				<Y>-21</Y>
				<Z>-157.999969</Z>
				<Pitch>-134.999985</Pitch>
				<Roll>-84.9999924</Roll>
				<Yaw>171.000015</Yaw>
			</Attachment>
		</Attachment>
		<Attachment>
			<ModelHash>0x8e790a4c</ModelHash>
			<Type>3</Type>
			<Dynamic>true</Dynamic>
			<FrozenPos>true</FrozenPos>
			<HashName>marina_xr_rocks_04</HashName>
			<InitialHandle>739383</InitialHandle>
			<ObjectProperties>
				<TextureVariation>0</TextureVariation>
			</ObjectProperties>
			<OpacityLevel>255</OpacityLevel>
			<LodDistance>16960</LodDistance>
			<IsVisible>true</IsVisible>
			<MaxHealth>1000</MaxHealth>
			<Health>1000</Health>
			<HasGravity>true</HasGravity>
			<IsOnFire>false</IsOnFire>
			<IsInvincible>true</IsInvincible>
			<IsBulletProof>false</IsBulletProof>
			<IsCollisionProof>false</IsCollisionProof>
			<IsExplosionProof>true</IsExplosionProof>
			<IsFireProof>false</IsFireProof>
			<IsMeleeProof>true</IsMeleeProof>
			<IsOnlyDamagedByPlayer>false</IsOnlyDamagedByPlayer>
			<PositionRotation>
				<X>-75.3547516</X>
				<Y>-786.043457</Y>
				<Z>177.638229</Z>
				<Pitch>-44.4612503</Pitch>
				<Roll>-104.902237</Roll>
				<Yaw>-130.277832</Yaw>
			</PositionRotation>
			<Attachment isAttached="true">
				<AttachedTo>176130</AttachedTo>
				<BoneIndex>0</BoneIndex>
				<X>-25.9999962</X>
				<Y>-15</Y>
				<Z>-150.999969</Z>
				<Pitch>-135.999985</Pitch>
				<Roll>75</Roll>
				<Yaw>171.000015</Yaw>
			</Attachment>
		</Attachment>
		<Attachment>
			<ModelHash>0x8e790a4c</ModelHash>
			<Type>3</Type>
			<Dynamic>true</Dynamic>
			<FrozenPos>true</FrozenPos>
			<HashName>marina_xr_rocks_04</HashName>
			<InitialHandle>269627</InitialHandle>
			<ObjectProperties>
				<TextureVariation>0</TextureVariation>
			</ObjectProperties>
			<OpacityLevel>255</OpacityLevel>
			<LodDistance>16960</LodDistance>
			<IsVisible>true</IsVisible>
			<MaxHealth>1000</MaxHealth>
			<Health>1000</Health>
			<HasGravity>true</HasGravity>
			<IsOnFire>false</IsOnFire>
			<IsInvincible>true</IsInvincible>
			<IsBulletProof>false</IsBulletProof>
			<IsCollisionProof>false</IsCollisionProof>
			<IsExplosionProof>true</IsExplosionProof>
			<IsFireProof>false</IsFireProof>
			<IsMeleeProof>true</IsMeleeProof>
			<IsOnlyDamagedByPlayer>false</IsOnlyDamagedByPlayer>
			<PositionRotation>
				<X>-69.0618744</X>
				<Y>-787.603821</Y>
				<Z>201.595795</Z>
				<Pitch>22.6251965</Pitch>
				<Roll>-91.6986313</Roll>
				<Yaw>-102.462875</Yaw>
			</PositionRotation>
			<Attachment isAttached="true">
				<AttachedTo>176130</AttachedTo>
				<BoneIndex>0</BoneIndex>
				<X>-27.9999962</X>
				<Y>-9</Y>
				<Z>-126.999969</Z>
				<Pitch>157.000015</Pitch>
				<Roll>88</Roll>
				<Yaw>-160.999985</Yaw>
			</Attachment>
		</Attachment>
		<Attachment>
			<ModelHash>0x8e790a4c</ModelHash>
			<Type>3</Type>
			<Dynamic>true</Dynamic>
			<FrozenPos>false</FrozenPos>
			<HashName>marina_xr_rocks_04</HashName>
			<InitialHandle>314430</InitialHandle>
			<ObjectProperties>
				<TextureVariation>0</TextureVariation>
			</ObjectProperties>
			<OpacityLevel>255</OpacityLevel>
			<LodDistance>16960</LodDistance>
			<IsVisible>true</IsVisible>
			<MaxHealth>1000</MaxHealth>
			<Health>1000</Health>
			<HasGravity>true</HasGravity>
			<IsOnFire>false</IsOnFire>
			<IsInvincible>true</IsInvincible>
			<IsBulletProof>false</IsBulletProof>
			<IsCollisionProof>false</IsCollisionProof>
			<IsExplosionProof>true</IsExplosionProof>
			<IsFireProof>false</IsFireProof>
			<IsMeleeProof>true</IsMeleeProof>
			<IsOnlyDamagedByPlayer>false</IsOnlyDamagedByPlayer>
			<PositionRotation>
				<X>-106.23513</X>
				<Y>-829.349304</Y>
				<Z>197.538101</Z>
				<Pitch>-9.46570206</Pitch>
				<Roll>93.9719772</Roll>
				<Yaw>-142.350525</Yaw>
			</PositionRotation>
			<Attachment isAttached="true">
				<AttachedTo>176130</AttachedTo>
				<BoneIndex>0</BoneIndex>
				<X>27</X>
				<Y>-19</Y>
				<Z>-130.999969</Z>
				<Pitch>-170.999985</Pitch>
				<Roll>-85.9999924</Roll>
				<Yaw>159.000015</Yaw>
			</Attachment>
		</Attachment>
		<Attachment>
			<ModelHash>0x8e790a4c</ModelHash>
			<Type>3</Type>
			<Dynamic>true</Dynamic>
			<FrozenPos>true</FrozenPos>
			<HashName>marina_xr_rocks_04</HashName>
			<InitialHandle>264259</InitialHandle>
			<ObjectProperties>
				<TextureVariation>0</TextureVariation>
			</ObjectProperties>
			<OpacityLevel>255</OpacityLevel>
			<LodDistance>16960</LodDistance>
			<IsVisible>true</IsVisible>
			<MaxHealth>1000</MaxHealth>
			<Health>1000</Health>
			<HasGravity>true</HasGravity>
			<IsOnFire>false</IsOnFire>
			<IsInvincible>true</IsInvincible>
			<IsBulletProof>false</IsBulletProof>
			<IsCollisionProof>false</IsCollisionProof>
			<IsExplosionProof>true</IsExplosionProof>
			<IsFireProof>false</IsFireProof>
			<IsMeleeProof>true</IsMeleeProof>
			<IsOnlyDamagedByPlayer>false</IsOnlyDamagedByPlayer>
			<PositionRotation>
				<X>-165.009308</X>
				<Y>-729.993164</Y>
				<Z>84.4586487</Z>
				<Pitch>-16.4599762</Pitch>
				<Roll>-88.9188232</Roll>
				<Yaw>-129.323349</Yaw>
			</PositionRotation>
			<Attachment isAttached="true">
				<AttachedTo>176130</AttachedTo>
				<BoneIndex>0</BoneIndex>
				<X>-26.9999962</X>
				<Y>-120</Y>
				<Z>-244.999969</Z>
				<Pitch>-163.999985</Pitch>
				<Roll>91.0000153</Roll>
				<Yaw>172.000015</Yaw>
			</Attachment>
		</Attachment>
	</SpoonerAttachments>
</Vehicle>
