<?xml version="1.0" encoding="ISO-8859-1"?>
<Vehicle menyoo_ver="0.999836b">
	<ModelHash>0xdc434e51</ModelHash>
	<InitialHandle>150018</InitialHandle>
	<VehicleProperties>
		<Colours>
			<Primary>11</Primary>
			<Secondary>11</Secondary>
			<Pearl>14</Pearl>
			<Rim>156</Rim>
			<Mod1_a>6</Mod1_a>
			<Mod1_b>-1</Mod1_b>
			<Mod1_c>-1</Mod1_c>
			<Mod2_a>6</Mod2_a>
			<Mod2_b>-1</Mod2_b>
			<IsPrimaryColourCustom>false</IsPrimaryColourCustom>
			<IsSecondaryColourCustom>false</IsSecondaryColourCustom>
			<tyreSmoke_R>255</tyreSmoke_R>
			<tyreSmoke_G>255</tyreSmoke_G>
			<tyreSmoke_B>255</tyreSmoke_B>
			<LrInterior>0</LrInterior>
			<LrDashboard>0</LrDashboard>
		</Colours>
		<Livery>-1</Livery>
		<NumberPlateText>46EEK572</NumberPlateText>
		<NumberPlateIndex>0</NumberPlateIndex>
		<WheelType>3</WheelType>
		<WheelsInvisible>false</WheelsInvisible>
		<WindowTint>-1</WindowTint>
		<BulletProofTyres>false</BulletProofTyres>
		<DirtLevel>15</DirtLevel>
		<PaintFade>0.890196145</PaintFade>
		<RoofState>0</RoofState>
		<SirenActive>false</SirenActive>
		<EngineOn>true</EngineOn>
		<EngineHealth>1000</EngineHealth>
		<LightsOn>false</LightsOn>
		<IsRadioLoud>0</IsRadioLoud>
		<Neons>
			<Left>false</Left>
			<Right>false</Right>
			<Front>false</Front>
			<Back>false</Back>
			<R>255</R>
			<G>0</G>
			<B>255</B>
		</Neons>
		<ModExtras>
			<_1>true</_1>
			<_2>false</_2>
			<_4>false</_4>
			<_5>false</_5>
			<_6>true</_6>
			<_7>false</_7>
			<_10>true</_10>
			<_11>true</_11>
			<_12>true</_12>
		</ModExtras>
		<Mods>
			<_0>-1,0</_0>
			<_1>-1,0</_1>
			<_2>-1,0</_2>
			<_3>-1,0</_3>
			<_4>-1,0</_4>
			<_5>-1,0</_5>
			<_6>-1,0</_6>
			<_7>-1,0</_7>
			<_8>-1,0</_8>
			<_9>-1,0</_9>
			<_10>-1,0</_10>
			<_11>3,0</_11>
			<_12>2,0</_12>
			<_13>2,0</_13>
			<_14>-1,0</_14>
			<_15>-1,0</_15>
			<_16>4,0</_16>
			<_17>false</_17>
			<_18>false</_18>
			<_19>false</_19>
			<_20>false</_20>
			<_21>false</_21>
			<_22>false</_22>
			<_23>-1,0</_23>
			<_24>-1,0</_24>
			<_25>-1,0</_25>
			<_26>-1,0</_26>
			<_27>-1,0</_27>
			<_28>-1,0</_28>
			<_29>-1,0</_29>
			<_30>-1,0</_30>
			<_31>-1,0</_31>
			<_32>-1,0</_32>
			<_33>-1,0</_33>
			<_34>-1,0</_34>
			<_35>-1,0</_35>
			<_36>-1,0</_36>
			<_37>-1,0</_37>
			<_38>-1,0</_38>
			<_39>-1,0</_39>
			<_40>-1,0</_40>
			<_41>-1,0</_41>
			<_42>-1,0</_42>
			<_43>-1,0</_43>
			<_44>-1,0</_44>
			<_45>-1,0</_45>
			<_46>-1,0</_46>
			<_47>-1,0</_47>
			<_48>-1,0</_48>
		</Mods>
		<DoorsOpen>
			<BackLeftDoor>false</BackLeftDoor>
			<BackRightDoor>false</BackRightDoor>
			<FrontLeftDoor>false</FrontLeftDoor>
			<FrontRightDoor>false</FrontRightDoor>
			<Hood>false</Hood>
			<Trunk>false</Trunk>
			<Trunk2>false</Trunk2>
		</DoorsOpen>
		<DoorsBroken>
			<BackLeftDoor>false</BackLeftDoor>
			<BackRightDoor>false</BackRightDoor>
			<FrontLeftDoor>false</FrontLeftDoor>
			<FrontRightDoor>false</FrontRightDoor>
			<Hood>false</Hood>
			<Trunk>false</Trunk>
			<Trunk2>false</Trunk2>
		</DoorsBroken>
		<TyresBursted>
			<FrontLeft>false</FrontLeft>
			<FrontRight>false</FrontRight>
			<_2>false</_2>
			<_3>false</_3>
			<BackLeft>false</BackLeft>
			<BackRight>false</BackRight>
			<_6>false</_6>
			<_7>false</_7>
			<_8>false</_8>
		</TyresBursted>
		<RpmMultiplier>1</RpmMultiplier>
		<TorqueMultiplier>1</TorqueMultiplier>
		<HeadlightIntensity>1</HeadlightIntensity>
	</VehicleProperties>
	<OpacityLevel>255</OpacityLevel>
	<LodDistance>16960</LodDistance>
	<IsVisible>true</IsVisible>
	<IsDriverVisible>true</IsDriverVisible>
	<MaxHealth>1000</MaxHealth>
	<Health>1000</Health>
	<IsOnFire>false</IsOnFire>
	<IsInvincible>true</IsInvincible>
	<IsBulletProof>false</IsBulletProof>
	<IsExplosionProof>true</IsExplosionProof>
	<IsFireProof>false</IsFireProof>
	<IsMeleeProof>true</IsMeleeProof>
	<IsOnlyDamagedByPlayer>false</IsOnlyDamagedByPlayer>
	<SpoonerAttachments SetAttachmentsPersistentAndAddToSpoonerDatabase="false">
		<Attachment>
			<ModelHash>0xd6a8e9bd</ModelHash>
			<Type>3</Type>
			<Dynamic>false</Dynamic>
			<HashName>hei_prop_hei_ammo_pile</HashName>
			<InitialHandle>601858</InitialHandle>
			<OpacityLevel>255</OpacityLevel>
			<LodDistance>16960</LodDistance>
			<IsVisible>true</IsVisible>
			<MaxHealth>1000</MaxHealth>
			<Health>1000</Health>
			<IsOnFire>false</IsOnFire>
			<IsInvincible>false</IsInvincible>
			<IsBulletProof>false</IsBulletProof>
			<IsCollisionProof>false</IsCollisionProof>
			<IsExplosionProof>false</IsExplosionProof>
			<IsFireProof>false</IsFireProof>
			<IsMeleeProof>false</IsMeleeProof>
			<IsOnlyDamagedByPlayer>false</IsOnlyDamagedByPlayer>
			<PositionRotation>
				<X>649.42865</X>
				<Y>614.061035</Y>
				<Z>129.002823</Z>
				<Pitch>-0.0351613872</Pitch>
				<Roll>0.00247058761</Roll>
				<Yaw>1.35311127</Yaw>
			</PositionRotation>
			<Attachment isAttached="true">
				<AttachedTo>150018</AttachedTo>
				<BoneIndex>0</BoneIndex>
				<X>-0.439999908</X>
				<Y>-1.13000011</Y>
				<Z>0.339999944</Z>
				<Pitch>0</Pitch>
				<Roll>0</Roll>
				<Yaw>0</Yaw>
			</Attachment>
		</Attachment>
		<Attachment>
			<ModelHash>0xa53de4d1</ModelHash>
			<Type>3</Type>
			<Dynamic>false</Dynamic>
			<HashName>prop_box_ammo02a</HashName>
			<InitialHandle>602370</InitialHandle>
			<OpacityLevel>255</OpacityLevel>
			<LodDistance>16960</LodDistance>
			<IsVisible>true</IsVisible>
			<MaxHealth>1000</MaxHealth>
			<Health>1000</Health>
			<IsOnFire>false</IsOnFire>
			<IsInvincible>false</IsInvincible>
			<IsBulletProof>false</IsBulletProof>
			<IsCollisionProof>false</IsCollisionProof>
			<IsExplosionProof>false</IsExplosionProof>
			<IsFireProof>false</IsFireProof>
			<IsMeleeProof>false</IsMeleeProof>
			<IsOnlyDamagedByPlayer>false</IsOnlyDamagedByPlayer>
			<PositionRotation>
				<X>650.734192</X>
				<Y>612.57135</Y>
				<Z>128.803696</Z>
				<Pitch>-0.0351613872</Pitch>
				<Roll>0.00247058761</Roll>
				<Yaw>1.35311127</Yaw>
			</PositionRotation>
			<Attachment isAttached="true">
				<AttachedTo>150018</AttachedTo>
				<BoneIndex>0</BoneIndex>
				<X>0.830000162</X>
				<Y>-2.64999962</Y>
				<Z>0.14000003</Z>
				<Pitch>0</Pitch>
				<Roll>0</Roll>
				<Yaw>0</Yaw>
			</Attachment>
		</Attachment>
		<Attachment>
			<ModelHash>0xe9e2ec92</ModelHash>
			<Type>3</Type>
			<Dynamic>false</Dynamic>
			<HashName>prop_box_ammo04a</HashName>
			<InitialHandle>603138</InitialHandle>
			<OpacityLevel>255</OpacityLevel>
			<LodDistance>16960</LodDistance>
			<IsVisible>true</IsVisible>
			<MaxHealth>1000</MaxHealth>
			<Health>1000</Health>
			<IsOnFire>false</IsOnFire>
			<IsInvincible>false</IsInvincible>
			<IsBulletProof>false</IsBulletProof>
			<IsCollisionProof>false</IsCollisionProof>
			<IsExplosionProof>false</IsExplosionProof>
			<IsFireProof>false</IsFireProof>
			<IsMeleeProof>false</IsMeleeProof>
			<IsOnlyDamagedByPlayer>false</IsOnlyDamagedByPlayer>
			<PositionRotation>
				<X>650.347961</X>
				<Y>614.1026</Y>
				<Z>128.662766</Z>
				<Pitch>-0.0351613872</Pitch>
				<Roll>0.00247058761</Roll>
				<Yaw>1.35311127</Yaw>
			</PositionRotation>
			<Attachment isAttached="true">
				<AttachedTo>150018</AttachedTo>
				<BoneIndex>0</BoneIndex>
				<X>0.47999981</X>
				<Y>-1.1099993</Y>
				<Z>0</Z>
				<Pitch>0</Pitch>
				<Roll>0</Roll>
				<Yaw>0</Yaw>
			</Attachment>
		</Attachment>
		<Attachment>
			<ModelHash>0x412ce32c</ModelHash>
			<Type>3</Type>
			<Dynamic>false</Dynamic>
			<HashName>prop_box_ammo07b</HashName>
			<InitialHandle>604674</InitialHandle>
			<OpacityLevel>255</OpacityLevel>
			<LodDistance>16960</LodDistance>
			<IsVisible>true</IsVisible>
			<MaxHealth>1000</MaxHealth>
			<Health>1000</Health>
			<IsOnFire>false</IsOnFire>
			<IsInvincible>false</IsInvincible>
			<IsBulletProof>false</IsBulletProof>
			<IsCollisionProof>false</IsCollisionProof>
			<IsExplosionProof>false</IsExplosionProof>
			<IsFireProof>false</IsFireProof>
			<IsMeleeProof>false</IsMeleeProof>
			<IsOnlyDamagedByPlayer>false</IsOnlyDamagedByPlayer>
			<PositionRotation>
				<X>650.512329</X>
				<Y>614.216858</Y>
				<Z>129.240692</Z>
				<Pitch>-0.0351613872</Pitch>
				<Roll>0.00247058761</Roll>
				<Yaw>1.35311127</Yaw>
			</PositionRotation>
			<Attachment isAttached="true">
				<AttachedTo>150018</AttachedTo>
				<BoneIndex>0</BoneIndex>
				<X>0.64700079</X>
				<Y>-1</Y>
				<Z>0.578000367</Z>
				<Pitch>0</Pitch>
				<Roll>0</Roll>
				<Yaw>0</Yaw>
			</Attachment>
		</Attachment>
		<Attachment>
			<ModelHash>0xab39f229</ModelHash>
			<Type>3</Type>
			<Dynamic>false</Dynamic>
			<HashName>prop_box_ammo03a</HashName>
			<InitialHandle>605442</InitialHandle>
			<OpacityLevel>255</OpacityLevel>
			<LodDistance>16960</LodDistance>
			<IsVisible>true</IsVisible>
			<MaxHealth>1000</MaxHealth>
			<Health>1000</Health>
			<IsOnFire>false</IsOnFire>
			<IsInvincible>false</IsInvincible>
			<IsBulletProof>false</IsBulletProof>
			<IsCollisionProof>false</IsCollisionProof>
			<IsExplosionProof>false</IsExplosionProof>
			<IsFireProof>false</IsFireProof>
			<IsMeleeProof>false</IsMeleeProof>
			<IsOnlyDamagedByPlayer>false</IsOnlyDamagedByPlayer>
			<PositionRotation>
				<X>649.8927</X>
				<Y>613.471741</Y>
				<Z>128.813171</Z>
				<Pitch>-0.0351613872</Pitch>
				<Roll>0.00247058761</Roll>
				<Yaw>1.35311127</Yaw>
			</PositionRotation>
			<Attachment isAttached="true">
				<AttachedTo>150018</AttachedTo>
				<BoneIndex>0</BoneIndex>
				<X>0.0100000016</X>
				<Y>-1.72999871</Y>
				<Z>0.150000051</Z>
				<Pitch>0</Pitch>
				<Roll>0</Roll>
				<Yaw>0</Yaw>
			</Attachment>
		</Attachment>
		<Attachment>
			<ModelHash>0x720cbde5</ModelHash>
			<Type>3</Type>
			<Dynamic>false</Dynamic>
			<HashName>prop_weed_tub_01b</HashName>
			<InitialHandle>607234</InitialHandle>
			<OpacityLevel>255</OpacityLevel>
			<LodDistance>16960</LodDistance>
			<IsVisible>true</IsVisible>
			<MaxHealth>1000</MaxHealth>
			<Health>1000</Health>
			<IsOnFire>false</IsOnFire>
			<IsInvincible>false</IsInvincible>
			<IsBulletProof>false</IsBulletProof>
			<IsCollisionProof>false</IsCollisionProof>
			<IsExplosionProof>false</IsExplosionProof>
			<IsFireProof>false</IsFireProof>
			<IsMeleeProof>false</IsMeleeProof>
			<IsOnlyDamagedByPlayer>false</IsOnlyDamagedByPlayer>
			<PositionRotation>
				<X>650.156555</X>
				<Y>615.009277</Y>
				<Z>130.202225</Z>
				<Pitch>0.00247057853</Pitch>
				<Roll>0.0351613835</Roll>
				<Yaw>91.3530884</Yaw>
			</PositionRotation>
			<Attachment isAttached="true">
				<AttachedTo>150018</AttachedTo>
				<BoneIndex>0</BoneIndex>
				<X>0.309999973</X>
				<Y>-0.199999988</Y>
				<Z>1.53999889</Z>
				<Pitch>0</Pitch>
				<Roll>0</Roll>
				<Yaw>89.9999924</Yaw>
			</Attachment>
		</Attachment>
		<Attachment>
			<ModelHash>0x720cbde5</ModelHash>
			<Type>3</Type>
			<Dynamic>false</Dynamic>
			<HashName>prop_weed_tub_01b</HashName>
			<InitialHandle>607490</InitialHandle>
			<OpacityLevel>255</OpacityLevel>
			<LodDistance>16960</LodDistance>
			<IsVisible>true</IsVisible>
			<MaxHealth>1000</MaxHealth>
			<Health>1000</Health>
			<IsOnFire>false</IsOnFire>
			<IsInvincible>false</IsInvincible>
			<IsBulletProof>false</IsBulletProof>
			<IsCollisionProof>false</IsCollisionProof>
			<IsExplosionProof>false</IsExplosionProof>
			<IsFireProof>false</IsFireProof>
			<IsMeleeProof>false</IsMeleeProof>
			<IsOnlyDamagedByPlayer>false</IsOnlyDamagedByPlayer>
			<PositionRotation>
				<X>649.536682</X>
				<Y>614.994629</Y>
				<Z>130.192245</Z>
				<Pitch>0.00247058691</Pitch>
				<Roll>0.0351613835</Roll>
				<Yaw>91.3531036</Yaw>
			</PositionRotation>
			<Attachment isAttached="true">
				<AttachedTo>150018</AttachedTo>
				<BoneIndex>0</BoneIndex>
				<X>-0.310000032</X>
				<Y>-0.200000077</Y>
				<Z>1.53000009</Z>
				<Pitch>0</Pitch>
				<Roll>0</Roll>
				<Yaw>90.0000076</Yaw>
			</Attachment>
		</Attachment>
		<Attachment>
			<ModelHash>0x55afa712</ModelHash>
			<Type>3</Type>
			<Dynamic>false</Dynamic>
			<HashName>prop_oiltub_06</HashName>
			<InitialHandle>609026</InitialHandle>
			<OpacityLevel>255</OpacityLevel>
			<LodDistance>16960</LodDistance>
			<IsVisible>true</IsVisible>
			<MaxHealth>1000</MaxHealth>
			<Health>1000</Health>
			<IsOnFire>false</IsOnFire>
			<IsInvincible>false</IsInvincible>
			<IsBulletProof>false</IsBulletProof>
			<IsCollisionProof>false</IsCollisionProof>
			<IsExplosionProof>false</IsExplosionProof>
			<IsFireProof>false</IsFireProof>
			<IsMeleeProof>false</IsMeleeProof>
			<IsOnlyDamagedByPlayer>false</IsOnlyDamagedByPlayer>
			<PositionRotation>
				<X>649.993774</X>
				<Y>613.003967</Y>
				<Z>128.78746</Z>
				<Pitch>-0.0351613872</Pitch>
				<Roll>0.00247058761</Roll>
				<Yaw>1.35311127</Yaw>
			</PositionRotation>
			<Attachment isAttached="true">
				<AttachedTo>150018</AttachedTo>
				<BoneIndex>0</BoneIndex>
				<X>0.100000016</X>
				<Y>-2.20000005</Y>
				<Z>0.124000058</Z>
				<Pitch>0</Pitch>
				<Roll>0</Roll>
				<Yaw>0</Yaw>
			</Attachment>
		</Attachment>
		<Attachment>
			<ModelHash>0x207a3ca8</ModelHash>
			<Type>3</Type>
			<Dynamic>false</Dynamic>
			<HashName>prop_oiltub_05</HashName>
			<InitialHandle>609282</InitialHandle>
			<OpacityLevel>255</OpacityLevel>
			<LodDistance>16960</LodDistance>
			<IsVisible>true</IsVisible>
			<MaxHealth>1000</MaxHealth>
			<Health>1000</Health>
			<IsOnFire>false</IsOnFire>
			<IsInvincible>false</IsInvincible>
			<IsBulletProof>false</IsBulletProof>
			<IsCollisionProof>false</IsCollisionProof>
			<IsExplosionProof>false</IsExplosionProof>
			<IsFireProof>false</IsFireProof>
			<IsMeleeProof>false</IsMeleeProof>
			<IsOnlyDamagedByPlayer>false</IsOnlyDamagedByPlayer>
			<PositionRotation>
				<X>649.453247</X>
				<Y>613.021179</Y>
				<Z>128.763458</Z>
				<Pitch>-0.0351613872</Pitch>
				<Roll>0.00247058761</Roll>
				<Yaw>1.35311127</Yaw>
			</PositionRotation>
			<Attachment isAttached="true">
				<AttachedTo>150018</AttachedTo>
				<BoneIndex>0</BoneIndex>
				<X>-0.439999908</X>
				<Y>-2.17000008</Y>
				<Z>0.100000024</Z>
				<Pitch>0</Pitch>
				<Roll>0</Roll>
				<Yaw>0</Yaw>
			</Attachment>
		</Attachment>
		<Attachment>
			<ModelHash>0x126ca09d</ModelHash>
			<Type>3</Type>
			<Dynamic>false</Dynamic>
			<HashName>prop_oiltub_03</HashName>
			<InitialHandle>609538</InitialHandle>
			<OpacityLevel>255</OpacityLevel>
			<LodDistance>16960</LodDistance>
			<IsVisible>true</IsVisible>
			<MaxHealth>1000</MaxHealth>
			<Health>1000</Health>
			<IsOnFire>false</IsOnFire>
			<IsInvincible>false</IsInvincible>
			<IsBulletProof>false</IsBulletProof>
			<IsCollisionProof>false</IsCollisionProof>
			<IsExplosionProof>false</IsExplosionProof>
			<IsFireProof>false</IsFireProof>
			<IsMeleeProof>false</IsMeleeProof>
			<IsOnlyDamagedByPlayer>false</IsOnlyDamagedByPlayer>
			<PositionRotation>
				<X>650.717346</X>
				<Y>612.861023</Y>
				<Z>128.793518</Z>
				<Pitch>0.00247058691</Pitch>
				<Roll>0.0351613835</Roll>
				<Yaw>91.3531036</Yaw>
			</PositionRotation>
			<Attachment isAttached="true">
				<AttachedTo>150018</AttachedTo>
				<BoneIndex>0</BoneIndex>
				<X>0.819999576</X>
				<Y>-2.3599999</Y>
				<Z>0.13000004</Z>
				<Pitch>0</Pitch>
				<Roll>0</Roll>
				<Yaw>90.0000076</Yaw>
			</Attachment>
		</Attachment>
		<Attachment>
			<ModelHash>0x643bc43a</ModelHash>
			<Type>3</Type>
			<Dynamic>false</Dynamic>
			<HashName>prop_oiltub_02</HashName>
			<InitialHandle>609794</InitialHandle>
			<OpacityLevel>255</OpacityLevel>
			<LodDistance>16960</LodDistance>
			<IsVisible>true</IsVisible>
			<MaxHealth>1000</MaxHealth>
			<Health>1000</Health>
			<IsOnFire>false</IsOnFire>
			<IsInvincible>false</IsInvincible>
			<IsBulletProof>false</IsBulletProof>
			<IsCollisionProof>false</IsCollisionProof>
			<IsExplosionProof>false</IsExplosionProof>
			<IsFireProof>false</IsFireProof>
			<IsMeleeProof>false</IsMeleeProof>
			<IsOnlyDamagedByPlayer>false</IsOnlyDamagedByPlayer>
			<PositionRotation>
				<X>650.314392</X>
				<Y>612.981506</Y>
				<Z>128.753464</Z>
				<Pitch>-0.0351613872</Pitch>
				<Roll>0.00247058761</Roll>
				<Yaw>1.35311127</Yaw>
			</PositionRotation>
			<Attachment isAttached="true">
				<AttachedTo>150018</AttachedTo>
				<BoneIndex>0</BoneIndex>
				<X>0.420000046</X>
				<Y>-2.23000026</Y>
				<Z>0.0900000185</Z>
				<Pitch>0</Pitch>
				<Roll>0</Roll>
				<Yaw>0</Yaw>
			</Attachment>
		</Attachment>
		<Attachment>
			<ModelHash>0x1cb21205</ModelHash>
			<Type>3</Type>
			<Dynamic>false</Dynamic>
			<HashName>prop_mb_crate_01a</HashName>
			<InitialHandle>614658</InitialHandle>
			<OpacityLevel>255</OpacityLevel>
			<LodDistance>16960</LodDistance>
			<IsVisible>true</IsVisible>
			<MaxHealth>1000</MaxHealth>
			<Health>1000</Health>
			<IsOnFire>false</IsOnFire>
			<IsInvincible>false</IsInvincible>
			<IsBulletProof>false</IsBulletProof>
			<IsCollisionProof>false</IsCollisionProof>
			<IsExplosionProof>false</IsExplosionProof>
			<IsFireProof>false</IsFireProof>
			<IsMeleeProof>false</IsMeleeProof>
			<IsOnlyDamagedByPlayer>false</IsOnlyDamagedByPlayer>
			<PositionRotation>
				<X>649.607178</X>
				<Y>613.705811</Y>
				<Z>130.05304</Z>
				<Pitch>0.00247058691</Pitch>
				<Roll>0.0351613835</Roll>
				<Yaw>91.3531036</Yaw>
			</PositionRotation>
			<Attachment isAttached="true">
				<AttachedTo>150018</AttachedTo>
				<BoneIndex>0</BoneIndex>
				<X>-0.2700001</X>
				<Y>-1.48999894</Y>
				<Z>1.3900001</Z>
				<Pitch>0</Pitch>
				<Roll>0</Roll>
				<Yaw>90.0000076</Yaw>
			</Attachment>
		</Attachment>
		<Attachment>
			<ModelHash>0x0ec688eb</ModelHash>
			<Type>3</Type>
			<Dynamic>false</Dynamic>
			<HashName>prop_drop_crate_01</HashName>
			<InitialHandle>616194</InitialHandle>
			<OpacityLevel>255</OpacityLevel>
			<LodDistance>16960</LodDistance>
			<IsVisible>true</IsVisible>
			<MaxHealth>1000</MaxHealth>
			<Health>1000</Health>
			<IsOnFire>false</IsOnFire>
			<IsInvincible>false</IsInvincible>
			<IsBulletProof>false</IsBulletProof>
			<IsCollisionProof>false</IsCollisionProof>
			<IsExplosionProof>false</IsExplosionProof>
			<IsFireProof>false</IsFireProof>
			<IsMeleeProof>false</IsMeleeProof>
			<IsOnlyDamagedByPlayer>false</IsOnlyDamagedByPlayer>
			<PositionRotation>
				<X>649.373413</X>
				<Y>612.589355</Y>
				<Z>129.063721</Z>
				<Pitch>-0.0351613872</Pitch>
				<Roll>0.00247058761</Roll>
				<Yaw>1.35311127</Yaw>
			</PositionRotation>
			<Attachment isAttached="true">
				<AttachedTo>150018</AttachedTo>
				<BoneIndex>0</BoneIndex>
				<X>-0.530000091</X>
				<Y>-2.5999999</Y>
				<Z>0.400000066</Z>
				<Pitch>0</Pitch>
				<Roll>0</Roll>
				<Yaw>0</Yaw>
			</Attachment>
		</Attachment>
		<Attachment>
			<ModelHash>0x6fee58b0</ModelHash>
			<Type>3</Type>
			<Dynamic>false</Dynamic>
			<HashName>prop_drop_armscrate_01b</HashName>
			<InitialHandle>616450</InitialHandle>
			<OpacityLevel>255</OpacityLevel>
			<LodDistance>16960</LodDistance>
			<IsVisible>true</IsVisible>
			<MaxHealth>1000</MaxHealth>
			<Health>1000</Health>
			<IsOnFire>false</IsOnFire>
			<IsInvincible>false</IsInvincible>
			<IsBulletProof>false</IsBulletProof>
			<IsCollisionProof>false</IsCollisionProof>
			<IsExplosionProof>false</IsExplosionProof>
			<IsFireProof>false</IsFireProof>
			<IsMeleeProof>false</IsMeleeProof>
			<IsOnlyDamagedByPlayer>false</IsOnlyDamagedByPlayer>
			<PositionRotation>
				<X>650.187073</X>
				<Y>614.139221</Y>
				<Z>129.392746</Z>
				<Pitch>-0.0351613872</Pitch>
				<Roll>0.00247058761</Roll>
				<Yaw>1.35311127</Yaw>
			</PositionRotation>
			<Attachment isAttached="true">
				<AttachedTo>150018</AttachedTo>
				<BoneIndex>0</BoneIndex>
				<X>0.320000023</X>
				<Y>-1.06999838</Y>
				<Z>0.730000079</Z>
				<Pitch>0</Pitch>
				<Roll>0</Roll>
				<Yaw>0</Yaw>
			</Attachment>
		</Attachment>
		<Attachment>
			<ModelHash>0xce39de80</ModelHash>
			<Type>3</Type>
			<Dynamic>false</Dynamic>
			<HashName>prop_torture_01</HashName>
			<InitialHandle>712194</InitialHandle>
			<OpacityLevel>255</OpacityLevel>
			<LodDistance>16960</LodDistance>
			<IsVisible>true</IsVisible>
			<MaxHealth>1000</MaxHealth>
			<Health>1000</Health>
			<IsOnFire>false</IsOnFire>
			<IsInvincible>false</IsInvincible>
			<IsBulletProof>false</IsBulletProof>
			<IsCollisionProof>false</IsCollisionProof>
			<IsExplosionProof>false</IsExplosionProof>
			<IsFireProof>false</IsFireProof>
			<IsMeleeProof>false</IsMeleeProof>
			<IsOnlyDamagedByPlayer>false</IsOnlyDamagedByPlayer>
			<PositionRotation>
				<X>650.403137</X>
				<Y>612.613647</Y>
				<Z>128.92569</Z>
				<Pitch>-0.0351613872</Pitch>
				<Roll>0.00247058761</Roll>
				<Yaw>1.35311127</Yaw>
			</PositionRotation>
			<Attachment isAttached="true">
				<AttachedTo>150018</AttachedTo>
				<BoneIndex>0</BoneIndex>
				<X>0.50000006</X>
				<Y>-2.5999999</Y>
				<Z>0.262000501</Z>
				<Pitch>0</Pitch>
				<Roll>0</Roll>
				<Yaw>0</Yaw>
			</Attachment>
		</Attachment>
	</SpoonerAttachments>
</Vehicle>
