<?xml version="1.0" encoding="ISO-8859-1"?>
<Vehicle menyoo_ver="0.999859b">
	<ModelHash>0x11f76c14</ModelHash>
	<InitialHandle>685357</InitialHandle>
	<VehicleProperties>
		<Colours>
			<Primary>155</Primary>
			<Secondary>155</Secondary>
			<Pearl>0</Pearl>
			<Rim>0</Rim>
			<Mod1_a>6</Mod1_a>
			<Mod1_b>-1</Mod1_b>
			<Mod1_c>-1</Mod1_c>
			<Mod2_a>6</Mod2_a>
			<Mod2_b>-1</Mod2_b>
			<IsPrimaryColourCustom>false</IsPrimaryColourCustom>
			<IsSecondaryColourCustom>false</IsSecondaryColourCustom>
			<tyreSmoke_R>255</tyreSmoke_R>
			<tyreSmoke_G>255</tyreSmoke_G>
			<tyreSmoke_B>255</tyreSmoke_B>
			<LrInterior>0</LrInterior>
			<LrDashboard>0</LrDashboard>
		</Colours>
		<Livery>-1</Livery>
		<NumberPlateText>  EMP   </NumberPlateText>
		<NumberPlateIndex>1</NumberPlateIndex>
		<WheelType>6</WheelType>
		<WheelsInvisible>false</WheelsInvisible>
		<EngineSoundName></EngineSoundName>
		<WindowTint>-1</WindowTint>
		<BulletProofTyres>true</BulletProofTyres>
		<DirtLevel>0.94330442</DirtLevel>
		<PaintFade>0.298039228</PaintFade>
		<RoofState>0</RoofState>
		<SirenActive>false</SirenActive>
		<EngineOn>true</EngineOn>
		<EngineHealth>1000</EngineHealth>
		<LightsOn>false</LightsOn>
		<IsRadioLoud>0</IsRadioLoud>
		<Neons>
			<Left>false</Left>
			<Right>false</Right>
			<Front>false</Front>
			<Back>false</Back>
			<R>255</R>
			<G>0</G>
			<B>255</B>
		</Neons>
		<ModExtras />
		<Mods>
			<_0>-1,0</_0>
			<_1>-1,0</_1>
			<_2>-1,0</_2>
			<_3>-1,0</_3>
			<_4>-1,0</_4>
			<_5>-1,0</_5>
			<_6>-1,0</_6>
			<_7>-1,0</_7>
			<_8>-1,0</_8>
			<_9>-1,0</_9>
			<_10>-1,0</_10>
			<_11>3,0</_11>
			<_12>2,0</_12>
			<_13>2,0</_13>
			<_14>-1,0</_14>
			<_15>-1,0</_15>
			<_16>4,0</_16>
			<_17>false</_17>
			<_18>true</_18>
			<_19>false</_19>
			<_20>false</_20>
			<_21>false</_21>
			<_22>true</_22>
			<_23>5,1</_23>
			<_24>5,1</_24>
			<_25>-1,0</_25>
			<_26>-1,0</_26>
			<_27>-1,0</_27>
			<_28>-1,0</_28>
			<_29>-1,0</_29>
			<_30>-1,0</_30>
			<_31>-1,0</_31>
			<_32>-1,0</_32>
			<_33>-1,0</_33>
			<_34>-1,0</_34>
			<_35>-1,0</_35>
			<_36>-1,0</_36>
			<_37>-1,0</_37>
			<_38>-1,0</_38>
			<_39>-1,0</_39>
			<_40>-1,0</_40>
			<_41>-1,0</_41>
			<_42>-1,0</_42>
			<_43>-1,0</_43>
			<_44>-1,0</_44>
			<_45>-1,0</_45>
			<_46>-1,0</_46>
			<_47>-1,0</_47>
			<_48>-1,0</_48>
		</Mods>
		<DoorsOpen>
			<BackLeftDoor>false</BackLeftDoor>
			<BackRightDoor>false</BackRightDoor>
			<FrontLeftDoor>true</FrontLeftDoor>
			<FrontRightDoor>false</FrontRightDoor>
			<Hood>false</Hood>
			<Trunk>false</Trunk>
			<Trunk2>false</Trunk2>
		</DoorsOpen>
		<DoorsBroken>
			<BackLeftDoor>false</BackLeftDoor>
			<BackRightDoor>false</BackRightDoor>
			<FrontLeftDoor>false</FrontLeftDoor>
			<FrontRightDoor>false</FrontRightDoor>
			<Hood>false</Hood>
			<Trunk>false</Trunk>
			<Trunk2>false</Trunk2>
		</DoorsBroken>
		<TyresBursted>
			<FrontLeft>false</FrontLeft>
			<FrontRight>false</FrontRight>
			<_2>false</_2>
			<_3>false</_3>
			<BackLeft>false</BackLeft>
			<BackRight>false</BackRight>
			<_6>false</_6>
			<_7>false</_7>
			<_8>false</_8>
		</TyresBursted>
		<RpmMultiplier>1.50000012</RpmMultiplier>
		<TorqueMultiplier>2.00000024</TorqueMultiplier>
		<HeadlightIntensity>1</HeadlightIntensity>
	</VehicleProperties>
	<OpacityLevel>255</OpacityLevel>
	<LodDistance>500</LodDistance>
	<IsVisible>true</IsVisible>
	<IsDriverVisible>true</IsDriverVisible>
	<MaxHealth>1000</MaxHealth>
	<Health>1000</Health>
	<IsOnFire>false</IsOnFire>
	<IsInvincible>true</IsInvincible>
	<IsBulletProof>true</IsBulletProof>
	<IsExplosionProof>true</IsExplosionProof>
	<IsFireProof>false</IsFireProof>
	<IsMeleeProof>true</IsMeleeProof>
	<IsOnlyDamagedByPlayer>false</IsOnlyDamagedByPlayer>
	<SpoonerAttachments SetAttachmentsPersistentAndAddToSpoonerDatabase="true">
		<Attachment>
			<ModelHash>0x3794acc9</ModelHash>
			<Type>3</Type>
			<Dynamic>true</Dynamic>
			<HashName>hei_prop_heist_emp</HashName>
			<InitialHandle>495903</InitialHandle>
			<ObjectProperties>
				<TextureVariation>0</TextureVariation>
			</ObjectProperties>
			<OpacityLevel>255</OpacityLevel>
			<LodDistance>16960</LodDistance>
			<IsVisible>true</IsVisible>
			<MaxHealth>1000</MaxHealth>
			<Health>1000</Health>
			<IsOnFire>false</IsOnFire>
			<IsInvincible>true</IsInvincible>
			<IsBulletProof>false</IsBulletProof>
			<IsCollisionProof>false</IsCollisionProof>
			<IsExplosionProof>true</IsExplosionProof>
			<IsFireProof>true</IsFireProof>
			<IsMeleeProof>true</IsMeleeProof>
			<IsOnlyDamagedByPlayer>false</IsOnlyDamagedByPlayer>
			<PositionRotation>
				<X>149.634567</X>
				<Y>-827.986816</Y>
				<Z>30.4920387</Z>
				<Pitch>-0.722090423</Pitch>
				<Roll>-10.7243977</Roll>
				<Yaw>-101.618027</Yaw>
			</PositionRotation>
			<Attachment isAttached="true">
				<AttachedTo>685357</AttachedTo>
				<BoneIndex>0</BoneIndex>
				<X>0</X>
				<Y>0.0999999791</Y>
				<Z>-0.0599999949</Z>
				<Pitch>0</Pitch>
				<Roll>0</Roll>
				<Yaw>0</Yaw>
			</Attachment>
		</Attachment>
		<Attachment>
			<ModelHash>0xc89630b8</ModelHash>
			<Type>3</Type>
			<Dynamic>false</Dynamic>
			<HashName>prop_minigun_01</HashName>
			<InitialHandle>632880</InitialHandle>
			<ObjectProperties>
				<TextureVariation>0</TextureVariation>
			</ObjectProperties>
			<OpacityLevel>255</OpacityLevel>
			<LodDistance>16960</LodDistance>
			<IsVisible>true</IsVisible>
			<MaxHealth>1000</MaxHealth>
			<Health>1000</Health>
			<IsOnFire>false</IsOnFire>
			<IsInvincible>false</IsInvincible>
			<IsBulletProof>false</IsBulletProof>
			<IsCollisionProof>false</IsCollisionProof>
			<IsExplosionProof>false</IsExplosionProof>
			<IsFireProof>false</IsFireProof>
			<IsMeleeProof>false</IsMeleeProof>
			<IsOnlyDamagedByPlayer>false</IsOnlyDamagedByPlayer>
			<PositionRotation>
				<X>150.201309</X>
				<Y>-828.512695</Y>
				<Z>30.5698338</Z>
				<Pitch>-69.2791519</Pitch>
				<Roll>176.907333</Roll>
				<Yaw>167.454422</Yaw>
			</PositionRotation>
			<Attachment isAttached="true">
				<AttachedTo>685357</AttachedTo>
				<BoneIndex>0</BoneIndex>
				<X>0.410000026</X>
				<Y>0.759999752</Y>
				<Z>-0.0500000082</Z>
				<Pitch>-99.9999924</Pitch>
				<Roll>0</Roll>
				<Yaw>92.0000076</Yaw>
			</Attachment>
		</Attachment>
		<Attachment>
			<ModelHash>0x7e1240ea</ModelHash>
			<Type>3</Type>
			<Dynamic>false</Dynamic>
			<HashName>prop_tool_consaw</HashName>
			<InitialHandle>576279</InitialHandle>
			<ObjectProperties>
				<TextureVariation>0</TextureVariation>
			</ObjectProperties>
			<OpacityLevel>255</OpacityLevel>
			<LodDistance>16960</LodDistance>
			<IsVisible>true</IsVisible>
			<MaxHealth>1000</MaxHealth>
			<Health>1000</Health>
			<IsOnFire>false</IsOnFire>
			<IsInvincible>false</IsInvincible>
			<IsBulletProof>false</IsBulletProof>
			<IsCollisionProof>false</IsCollisionProof>
			<IsExplosionProof>false</IsExplosionProof>
			<IsFireProof>false</IsFireProof>
			<IsMeleeProof>false</IsMeleeProof>
			<IsOnlyDamagedByPlayer>false</IsOnlyDamagedByPlayer>
			<PositionRotation>
				<X>149.949326</X>
				<Y>-828.131531</Y>
				<Z>30.2888813</Z>
				<Pitch>78.0691681</Pitch>
				<Roll>-129.58461</Roll>
				<Yaw>9.50497532</Yaw>
			</PositionRotation>
			<Attachment isAttached="true">
				<AttachedTo>685357</AttachedTo>
				<BoneIndex>0</BoneIndex>
				<X>0.0399999991</X>
				<Y>0.440000296</Y>
				<Z>-0.27000007</Z>
				<Pitch>95.0000076</Pitch>
				<Roll>-14.000001</Roll>
				<Yaw>-5.00000381</Yaw>
			</Attachment>
		</Attachment>
		<Attachment>
			<ModelHash>0x7e1240ea</ModelHash>
			<Type>3</Type>
			<Dynamic>false</Dynamic>
			<HashName>prop_tool_consaw</HashName>
			<InitialHandle>458795</InitialHandle>
			<ObjectProperties>
				<TextureVariation>0</TextureVariation>
			</ObjectProperties>
			<OpacityLevel>255</OpacityLevel>
			<LodDistance>16960</LodDistance>
			<IsVisible>true</IsVisible>
			<MaxHealth>1000</MaxHealth>
			<Health>1000</Health>
			<IsOnFire>false</IsOnFire>
			<IsInvincible>false</IsInvincible>
			<IsBulletProof>false</IsBulletProof>
			<IsCollisionProof>false</IsCollisionProof>
			<IsExplosionProof>false</IsExplosionProof>
			<IsFireProof>false</IsFireProof>
			<IsMeleeProof>false</IsMeleeProof>
			<IsOnlyDamagedByPlayer>false</IsOnlyDamagedByPlayer>
			<PositionRotation>
				<X>149.959259</X>
				<Y>-828.095581</Y>
				<Z>30.4853725</Z>
				<Pitch>78.7889175</Pitch>
				<Roll>-120.455704</Roll>
				<Yaw>0.18771036</Yaw>
			</PositionRotation>
			<Attachment isAttached="true">
				<AttachedTo>685357</AttachedTo>
				<BoneIndex>0</BoneIndex>
				<X>0.0399999991</X>
				<Y>0.440000296</Y>
				<Z>-0.0699999928</Z>
				<Pitch>93.0000076</Pitch>
				<Roll>-14.000001</Roll>
				<Yaw>-5.00000381</Yaw>
			</Attachment>
		</Attachment>
		<Attachment>
			<ModelHash>0xc646615f</ModelHash>
			<Type>3</Type>
			<Dynamic>false</Dynamic>
			<HashName>v_ret_ta_skull</HashName>
			<InitialHandle>663587</InitialHandle>
			<ObjectProperties>
				<TextureVariation>0</TextureVariation>
			</ObjectProperties>
			<OpacityLevel>255</OpacityLevel>
			<LodDistance>16960</LodDistance>
			<IsVisible>true</IsVisible>
			<MaxHealth>1000</MaxHealth>
			<Health>1000</Health>
			<IsOnFire>false</IsOnFire>
			<IsInvincible>false</IsInvincible>
			<IsBulletProof>false</IsBulletProof>
			<IsCollisionProof>false</IsCollisionProof>
			<IsExplosionProof>false</IsExplosionProof>
			<IsFireProof>false</IsFireProof>
			<IsMeleeProof>false</IsMeleeProof>
			<IsOnlyDamagedByPlayer>false</IsOnlyDamagedByPlayer>
			<PositionRotation>
				<X>150.196014</X>
				<Y>-828.000977</Y>
				<Z>31.0088215</Z>
				<Pitch>1.43212235</Pitch>
				<Roll>11.282855</Roll>
				<Yaw>82.6539307</Yaw>
			</PositionRotation>
			<Attachment isAttached="true">
				<AttachedTo>685357</AttachedTo>
				<BoneIndex>23</BoneIndex>
				<X>0</X>
				<Y>-0.0499999821</Y>
				<Z>-0.0299985614</Z>
				<Pitch>-30.0000019</Pitch>
				<Roll>3.14000034</Roll>
				<Yaw>185.000015</Yaw>
			</Attachment>
		</Attachment>
		<Attachment>
			<ModelHash>0x0c9f33b0</ModelHash>
			<Type>3</Type>
			<Dynamic>false</Dynamic>
			<HashName>prop_cs_police_torch_02</HashName>
			<InitialHandle>156975</InitialHandle>
			<ObjectProperties>
				<TextureVariation>0</TextureVariation>
			</ObjectProperties>
			<OpacityLevel>255</OpacityLevel>
			<LodDistance>16960</LodDistance>
			<IsVisible>true</IsVisible>
			<MaxHealth>1000</MaxHealth>
			<Health>1000</Health>
			<IsOnFire>false</IsOnFire>
			<IsInvincible>false</IsInvincible>
			<IsBulletProof>false</IsBulletProof>
			<IsCollisionProof>false</IsCollisionProof>
			<IsExplosionProof>false</IsExplosionProof>
			<IsFireProof>false</IsFireProof>
			<IsMeleeProof>false</IsMeleeProof>
			<IsOnlyDamagedByPlayer>false</IsOnlyDamagedByPlayer>
			<PositionRotation>
				<X>150.065079</X>
				<Y>-827.838623</Y>
				<Z>30.6365757</Z>
				<Pitch>1.27914631</Pitch>
				<Roll>10.6728964</Roll>
				<Yaw>81.3302689</Yaw>
			</PositionRotation>
			<Attachment isAttached="true">
				<AttachedTo>685357</AttachedTo>
				<BoneIndex>0</BoneIndex>
				<X>-0.200000063</X>
				<Y>0.490001321</Y>
				<Z>0.129999936</Z>
				<Pitch>0</Pitch>
				<Roll>0</Roll>
				<Yaw>183.000015</Yaw>
			</Attachment>
		</Attachment>
		<Attachment>
			<ModelHash>0x0c9f33b0</ModelHash>
			<Type>3</Type>
			<Dynamic>false</Dynamic>
			<HashName>prop_cs_police_torch_02</HashName>
			<InitialHandle>309297</InitialHandle>
			<ObjectProperties>
				<TextureVariation>0</TextureVariation>
			</ObjectProperties>
			<OpacityLevel>255</OpacityLevel>
			<LodDistance>16960</LodDistance>
			<IsVisible>true</IsVisible>
			<MaxHealth>1000</MaxHealth>
			<Health>1000</Health>
			<IsOnFire>false</IsOnFire>
			<IsInvincible>false</IsInvincible>
			<IsBulletProof>false</IsBulletProof>
			<IsCollisionProof>false</IsCollisionProof>
			<IsExplosionProof>false</IsExplosionProof>
			<IsFireProof>false</IsFireProof>
			<IsMeleeProof>false</IsMeleeProof>
			<IsOnlyDamagedByPlayer>false</IsOnlyDamagedByPlayer>
			<PositionRotation>
				<X>150.070404</X>
				<Y>-827.806641</Y>
				<Z>30.5388508</Z>
				<Pitch>1.27914631</Pitch>
				<Roll>10.6728964</Roll>
				<Yaw>81.3302689</Yaw>
			</PositionRotation>
			<Attachment isAttached="true">
				<AttachedTo>685357</AttachedTo>
				<BoneIndex>0</BoneIndex>
				<X>-0.250000089</X>
				<Y>0.490001321</Y>
				<Z>0.0399999842</Z>
				<Pitch>0</Pitch>
				<Roll>0</Roll>
				<Yaw>183.000015</Yaw>
			</Attachment>
		</Attachment>
	</SpoonerAttachments>
</Vehicle>
