<?xml version="1.0" encoding="ISO-8859-1"?>
<Vehicle menyoo_ver="0.99987b">
	<ModelHash>0x187d938d</ModelHash>
	<InitialHandle>776723</InitialHandle>
	<VehicleProperties>
		<Colours>
			<Primary>39</Primary>
			<Secondary>12</Secondary>
			<Pearl>0</Pearl>
			<Rim>156</Rim>
			<Mod1_a>6</Mod1_a>
			<Mod1_b>-1</Mod1_b>
			<Mod1_c>-1</Mod1_c>
			<Mod2_a>6</Mod2_a>
			<Mod2_b>-1</Mod2_b>
			<IsPrimaryColourCustom>false</IsPrimaryColourCustom>
			<IsSecondaryColourCustom>false</IsSecondaryColourCustom>
			<tyreSmoke_R>255</tyreSmoke_R>
			<tyreSmoke_G>255</tyreSmoke_G>
			<tyreSmoke_B>255</tyreSmoke_B>
			<LrInterior>0</LrInterior>
			<LrDashboard>0</LrDashboard>
		</Colours>
		<Livery>-1</Livery>
		<NumberPlateText> MENYOO </NumberPlateText>
		<NumberPlateIndex>5</NumberPlateIndex>
		<WheelType>0</WheelType>
		<WheelsInvisible>false</WheelsInvisible>
		<EngineSoundName></EngineSoundName>
		<WindowTint>-1</WindowTint>
		<BulletProofTyres>true</BulletProofTyres>
		<DirtLevel>0.960436106</DirtLevel>
		<PaintFade>0.298039228</PaintFade>
		<RoofState>0</RoofState>
		<SirenActive>false</SirenActive>
		<EngineOn>true</EngineOn>
		<EngineHealth>1000</EngineHealth>
		<LightsOn>true</LightsOn>
		<IsRadioLoud>0</IsRadioLoud>
		<Neons>
			<Left>true</Left>
			<Right>true</Right>
			<Front>true</Front>
			<Back>true</Back>
			<R>255</R>
			<G>1</G>
			<B>1</B>
		</Neons>
		<ModExtras />
		<Mods>
			<_0>4,0</_0>
			<_1>2,0</_1>
			<_2>-1,0</_2>
			<_3>5,0</_3>
			<_4>2,0</_4>
			<_5>-1,0</_5>
			<_6>-1,0</_6>
			<_7>-1,0</_7>
			<_8>-1,0</_8>
			<_9>-1,0</_9>
			<_10>-1,0</_10>
			<_11>3,0</_11>
			<_12>2,0</_12>
			<_13>2,0</_13>
			<_14>-1,0</_14>
			<_15>-1,0</_15>
			<_16>-1,0</_16>
			<_17>false</_17>
			<_18>false</_18>
			<_19>false</_19>
			<_20>false</_20>
			<_21>false</_21>
			<_22>false</_22>
			<_23>-1,0</_23>
			<_24>-1,0</_24>
			<_25>-1,0</_25>
			<_26>-1,0</_26>
			<_27>-1,0</_27>
			<_28>-1,0</_28>
			<_29>-1,0</_29>
			<_30>-1,0</_30>
			<_31>-1,0</_31>
			<_32>-1,0</_32>
			<_33>-1,0</_33>
			<_34>-1,0</_34>
			<_35>-1,0</_35>
			<_36>-1,0</_36>
			<_37>-1,0</_37>
			<_38>-1,0</_38>
			<_39>-1,0</_39>
			<_40>-1,0</_40>
			<_41>-1,0</_41>
			<_42>-1,0</_42>
			<_43>-1,0</_43>
			<_44>-1,0</_44>
			<_45>-1,0</_45>
			<_46>-1,0</_46>
			<_47>-1,0</_47>
			<_48>-1,0</_48>
		</Mods>
		<DoorsOpen>
			<BackLeftDoor>false</BackLeftDoor>
			<BackRightDoor>false</BackRightDoor>
			<FrontLeftDoor>false</FrontLeftDoor>
			<FrontRightDoor>false</FrontRightDoor>
			<Hood>false</Hood>
			<Trunk>false</Trunk>
			<Trunk2>false</Trunk2>
		</DoorsOpen>
		<DoorsBroken>
			<BackLeftDoor>false</BackLeftDoor>
			<BackRightDoor>false</BackRightDoor>
			<FrontLeftDoor>false</FrontLeftDoor>
			<FrontRightDoor>false</FrontRightDoor>
			<Hood>false</Hood>
			<Trunk>false</Trunk>
			<Trunk2>false</Trunk2>
		</DoorsBroken>
		<TyresBursted>
			<FrontLeft>false</FrontLeft>
			<FrontRight>false</FrontRight>
			<_2>false</_2>
			<_3>false</_3>
			<BackLeft>false</BackLeft>
			<BackRight>false</BackRight>
			<_6>false</_6>
			<_7>false</_7>
			<_8>false</_8>
		</TyresBursted>
		<RpmMultiplier>1</RpmMultiplier>
		<TorqueMultiplier>1</TorqueMultiplier>
		<HeadlightIntensity>1</HeadlightIntensity>
	</VehicleProperties>
	<OpacityLevel>255</OpacityLevel>
	<LodDistance>500</LodDistance>
	<IsVisible>true</IsVisible>
	<IsDriverVisible>true</IsDriverVisible>
	<MaxHealth>1000</MaxHealth>
	<Health>1000</Health>
	<HasGravity>true</HasGravity>
	<IsOnFire>false</IsOnFire>
	<IsInvincible>true</IsInvincible>
	<IsBulletProof>true</IsBulletProof>
	<IsExplosionProof>true</IsExplosionProof>
	<IsFireProof>false</IsFireProof>
	<IsMeleeProof>true</IsMeleeProof>
	<IsOnlyDamagedByPlayer>false</IsOnlyDamagedByPlayer>
	<SpoonerAttachments SetAttachmentsPersistentAndAddToSpoonerDatabase="false" StartTaskSequencesOnLoad="true">
		<Attachment>
			<ModelHash>0xa7ceb3d0</ModelHash>
			<Type>3</Type>
			<Dynamic>false</Dynamic>
			<FrozenPos>true</FrozenPos>
			<HashName>prop_sam_01</HashName>
			<InitialHandle>655890</InitialHandle>
			<ObjectProperties>
				<TextureVariation>0</TextureVariation>
			</ObjectProperties>
			<OpacityLevel>255</OpacityLevel>
			<LodDistance>16960</LodDistance>
			<IsVisible>true</IsVisible>
			<MaxHealth>1000</MaxHealth>
			<Health>1000</Health>
			<HasGravity>true</HasGravity>
			<IsOnFire>false</IsOnFire>
			<IsInvincible>false</IsInvincible>
			<IsBulletProof>false</IsBulletProof>
			<IsCollisionProof>false</IsCollisionProof>
			<IsExplosionProof>false</IsExplosionProof>
			<IsFireProof>false</IsFireProof>
			<IsMeleeProof>false</IsMeleeProof>
			<IsOnlyDamagedByPlayer>false</IsOnlyDamagedByPlayer>
			<PositionRotation>
				<X>1599.29004</X>
				<Y>3230.47388</Y>
				<Z>40.2775536</Z>
				<Pitch>0.406268179</Pitch>
				<Roll>-11.6865778</Roll>
				<Yaw>-79.2595062</Yaw>
			</PositionRotation>
			<Attachment isAttached="true">
				<AttachedTo>776723</AttachedTo>
				<BoneIndex>0</BoneIndex>
				<X>0.99999994</X>
				<Y>0</Y>
				<Z>0.099999845</Z>
				<Pitch>360.399872</Pitch>
				<Roll>347.698669</Roll>
				<Yaw>178.500854</Yaw>
			</Attachment>
		</Attachment>
		<Attachment>
			<ModelHash>0xa7ceb3d0</ModelHash>
			<Type>3</Type>
			<Dynamic>false</Dynamic>
			<FrozenPos>true</FrozenPos>
			<HashName>prop_sam_01</HashName>
			<InitialHandle>669715</InitialHandle>
			<ObjectProperties>
				<TextureVariation>0</TextureVariation>
			</ObjectProperties>
			<OpacityLevel>255</OpacityLevel>
			<LodDistance>16960</LodDistance>
			<IsVisible>true</IsVisible>
			<MaxHealth>1000</MaxHealth>
			<Health>1000</Health>
			<HasGravity>true</HasGravity>
			<IsOnFire>false</IsOnFire>
			<IsInvincible>false</IsInvincible>
			<IsBulletProof>false</IsBulletProof>
			<IsCollisionProof>false</IsCollisionProof>
			<IsExplosionProof>false</IsExplosionProof>
			<IsFireProof>false</IsFireProof>
			<IsMeleeProof>false</IsMeleeProof>
			<IsOnlyDamagedByPlayer>false</IsOnlyDamagedByPlayer>
			<PositionRotation>
				<X>1599.70996</X>
				<Y>3228.53906</Y>
				<Z>40.256321</Z>
				<Pitch>0.434141427</Pitch>
				<Roll>-11.6875</Roll>
				<Yaw>-76.6601105</Yaw>
			</PositionRotation>
			<Attachment isAttached="true">
				<AttachedTo>776723</AttachedTo>
				<BoneIndex>0</BoneIndex>
				<X>-0.980000138</X>
				<Y>0</Y>
				<Z>0.099999845</Z>
				<Pitch>360.399872</Pitch>
				<Roll>347.698669</Roll>
				<Yaw>-178.899628</Yaw>
			</Attachment>
		</Attachment>
		<Attachment>
			<ModelHash>0x4afa2d34</ModelHash>
			<Type>3</Type>
			<Dynamic>false</Dynamic>
			<FrozenPos>true</FrozenPos>
			<HashName>prop_wall_light_15a</HashName>
			<InitialHandle>52246</InitialHandle>
			<ObjectProperties>
				<TextureVariation>0</TextureVariation>
			</ObjectProperties>
			<OpacityLevel>255</OpacityLevel>
			<LodDistance>16960</LodDistance>
			<IsVisible>true</IsVisible>
			<MaxHealth>1000</MaxHealth>
			<Health>1000</Health>
			<HasGravity>true</HasGravity>
			<IsOnFire>false</IsOnFire>
			<IsInvincible>false</IsInvincible>
			<IsBulletProof>false</IsBulletProof>
			<IsCollisionProof>false</IsCollisionProof>
			<IsExplosionProof>false</IsExplosionProof>
			<IsFireProof>false</IsFireProof>
			<IsMeleeProof>false</IsMeleeProof>
			<IsOnlyDamagedByPlayer>false</IsOnlyDamagedByPlayer>
			<PositionRotation>
				<X>1601.94604</X>
				<Y>3230.02271</Y>
				<Z>40.6677895</Z>
				<Pitch>0.0224944334</Pitch>
				<Roll>0.6143502</Roll>
				<Yaw>-77.7561493</Yaw>
			</PositionRotation>
			<Attachment isAttached="true">
				<AttachedTo>776723</AttachedTo>
				<BoneIndex>0</BoneIndex>
				<X>0</X>
				<Y>-2.50000024</Y>
				<Z>0.49999997</Z>
				<Pitch>0</Pitch>
				<Roll>0</Roll>
				<Yaw>180</Yaw>
			</Attachment>
		</Attachment>
		<Attachment>
			<ModelHash>0xf3ab7702</ModelHash>
			<Type>3</Type>
			<Dynamic>false</Dynamic>
			<FrozenPos>true</FrozenPos>
			<HashName>prop_v_cam_01</HashName>
			<InitialHandle>550166</InitialHandle>
			<ObjectProperties>
				<TextureVariation>0</TextureVariation>
			</ObjectProperties>
			<OpacityLevel>255</OpacityLevel>
			<LodDistance>16960</LodDistance>
			<IsVisible>true</IsVisible>
			<MaxHealth>1000</MaxHealth>
			<Health>1000</Health>
			<HasGravity>true</HasGravity>
			<IsOnFire>false</IsOnFire>
			<IsInvincible>false</IsInvincible>
			<IsBulletProof>false</IsBulletProof>
			<IsCollisionProof>false</IsCollisionProof>
			<IsExplosionProof>false</IsExplosionProof>
			<IsFireProof>false</IsFireProof>
			<IsMeleeProof>false</IsMeleeProof>
			<IsOnlyDamagedByPlayer>false</IsOnlyDamagedByPlayer>
			<PositionRotation>
				<X>1597.41992</X>
				<Y>3229.04858</Y>
				<Z>39.9360123</Z>
				<Pitch>-0.61435014</Pitch>
				<Roll>0.0224955324</Roll>
				<Yaw>-167.755905</Yaw>
			</PositionRotation>
			<Attachment isAttached="true">
				<AttachedTo>776723</AttachedTo>
				<BoneIndex>0</BoneIndex>
				<X>0</X>
				<Y>2.12999845</Y>
				<Z>-0.229999974</Z>
				<Pitch>0</Pitch>
				<Roll>0</Roll>
				<Yaw>89.9999924</Yaw>
			</Attachment>
		</Attachment>
		<Attachment>
			<ModelHash>0xc64ae8a2</ModelHash>
			<Type>3</Type>
			<Dynamic>false</Dynamic>
			<FrozenPos>true</FrozenPos>
			<HashName>prop_speaker_01</HashName>
			<InitialHandle>306199</InitialHandle>
			<ObjectProperties>
				<TextureVariation>0</TextureVariation>
			</ObjectProperties>
			<OpacityLevel>255</OpacityLevel>
			<LodDistance>16960</LodDistance>
			<IsVisible>true</IsVisible>
			<MaxHealth>1000</MaxHealth>
			<Health>1000</Health>
			<HasGravity>true</HasGravity>
			<IsOnFire>false</IsOnFire>
			<IsInvincible>false</IsInvincible>
			<IsBulletProof>false</IsBulletProof>
			<IsCollisionProof>false</IsCollisionProof>
			<IsExplosionProof>false</IsExplosionProof>
			<IsFireProof>false</IsFireProof>
			<IsMeleeProof>false</IsMeleeProof>
			<IsOnlyDamagedByPlayer>false</IsOnlyDamagedByPlayer>
			<PositionRotation>
				<X>1600.75598</X>
				<Y>3230.79224</Y>
				<Z>40.2681427</Z>
				<Pitch>0.370799094</Pitch>
				<Roll>0.490350366</Roll>
				<Yaw>-42.7575989</Yaw>
			</PositionRotation>
			<Attachment isAttached="true">
				<AttachedTo>776723</AttachedTo>
				<BoneIndex>0</BoneIndex>
				<X>1.00000012</X>
				<Y>-1.50000024</Y>
				<Z>0.090000242</Z>
				<Pitch>0</Pitch>
				<Roll>0</Roll>
				<Yaw>-144.999985</Yaw>
			</Attachment>
		</Attachment>
		<Attachment>
			<ModelHash>0x037153d6</ModelHash>
			<Type>3</Type>
			<Dynamic>false</Dynamic>
			<FrozenPos>true</FrozenPos>
			<HashName>prop_outdoor_fan_01</HashName>
			<InitialHandle>784664</InitialHandle>
			<ObjectProperties>
				<TextureVariation>0</TextureVariation>
			</ObjectProperties>
			<OpacityLevel>255</OpacityLevel>
			<LodDistance>16960</LodDistance>
			<IsVisible>true</IsVisible>
			<MaxHealth>1000</MaxHealth>
			<Health>1000</Health>
			<HasGravity>true</HasGravity>
			<IsOnFire>false</IsOnFire>
			<IsInvincible>false</IsInvincible>
			<IsBulletProof>false</IsBulletProof>
			<IsCollisionProof>false</IsCollisionProof>
			<IsExplosionProof>false</IsExplosionProof>
			<IsFireProof>false</IsFireProof>
			<IsMeleeProof>false</IsMeleeProof>
			<IsOnlyDamagedByPlayer>false</IsOnlyDamagedByPlayer>
			<PositionRotation>
				<X>1597.73267</X>
				<Y>3229.11646</Y>
				<Z>39.9361382</Z>
				<Pitch>89.3857803</Pitch>
				<Roll>-87.9017258</Roll>
				<Yaw>-169.854279</Yaw>
			</PositionRotation>
			<Attachment isAttached="true">
				<AttachedTo>776723</AttachedTo>
				<BoneIndex>0</BoneIndex>
				<X>0</X>
				<Y>1.81000018</Y>
				<Z>-0.230000034</Z>
				<Pitch>450</Pitch>
				<Roll>360</Roll>
				<Yaw>0</Yaw>
			</Attachment>
		</Attachment>
		<Attachment>
			<ModelHash>0x51b12338</ModelHash>
			<Type>3</Type>
			<Dynamic>false</Dynamic>
			<FrozenPos>true</FrozenPos>
			<HashName>prop_watercrate_01</HashName>
			<InitialHandle>171797</InitialHandle>
			<ObjectProperties>
				<TextureVariation>0</TextureVariation>
			</ObjectProperties>
			<OpacityLevel>255</OpacityLevel>
			<LodDistance>16960</LodDistance>
			<IsVisible>true</IsVisible>
			<MaxHealth>1000</MaxHealth>
			<Health>1000</Health>
			<HasGravity>true</HasGravity>
			<IsOnFire>false</IsOnFire>
			<IsInvincible>false</IsInvincible>
			<IsBulletProof>false</IsBulletProof>
			<IsCollisionProof>false</IsCollisionProof>
			<IsExplosionProof>false</IsExplosionProof>
			<IsFireProof>false</IsFireProof>
			<IsMeleeProof>false</IsMeleeProof>
			<IsOnlyDamagedByPlayer>false</IsOnlyDamagedByPlayer>
			<PositionRotation>
				<X>1599.74609</X>
				<Y>3229.55151</Y>
				<Z>40.1069374</Z>
				<Pitch>-0.0224943925</Pitch>
				<Roll>-0.61435014</Roll>
				<Yaw>102.243843</Yaw>
			</PositionRotation>
			<Attachment isAttached="true">
				<AttachedTo>776723</AttachedTo>
				<BoneIndex>0</BoneIndex>
				<X>0</X>
				<Y>-0.25000003</Y>
				<Z>-0.0599999987</Z>
				<Pitch>0</Pitch>
				<Roll>0</Roll>
				<Yaw>0</Yaw>
			</Attachment>
		</Attachment>
		<Attachment>
			<ModelHash>0x3dbcdeb2</ModelHash>
			<Type>3</Type>
			<Dynamic>false</Dynamic>
			<FrozenPos>true</FrozenPos>
			<HashName>v_club_vu_deckcase</HashName>
			<InitialHandle>265254</InitialHandle>
			<ObjectProperties>
				<TextureVariation>0</TextureVariation>
			</ObjectProperties>
			<OpacityLevel>255</OpacityLevel>
			<LodDistance>16960</LodDistance>
			<IsVisible>true</IsVisible>
			<MaxHealth>1000</MaxHealth>
			<Health>1000</Health>
			<HasGravity>true</HasGravity>
			<IsOnFire>false</IsOnFire>
			<IsInvincible>false</IsInvincible>
			<IsBulletProof>false</IsBulletProof>
			<IsCollisionProof>false</IsCollisionProof>
			<IsExplosionProof>false</IsExplosionProof>
			<IsFireProof>false</IsFireProof>
			<IsMeleeProof>false</IsMeleeProof>
			<IsOnlyDamagedByPlayer>false</IsOnlyDamagedByPlayer>
			<PositionRotation>
				<X>1599.77759</X>
				<Y>3229.54639</Y>
				<Z>41.196888</Z>
				<Pitch>-0.0224943925</Pitch>
				<Roll>-0.61435014</Roll>
				<Yaw>102.243843</Yaw>
			</PositionRotation>
			<Attachment isAttached="true">
				<AttachedTo>776723</AttachedTo>
				<BoneIndex>0</BoneIndex>
				<X>0</X>
				<Y>-0.28000021</Y>
				<Z>1.03000009</Z>
				<Pitch>0</Pitch>
				<Roll>0</Roll>
				<Yaw>0</Yaw>
			</Attachment>
		</Attachment>
		<Attachment>
			<ModelHash>0x9b810fa2</ModelHash>
			<Type>1</Type>
			<Dynamic>true</Dynamic>
			<FrozenPos>false</FrozenPos>
			<HashName>Trevor</HashName>
			<InitialHandle>456486</InitialHandle>
			<PedProperties>
				<IsStill>true</IsStill>
				<CanRagdoll>false</CanRagdoll>
				<HasShortHeight>false</HasShortHeight>
				<CurrentWeapon>0xa2719263</CurrentWeapon>
				<PedProps>
					<_0>-1,-1</_0>
					<_1>-1,-1</_1>
					<_2>-1,-1</_2>
					<_3>-1,-1</_3>
					<_4>-1,-1</_4>
					<_5>-1,-1</_5>
					<_6>-1,-1</_6>
					<_7>-1,-1</_7>
					<_8>-1,-1</_8>
					<_9>-1,-1</_9>
				</PedProps>
				<PedComps>
					<_0>0,0</_0>
					<_1>0,0</_1>
					<_2>0,0</_2>
					<_3>0,0</_3>
					<_4>0,0</_4>
					<_5>0,0</_5>
					<_6>0,0</_6>
					<_7>0,0</_7>
					<_8>0,0</_8>
					<_9>0,0</_9>
					<_10>0,0</_10>
					<_11>0,0</_11>
				</PedComps>
				<RelationshipGroupAltered>false</RelationshipGroupAltered>
				<RelationshipGroup>0x6f0783f5</RelationshipGroup>
				<ScenarioActive>false</ScenarioActive>
				<AnimActive>true</AnimActive>
				<AnimDict>rcmpaparazzo_2</AnimDict>
				<AnimName>shag_loop_poppy</AnimName>
			</PedProperties>
			<OpacityLevel>255</OpacityLevel>
			<LodDistance>16960</LodDistance>
			<IsVisible>true</IsVisible>
			<MaxHealth>200</MaxHealth>
			<Health>200</Health>
			<HasGravity>true</HasGravity>
			<IsOnFire>false</IsOnFire>
			<IsInvincible>false</IsInvincible>
			<IsBulletProof>false</IsBulletProof>
			<IsCollisionProof>false</IsCollisionProof>
			<IsExplosionProof>false</IsExplosionProof>
			<IsFireProof>false</IsFireProof>
			<IsMeleeProof>false</IsMeleeProof>
			<IsOnlyDamagedByPlayer>false</IsOnlyDamagedByPlayer>
			<PositionRotation>
				<X>1600.67737</X>
				<Y>3229.73755</Y>
				<Z>41.5671959</Z>
				<Pitch>-0.021313997</Pitch>
				<Roll>-0.614384413</Roll>
				<Yaw>102.243759</Yaw>
			</PositionRotation>
			<Attachment isAttached="true">
				<AttachedTo>776723</AttachedTo>
				<BoneIndex>0</BoneIndex>
				<X>0</X>
				<Y>-1.20000017</Y>
				<Z>1.40000045</Z>
				<Pitch>0</Pitch>
				<Roll>0</Roll>
				<Yaw>0</Yaw>
			</Attachment>
		</Attachment>
		<Attachment>
			<ModelHash>0x4afa2d34</ModelHash>
			<Type>3</Type>
			<Dynamic>false</Dynamic>
			<FrozenPos>true</FrozenPos>
			<HashName>prop_wall_light_15a</HashName>
			<InitialHandle>772646</InitialHandle>
			<ObjectProperties>
				<TextureVariation>0</TextureVariation>
			</ObjectProperties>
			<OpacityLevel>255</OpacityLevel>
			<LodDistance>16960</LodDistance>
			<IsVisible>true</IsVisible>
			<MaxHealth>1000</MaxHealth>
			<Health>1000</Health>
			<HasGravity>true</HasGravity>
			<IsOnFire>false</IsOnFire>
			<IsInvincible>false</IsInvincible>
			<IsBulletProof>false</IsBulletProof>
			<IsCollisionProof>false</IsCollisionProof>
			<IsExplosionProof>false</IsExplosionProof>
			<IsFireProof>false</IsFireProof>
			<IsMeleeProof>false</IsMeleeProof>
			<IsOnlyDamagedByPlayer>false</IsOnlyDamagedByPlayer>
			<PositionRotation>
				<X>1601.94788</X>
				<Y>3230.01221</Y>
				<Z>41.6677284</Z>
				<Pitch>25.0209579</Pitch>
				<Roll>0.67797929</Roll>
				<Yaw>-78.0426636</Yaw>
			</PositionRotation>
			<Attachment isAttached="true">
				<AttachedTo>776723</AttachedTo>
				<BoneIndex>0</BoneIndex>
				<X>0</X>
				<Y>-2.50000024</Y>
				<Z>1.49999905</Z>
				<Pitch>25.0000019</Pitch>
				<Roll>0</Roll>
				<Yaw>180</Yaw>
			</Attachment>
		</Attachment>
		<Attachment>
			<ModelHash>0x2cfd9427</ModelHash>
			<Type>3</Type>
			<Dynamic>false</Dynamic>
			<FrozenPos>true</FrozenPos>
			<HashName>prop_runlight_r</HashName>
			<InitialHandle>762407</InitialHandle>
			<ObjectProperties>
				<TextureVariation>0</TextureVariation>
			</ObjectProperties>
			<OpacityLevel>255</OpacityLevel>
			<LodDistance>16960</LodDistance>
			<IsVisible>true</IsVisible>
			<MaxHealth>1000</MaxHealth>
			<Health>1000</Health>
			<HasGravity>true</HasGravity>
			<IsOnFire>false</IsOnFire>
			<IsInvincible>false</IsInvincible>
			<IsBulletProof>false</IsBulletProof>
			<IsCollisionProof>false</IsCollisionProof>
			<IsExplosionProof>false</IsExplosionProof>
			<IsFireProof>false</IsFireProof>
			<IsMeleeProof>false</IsMeleeProof>
			<IsOnlyDamagedByPlayer>false</IsOnlyDamagedByPlayer>
			<PositionRotation>
				<X>1598.02258</X>
				<Y>3230.09155</Y>
				<Z>39.8058815</Z>
				<Pitch>-0.0224843882</Pitch>
				<Roll>89.385643</Roll>
				<Yaw>102.243843</Yaw>
			</PositionRotation>
			<Attachment isAttached="true">
				<AttachedTo>776723</AttachedTo>
				<BoneIndex>0</BoneIndex>
				<X>0.890000105</X>
				<Y>1.32000017</Y>
				<Z>-0.370000094</Z>
				<Pitch>360</Pitch>
				<Roll>90.0000076</Roll>
				<Yaw>0</Yaw>
			</Attachment>
		</Attachment>
		<Attachment>
			<ModelHash>0x2cfd9427</ModelHash>
			<Type>3</Type>
			<Dynamic>false</Dynamic>
			<FrozenPos>true</FrozenPos>
			<HashName>prop_runlight_r</HashName>
			<InitialHandle>566566</InitialHandle>
			<ObjectProperties>
				<TextureVariation>0</TextureVariation>
			</ObjectProperties>
			<OpacityLevel>255</OpacityLevel>
			<LodDistance>16960</LodDistance>
			<IsVisible>true</IsVisible>
			<MaxHealth>1000</MaxHealth>
			<Health>1000</Health>
			<HasGravity>true</HasGravity>
			<IsOnFire>false</IsOnFire>
			<IsInvincible>false</IsInvincible>
			<IsBulletProof>false</IsBulletProof>
			<IsCollisionProof>false</IsCollisionProof>
			<IsExplosionProof>false</IsExplosionProof>
			<IsFireProof>false</IsFireProof>
			<IsMeleeProof>false</IsMeleeProof>
			<IsOnlyDamagedByPlayer>false</IsOnlyDamagedByPlayer>
			<PositionRotation>
				<X>1598.40002</X>
				<Y>3228.35229</Y>
				<Z>39.7667961</Z>
				<Pitch>-0.0224943925</Pitch>
				<Roll>-90.6143417</Roll>
				<Yaw>102.243843</Yaw>
			</PositionRotation>
			<Attachment isAttached="true">
				<AttachedTo>776723</AttachedTo>
				<BoneIndex>-1</BoneIndex>
				<X>-0.890000224</X>
				<Y>1.32000017</Y>
				<Z>-0.390000194</Z>
				<Pitch>0</Pitch>
				<Roll>-90</Roll>
				<Yaw>0</Yaw>
			</Attachment>
		</Attachment>
		<Attachment>
			<ModelHash>0x2cfd9427</ModelHash>
			<Type>3</Type>
			<Dynamic>false</Dynamic>
			<FrozenPos>true</FrozenPos>
			<HashName>prop_runlight_r</HashName>
			<InitialHandle>698664</InitialHandle>
			<ObjectProperties>
				<TextureVariation>0</TextureVariation>
			</ObjectProperties>
			<OpacityLevel>255</OpacityLevel>
			<LodDistance>16960</LodDistance>
			<IsVisible>true</IsVisible>
			<MaxHealth>1000</MaxHealth>
			<Health>1000</Health>
			<HasGravity>true</HasGravity>
			<IsOnFire>false</IsOnFire>
			<IsInvincible>false</IsInvincible>
			<IsBulletProof>false</IsBulletProof>
			<IsCollisionProof>false</IsCollisionProof>
			<IsExplosionProof>false</IsExplosionProof>
			<IsFireProof>false</IsFireProof>
			<IsMeleeProof>false</IsMeleeProof>
			<IsOnlyDamagedByPlayer>false</IsOnlyDamagedByPlayer>
			<PositionRotation>
				<X>1600.99951</X>
				<Y>3228.9165</Y>
				<Z>39.7678413</Z>
				<Pitch>-0.0224943925</Pitch>
				<Roll>-90.6143417</Roll>
				<Yaw>102.243843</Yaw>
			</PositionRotation>
			<Attachment isAttached="true">
				<AttachedTo>776723</AttachedTo>
				<BoneIndex>-1</BoneIndex>
				<X>-0.890000224</X>
				<Y>-1.33999801</Y>
				<Z>-0.390000194</Z>
				<Pitch>0</Pitch>
				<Roll>-90</Roll>
				<Yaw>0</Yaw>
			</Attachment>
		</Attachment>
		<Attachment>
			<ModelHash>0x2cfd9427</ModelHash>
			<Type>3</Type>
			<Dynamic>false</Dynamic>
			<FrozenPos>true</FrozenPos>
			<HashName>prop_runlight_r</HashName>
			<InitialHandle>62504</InitialHandle>
			<ObjectProperties>
				<TextureVariation>0</TextureVariation>
			</ObjectProperties>
			<OpacityLevel>255</OpacityLevel>
			<LodDistance>16960</LodDistance>
			<IsVisible>true</IsVisible>
			<MaxHealth>1000</MaxHealth>
			<Health>1000</Health>
			<HasGravity>true</HasGravity>
			<IsOnFire>false</IsOnFire>
			<IsInvincible>false</IsInvincible>
			<IsBulletProof>false</IsBulletProof>
			<IsCollisionProof>false</IsCollisionProof>
			<IsExplosionProof>false</IsExplosionProof>
			<IsFireProof>false</IsFireProof>
			<IsMeleeProof>false</IsMeleeProof>
			<IsOnlyDamagedByPlayer>false</IsOnlyDamagedByPlayer>
			<PositionRotation>
				<X>1600.6123</X>
				<Y>3230.65356</Y>
				<Z>39.8069229</Z>
				<Pitch>-0.0224843882</Pitch>
				<Roll>89.385643</Roll>
				<Yaw>102.243843</Yaw>
			</PositionRotation>
			<Attachment isAttached="true">
				<AttachedTo>776723</AttachedTo>
				<BoneIndex>0</BoneIndex>
				<X>0.890000105</X>
				<Y>-1.32999802</Y>
				<Z>-0.370000094</Z>
				<Pitch>360</Pitch>
				<Roll>90.0000076</Roll>
				<Yaw>0</Yaw>
			</Attachment>
		</Attachment>
		<Attachment>
			<ModelHash>0x1801ea08</ModelHash>
			<Type>3</Type>
			<Dynamic>false</Dynamic>
			<FrozenPos>true</FrozenPos>
			<HashName>prop_runlight_b</HashName>
			<InitialHandle>211235</InitialHandle>
			<ObjectProperties>
				<TextureVariation>0</TextureVariation>
			</ObjectProperties>
			<OpacityLevel>255</OpacityLevel>
			<LodDistance>16960</LodDistance>
			<IsVisible>true</IsVisible>
			<MaxHealth>1000</MaxHealth>
			<Health>1000</Health>
			<HasGravity>true</HasGravity>
			<IsOnFire>false</IsOnFire>
			<IsInvincible>false</IsInvincible>
			<IsBulletProof>false</IsBulletProof>
			<IsCollisionProof>false</IsCollisionProof>
			<IsExplosionProof>false</IsExplosionProof>
			<IsFireProof>false</IsFireProof>
			<IsMeleeProof>false</IsMeleeProof>
			<IsOnlyDamagedByPlayer>false</IsOnlyDamagedByPlayer>
			<PositionRotation>
				<X>1599.44238</X>
				<Y>3229.77026</Y>
				<Z>41.1998863</Z>
				<Pitch>-0.0224943925</Pitch>
				<Roll>-0.61435014</Roll>
				<Yaw>102.243843</Yaw>
			</PositionRotation>
			<Attachment isAttached="true">
				<AttachedTo>776723</AttachedTo>
				<BoneIndex>0</BoneIndex>
				<X>0.290000051</X>
				<Y>0</Y>
				<Z>1.03000009</Z>
				<Pitch>0</Pitch>
				<Roll>0</Roll>
				<Yaw>0</Yaw>
			</Attachment>
		</Attachment>
		<Attachment>
			<ModelHash>0x1801ea08</ModelHash>
			<Type>3</Type>
			<Dynamic>false</Dynamic>
			<FrozenPos>true</FrozenPos>
			<HashName>prop_runlight_b</HashName>
			<InitialHandle>505641</InitialHandle>
			<ObjectProperties>
				<TextureVariation>0</TextureVariation>
			</ObjectProperties>
			<OpacityLevel>255</OpacityLevel>
			<LodDistance>16960</LodDistance>
			<IsVisible>true</IsVisible>
			<MaxHealth>1000</MaxHealth>
			<Health>1000</Health>
			<HasGravity>true</HasGravity>
			<IsOnFire>false</IsOnFire>
			<IsInvincible>false</IsInvincible>
			<IsBulletProof>false</IsBulletProof>
			<IsCollisionProof>false</IsCollisionProof>
			<IsExplosionProof>false</IsExplosionProof>
			<IsFireProof>false</IsFireProof>
			<IsMeleeProof>false</IsMeleeProof>
			<IsOnlyDamagedByPlayer>false</IsOnlyDamagedByPlayer>
			<PositionRotation>
				<X>1599.56543</X>
				<Y>3229.20361</Y>
				<Z>41.1936684</Z>
				<Pitch>-0.0224943925</Pitch>
				<Roll>-0.61435014</Roll>
				<Yaw>102.243843</Yaw>
			</PositionRotation>
			<Attachment isAttached="true">
				<AttachedTo>776723</AttachedTo>
				<BoneIndex>0</BoneIndex>
				<X>-0.290000081</X>
				<Y>-3.7252903e-09</Y>
				<Z>1.03000009</Z>
				<Pitch>0</Pitch>
				<Roll>0</Roll>
				<Yaw>0</Yaw>
			</Attachment>
		</Attachment>
		<Attachment>
			<ModelHash>0xc64ae8a2</ModelHash>
			<Type>3</Type>
			<Dynamic>false</Dynamic>
			<FrozenPos>true</FrozenPos>
			<HashName>prop_speaker_01</HashName>
			<InitialHandle>250666</InitialHandle>
			<ObjectProperties>
				<TextureVariation>0</TextureVariation>
			</ObjectProperties>
			<OpacityLevel>255</OpacityLevel>
			<LodDistance>16960</LodDistance>
			<IsVisible>true</IsVisible>
			<MaxHealth>1000</MaxHealth>
			<Health>1000</Health>
			<HasGravity>true</HasGravity>
			<IsOnFire>false</IsOnFire>
			<IsInvincible>false</IsInvincible>
			<IsBulletProof>false</IsBulletProof>
			<IsCollisionProof>false</IsCollisionProof>
			<IsExplosionProof>false</IsExplosionProof>
			<IsFireProof>false</IsFireProof>
			<IsMeleeProof>false</IsMeleeProof>
			<IsOnlyDamagedByPlayer>false</IsOnlyDamagedByPlayer>
			<PositionRotation>
				<X>1601.16528</X>
				<Y>3228.90625</Y>
				<Z>40.247448</Z>
				<Pitch>-0.239244521</Pitch>
				<Roll>0.566300273</Roll>
				<Yaw>-102.754852</Yaw>
			</PositionRotation>
			<Attachment isAttached="true">
				<AttachedTo>776723</AttachedTo>
				<BoneIndex>0</BoneIndex>
				<X>-0.929998755</X>
				<Y>-1.50000024</Y>
				<Z>0.090000242</Z>
				<Pitch>0</Pitch>
				<Roll>0</Roll>
				<Yaw>155</Yaw>
			</Attachment>
		</Attachment>
		<Attachment>
			<ModelHash>0xaf4b82c8</ModelHash>
			<Type>3</Type>
			<Dynamic>false</Dynamic>
			<FrozenPos>true</FrozenPos>
			<HashName>v_ilev_mr_rasberryclean</HashName>
			<InitialHandle>262185</InitialHandle>
			<ObjectProperties>
				<TextureVariation>0</TextureVariation>
			</ObjectProperties>
			<OpacityLevel>255</OpacityLevel>
			<LodDistance>16960</LodDistance>
			<IsVisible>true</IsVisible>
			<MaxHealth>1000</MaxHealth>
			<Health>1000</Health>
			<HasGravity>true</HasGravity>
			<IsOnFire>false</IsOnFire>
			<IsInvincible>false</IsInvincible>
			<IsBulletProof>false</IsBulletProof>
			<IsCollisionProof>false</IsCollisionProof>
			<IsExplosionProof>false</IsExplosionProof>
			<IsFireProof>false</IsFireProof>
			<IsMeleeProof>false</IsMeleeProof>
			<IsOnlyDamagedByPlayer>false</IsOnlyDamagedByPlayer>
			<PositionRotation>
				<X>1599.40613</X>
				<Y>3229.46606</Y>
				<Z>41.1667404</Z>
				<Pitch>0.0224945731</Pitch>
				<Roll>0.61435014</Roll>
				<Yaw>-77.756134</Yaw>
			</PositionRotation>
			<Attachment isAttached="true">
				<AttachedTo>776723</AttachedTo>
				<BoneIndex>0</BoneIndex>
				<X>0</X>
				<Y>0.100000016</Y>
				<Z>1.00000012</Z>
				<Pitch>0</Pitch>
				<Roll>0</Roll>
				<Yaw>180.000015</Yaw>
			</Attachment>
		</Attachment>
		<Attachment>
			<ModelHash>0xad751518</ModelHash>
			<Type>3</Type>
			<Dynamic>false</Dynamic>
			<FrozenPos>true</FrozenPos>
			<HashName>prop_runlight_y</HashName>
			<InitialHandle>370220</InitialHandle>
			<ObjectProperties>
				<TextureVariation>0</TextureVariation>
			</ObjectProperties>
			<OpacityLevel>255</OpacityLevel>
			<LodDistance>16960</LodDistance>
			<IsVisible>true</IsVisible>
			<MaxHealth>1000</MaxHealth>
			<Health>1000</Health>
			<HasGravity>true</HasGravity>
			<IsOnFire>false</IsOnFire>
			<IsInvincible>false</IsInvincible>
			<IsBulletProof>false</IsBulletProof>
			<IsCollisionProof>false</IsCollisionProof>
			<IsExplosionProof>false</IsExplosionProof>
			<IsFireProof>false</IsFireProof>
			<IsMeleeProof>false</IsMeleeProof>
			<IsOnlyDamagedByPlayer>false</IsOnlyDamagedByPlayer>
			<PositionRotation>
				<X>1597.22461</X>
				<Y>3229.00586</Y>
				<Z>39.9559326</Z>
				<Pitch>-89.3857803</Pitch>
				<Roll>-92.0963516</Roll>
				<Yaw>10.1476192</Yaw>
			</PositionRotation>
			<Attachment isAttached="true">
				<AttachedTo>776723</AttachedTo>
				<BoneIndex>0</BoneIndex>
				<X>-1.49011612e-08</X>
				<Y>2.32999992</Y>
				<Z>-0.210000113</Z>
				<Pitch>-90</Pitch>
				<Roll>3.57627869e-07</Roll>
				<Yaw>360</Yaw>
			</Attachment>
		</Attachment>
	</SpoonerAttachments>
</Vehicle>
