<?xml version="1.0"?>
<Vehicle menyoo_ver="0.9998744b">
	<ModelHash>0x49863e9c</ModelHash>
	<InitialHandle>455757</InitialHandle>
	<VehicleProperties>
		<Colours>
			<Primary>53</Primary>
			<Secondary>89</Secondary>
			<Pearl>4</Pearl>
			<Rim>156</Rim>
			<Mod1_a>6</Mod1_a>
			<Mod1_b>-1</Mod1_b>
			<Mod1_c>-1</Mod1_c>
			<Mod2_a>6</Mod2_a>
			<Mod2_b>-1</Mod2_b>
			<IsPrimaryColourCustom>false</IsPrimaryColourCustom>
			<IsSecondaryColourCustom>false</IsSecondaryColourCustom>
			<tyreSmoke_R>255</tyreSmoke_R>
			<tyreSmoke_G>255</tyreSmoke_G>
			<tyreSmoke_B>255</tyreSmoke_B>
			<LrInterior>0</LrInterior>
			<LrDashboard>0</LrDashboard>
		</Colours>
		<Livery>20</Livery>
		<NumberPlateText>47FBY797</NumberPlateText>
		<NumberPlateIndex>0</NumberPlateIndex>
		<WheelType>3</WheelType>
		<WheelsInvisible>false</WheelsInvisible>
		<EngineSoundName />
		<WindowTint>-1</WindowTint>
		<BulletProofTyres>true</BulletProofTyres>
		<DirtLevel>3.66675115</DirtLevel>
		<PaintFade>0.298039228</PaintFade>
		<RoofState>0</RoofState>
		<SirenActive>false</SirenActive>
		<EngineOn>true</EngineOn>
		<EngineHealth>1000</EngineHealth>
		<LightsOn>true</LightsOn>
		<IsRadioLoud>0</IsRadioLoud>
		<LockStatus>1</LockStatus>
		<Neons>
			<Left>false</Left>
			<Right>false</Right>
			<Front>false</Front>
			<Back>false</Back>
			<R>255</R>
			<G>0</G>
			<B>255</B>
		</Neons>
		<ModExtras>
			<_1>true</_1>
			<_2>false</_2>
			<_3>false</_3>
		</ModExtras>
		<Mods>
			<_0>-1,0</_0>
			<_1>-1,0</_1>
			<_2>-1,0</_2>
			<_3>-1,0</_3>
			<_4>-1,0</_4>
			<_5>-1,0</_5>
			<_6>-1,0</_6>
			<_7>-1,0</_7>
			<_8>-1,0</_8>
			<_9>-1,0</_9>
			<_10>-1,0</_10>
			<_11>-1,0</_11>
			<_12>-1,0</_12>
			<_13>-1,0</_13>
			<_14>-1,0</_14>
			<_15>-1,0</_15>
			<_16>-1,0</_16>
			<_17>false</_17>
			<_18>false</_18>
			<_19>false</_19>
			<_20>false</_20>
			<_21>false</_21>
			<_22>false</_22>
			<_23>-1,0</_23>
			<_24>-1,0</_24>
			<_25>-1,0</_25>
			<_26>-1,0</_26>
			<_27>-1,0</_27>
			<_28>-1,0</_28>
			<_29>-1,0</_29>
			<_30>-1,0</_30>
			<_31>-1,0</_31>
			<_32>-1,0</_32>
			<_33>-1,0</_33>
			<_34>-1,0</_34>
			<_35>-1,0</_35>
			<_36>-1,0</_36>
			<_37>-1,0</_37>
			<_38>-1,0</_38>
			<_39>-1,0</_39>
			<_40>-1,0</_40>
			<_41>-1,0</_41>
			<_42>-1,0</_42>
			<_43>-1,0</_43>
			<_44>-1,0</_44>
			<_45>-1,0</_45>
			<_46>-1,0</_46>
			<_47>-1,0</_47>
			<_48>-1,0</_48>
		</Mods>
		<DoorsOpen>
			<BackLeftDoor>false</BackLeftDoor>
			<BackRightDoor>false</BackRightDoor>
			<FrontLeftDoor>false</FrontLeftDoor>
			<FrontRightDoor>false</FrontRightDoor>
			<Hood>false</Hood>
			<Trunk>false</Trunk>
			<Trunk2>false</Trunk2>
		</DoorsOpen>
		<DoorsBroken>
			<BackLeftDoor>false</BackLeftDoor>
			<BackRightDoor>false</BackRightDoor>
			<FrontLeftDoor>true</FrontLeftDoor>
			<FrontRightDoor>true</FrontRightDoor>
			<Hood>true</Hood>
			<Trunk>false</Trunk>
			<Trunk2>false</Trunk2>
		</DoorsBroken>
		<TyresBursted>
			<FrontLeft>false</FrontLeft>
			<FrontRight>false</FrontRight>
			<_2>false</_2>
			<_3>false</_3>
			<BackLeft>false</BackLeft>
			<BackRight>false</BackRight>
			<_6>false</_6>
			<_7>false</_7>
			<_8>false</_8>
		</TyresBursted>
		<RpmMultiplier>1</RpmMultiplier>
		<TorqueMultiplier>1</TorqueMultiplier>
		<HeadlightIntensity>1</HeadlightIntensity>
	</VehicleProperties>
	<OpacityLevel>255</OpacityLevel>
	<LodDistance>16960</LodDistance>
	<IsVisible>true</IsVisible>
	<IsDriverVisible>true</IsDriverVisible>
	<MaxHealth>1000</MaxHealth>
	<Health>1000</Health>
	<HasGravity>true</HasGravity>
	<IsOnFire>false</IsOnFire>
	<IsInvincible>false</IsInvincible>
	<IsBulletProof>false</IsBulletProof>
	<IsExplosionProof>false</IsExplosionProof>
	<IsFireProof>false</IsFireProof>
	<IsMeleeProof>false</IsMeleeProof>
	<IsOnlyDamagedByPlayer>false</IsOnlyDamagedByPlayer>
	<SpoonerAttachments SetAttachmentsPersistentAndAddToSpoonerDatabase="true" StartTaskSequencesOnLoad="true">
		<Attachment>
			<ModelHash>0x2dff622f</ModelHash>
			<Type>2</Type>
			<Dynamic>true</Dynamic>
			<FrozenPos>false</FrozenPos>
			<HashName>Batyskaf</HashName>
			<InitialHandle>8773</InitialHandle>
			<VehicleProperties>
				<Colours>
					<Primary>12</Primary>
					<Secondary>12</Secondary>
					<Pearl>0</Pearl>
					<Rim>156</Rim>
					<Mod1_a>-1</Mod1_a>
					<Mod1_b>-3</Mod1_b>
					<Mod1_c>-3</Mod1_c>
					<Mod2_a>-1</Mod2_a>
					<Mod2_b>-1</Mod2_b>
					<IsPrimaryColourCustom>false</IsPrimaryColourCustom>
					<IsSecondaryColourCustom>false</IsSecondaryColourCustom>
					<tyreSmoke_R>255</tyreSmoke_R>
					<tyreSmoke_G>255</tyreSmoke_G>
					<tyreSmoke_B>255</tyreSmoke_B>
					<LrInterior>0</LrInterior>
					<LrDashboard>0</LrDashboard>
				</Colours>
				<Livery>-1</Livery>
				<NumberPlateText>48EYZ703</NumberPlateText>
				<NumberPlateIndex>4</NumberPlateIndex>
				<WheelType>0</WheelType>
				<WheelsInvisible>false</WheelsInvisible>
				<EngineSoundName />
				<WindowTint>-1</WindowTint>
				<BulletProofTyres>false</BulletProofTyres>
				<DirtLevel>14.9000206</DirtLevel>
				<PaintFade>1</PaintFade>
				<RoofState>0</RoofState>
				<SirenActive>false</SirenActive>
				<EngineOn>true</EngineOn>
				<EngineHealth>1000</EngineHealth>
				<LightsOn>true</LightsOn>
				<IsRadioLoud>0</IsRadioLoud>
				<LockStatus>1</LockStatus>
				<Neons>
					<Left>false</Left>
					<Right>false</Right>
					<Front>false</Front>
					<Back>false</Back>
					<R>255</R>
					<G>0</G>
					<B>255</B>
				</Neons>
				<DoorsOpen>
					<BackLeftDoor>false</BackLeftDoor>
					<BackRightDoor>false</BackRightDoor>
					<FrontLeftDoor>false</FrontLeftDoor>
					<FrontRightDoor>false</FrontRightDoor>
					<Hood>false</Hood>
					<Trunk>false</Trunk>
					<Trunk2>false</Trunk2>
				</DoorsOpen>
				<DoorsBroken>
					<BackLeftDoor>false</BackLeftDoor>
					<BackRightDoor>false</BackRightDoor>
					<FrontLeftDoor>false</FrontLeftDoor>
					<FrontRightDoor>false</FrontRightDoor>
					<Hood>false</Hood>
					<Trunk>false</Trunk>
					<Trunk2>false</Trunk2>
				</DoorsBroken>
				<TyresBursted>
					<FrontLeft>false</FrontLeft>
					<FrontRight>false</FrontRight>
					<_2>false</_2>
					<_3>false</_3>
					<BackLeft>false</BackLeft>
					<BackRight>false</BackRight>
					<_6>false</_6>
					<_7>false</_7>
					<_8>false</_8>
				</TyresBursted>
				<RpmMultiplier>1</RpmMultiplier>
				<TorqueMultiplier>1</TorqueMultiplier>
				<HeadlightIntensity>1</HeadlightIntensity>
				<ModExtras />
				<Mods>
					<_0>-1,0</_0>
					<_1>-1,0</_1>
					<_2>-1,0</_2>
					<_3>-1,0</_3>
					<_4>-1,0</_4>
					<_5>-1,0</_5>
					<_6>-1,0</_6>
					<_7>-1,0</_7>
					<_8>-1,0</_8>
					<_9>-1,0</_9>
					<_10>-1,0</_10>
					<_11>-1,0</_11>
					<_12>-1,0</_12>
					<_13>-1,0</_13>
					<_14>-1,0</_14>
					<_15>-1,0</_15>
					<_16>-1,0</_16>
					<_17>false</_17>
					<_18>false</_18>
					<_19>false</_19>
					<_20>false</_20>
					<_21>false</_21>
					<_22>true</_22>
					<_23>-1,0</_23>
					<_24>-1,0</_24>
					<_25>-1,0</_25>
					<_26>-1,0</_26>
					<_27>-1,0</_27>
					<_28>-1,0</_28>
					<_29>-1,0</_29>
					<_30>-1,0</_30>
					<_31>-1,0</_31>
					<_32>-1,0</_32>
					<_33>-1,0</_33>
					<_34>-1,0</_34>
					<_35>-1,0</_35>
					<_36>-1,0</_36>
					<_37>-1,0</_37>
					<_38>-1,0</_38>
					<_39>-1,0</_39>
					<_40>-1,0</_40>
					<_41>-1,0</_41>
					<_42>-1,0</_42>
					<_43>-1,0</_43>
					<_44>-1,0</_44>
					<_45>-1,0</_45>
					<_46>-1,0</_46>
					<_47>-1,0</_47>
					<_48>-1,0</_48>
				</Mods>
			</VehicleProperties>
			<OpacityLevel>255</OpacityLevel>
			<LodDistance>16960</LodDistance>
			<IsVisible>true</IsVisible>
			<MaxHealth>1000</MaxHealth>
			<Health>1000</Health>
			<HasGravity>true</HasGravity>
			<IsOnFire>false</IsOnFire>
			<IsInvincible>false</IsInvincible>
			<IsBulletProof>false</IsBulletProof>
			<IsCollisionProof>true</IsCollisionProof>
			<IsExplosionProof>false</IsExplosionProof>
			<IsFireProof>false</IsFireProof>
			<IsMeleeProof>false</IsMeleeProof>
			<IsOnlyDamagedByPlayer>false</IsOnlyDamagedByPlayer>
			<PositionRotation>
				<X>1679.26599</X>
				<Y>3238.94775</Y>
				<Z>43.1564598</Z>
				<Pitch>-0.486589789</Pitch>
				<Roll>-0.0133471927</Roll>
				<Yaw>104.138947</Yaw>
			</PositionRotation>
			<Attachment isAttached="true">
				<AttachedTo>455757</AttachedTo>
				<BoneIndex>17</BoneIndex>
				<X>0</X>
				<Y>0.400000095</Y>
				<Z>1.5299989</Z>
				<Pitch>0</Pitch>
				<Roll>0</Roll>
				<Yaw>0</Yaw>
			</Attachment>
		</Attachment>
		<Attachment>
			<ModelHash>0xc07107ee</ModelHash>
			<Type>2</Type>
			<Dynamic>true</Dynamic>
			<FrozenPos>false</FrozenPos>
			<HashName>Kraken</HashName>
			<InitialHandle>390159</InitialHandle>
			<VehicleProperties>
				<Colours>
					<Primary>132</Primary>
					<Secondary>0</Secondary>
					<Pearl>122</Pearl>
					<Rim>156</Rim>
					<Mod1_a>-1</Mod1_a>
					<Mod1_b>-3</Mod1_b>
					<Mod1_c>-3</Mod1_c>
					<Mod2_a>-1</Mod2_a>
					<Mod2_b>-1</Mod2_b>
					<IsPrimaryColourCustom>false</IsPrimaryColourCustom>
					<IsSecondaryColourCustom>false</IsSecondaryColourCustom>
					<tyreSmoke_R>255</tyreSmoke_R>
					<tyreSmoke_G>255</tyreSmoke_G>
					<tyreSmoke_B>255</tyreSmoke_B>
					<LrInterior>0</LrInterior>
					<LrDashboard>0</LrDashboard>
				</Colours>
				<Livery>-1</Livery>
				<NumberPlateText>62GOX395</NumberPlateText>
				<NumberPlateIndex>4</NumberPlateIndex>
				<WheelType>0</WheelType>
				<WheelsInvisible>false</WheelsInvisible>
				<EngineSoundName />
				<WindowTint>-1</WindowTint>
				<BulletProofTyres>false</BulletProofTyres>
				<DirtLevel>0</DirtLevel>
				<PaintFade>0.298039228</PaintFade>
				<RoofState>0</RoofState>
				<SirenActive>false</SirenActive>
				<EngineOn>false</EngineOn>
				<EngineHealth>1000</EngineHealth>
				<LightsOn>false</LightsOn>
				<IsRadioLoud>0</IsRadioLoud>
				<LockStatus>1</LockStatus>
				<Neons>
					<Left>false</Left>
					<Right>false</Right>
					<Front>false</Front>
					<Back>false</Back>
					<R>255</R>
					<G>0</G>
					<B>255</B>
				</Neons>
				<DoorsOpen>
					<BackLeftDoor>false</BackLeftDoor>
					<BackRightDoor>false</BackRightDoor>
					<FrontLeftDoor>false</FrontLeftDoor>
					<FrontRightDoor>false</FrontRightDoor>
					<Hood>false</Hood>
					<Trunk>false</Trunk>
					<Trunk2>false</Trunk2>
				</DoorsOpen>
				<DoorsBroken>
					<BackLeftDoor>false</BackLeftDoor>
					<BackRightDoor>false</BackRightDoor>
					<FrontLeftDoor>false</FrontLeftDoor>
					<FrontRightDoor>false</FrontRightDoor>
					<Hood>false</Hood>
					<Trunk>false</Trunk>
					<Trunk2>false</Trunk2>
				</DoorsBroken>
				<TyresBursted>
					<FrontLeft>false</FrontLeft>
					<FrontRight>false</FrontRight>
					<_2>false</_2>
					<_3>false</_3>
					<BackLeft>false</BackLeft>
					<BackRight>false</BackRight>
					<_6>false</_6>
					<_7>false</_7>
					<_8>false</_8>
				</TyresBursted>
				<ModExtras />
				<Mods>
					<_0>-1,0</_0>
					<_1>-1,0</_1>
					<_2>-1,0</_2>
					<_3>-1,0</_3>
					<_4>-1,0</_4>
					<_5>-1,0</_5>
					<_6>-1,0</_6>
					<_7>-1,0</_7>
					<_8>-1,0</_8>
					<_9>-1,0</_9>
					<_10>-1,0</_10>
					<_11>-1,0</_11>
					<_12>-1,0</_12>
					<_13>-1,0</_13>
					<_14>-1,0</_14>
					<_15>-1,0</_15>
					<_16>-1,0</_16>
					<_17>false</_17>
					<_18>false</_18>
					<_19>false</_19>
					<_20>false</_20>
					<_21>false</_21>
					<_22>false</_22>
					<_23>-1,0</_23>
					<_24>-1,0</_24>
					<_25>-1,0</_25>
					<_26>-1,0</_26>
					<_27>-1,0</_27>
					<_28>-1,0</_28>
					<_29>-1,0</_29>
					<_30>-1,0</_30>
					<_31>-1,0</_31>
					<_32>-1,0</_32>
					<_33>-1,0</_33>
					<_34>-1,0</_34>
					<_35>-1,0</_35>
					<_36>-1,0</_36>
					<_37>-1,0</_37>
					<_38>-1,0</_38>
					<_39>-1,0</_39>
					<_40>-1,0</_40>
					<_41>-1,0</_41>
					<_42>-1,0</_42>
					<_43>-1,0</_43>
					<_44>-1,0</_44>
					<_45>-1,0</_45>
					<_46>-1,0</_46>
					<_47>-1,0</_47>
					<_48>-1,0</_48>
				</Mods>
			</VehicleProperties>
			<OpacityLevel>255</OpacityLevel>
			<LodDistance>16960</LodDistance>
			<IsVisible>true</IsVisible>
			<MaxHealth>1000</MaxHealth>
			<Health>1000</Health>
			<HasGravity>true</HasGravity>
			<IsOnFire>false</IsOnFire>
			<IsInvincible>false</IsInvincible>
			<IsBulletProof>false</IsBulletProof>
			<IsCollisionProof>true</IsCollisionProof>
			<IsExplosionProof>false</IsExplosionProof>
			<IsFireProof>false</IsFireProof>
			<IsMeleeProof>false</IsMeleeProof>
			<IsOnlyDamagedByPlayer>false</IsOnlyDamagedByPlayer>
			<PositionRotation>
				<X>1677.75659</X>
				<Y>3238.56763</Y>
				<Z>42.7432251</Z>
				<Pitch>-0.486589789</Pitch>
				<Roll>-0.0133471927</Roll>
				<Yaw>104.138947</Yaw>
			</PositionRotation>
			<Attachment isAttached="true">
				<AttachedTo>455757</AttachedTo>
				<BoneIndex>17</BoneIndex>
				<X>0</X>
				<Y>1.95999968</Y>
				<Z>1.1299988</Z>
				<Pitch>0</Pitch>
				<Roll>0</Roll>
				<Yaw>0</Yaw>
			</Attachment>
		</Attachment>
		<Attachment>
			<ModelHash>0xd9927fe3</ModelHash>
			<Type>2</Type>
			<Dynamic>true</Dynamic>
			<FrozenPos>false</FrozenPos>
			<HashName>Cuban 800</HashName>
			<InitialHandle>15449</InitialHandle>
			<VehicleProperties>
				<Colours>
					<Primary>126</Primary>
					<Secondary>132</Secondary>
					<Pearl>46</Pearl>
					<Rim>156</Rim>
					<Mod1_a>-1</Mod1_a>
					<Mod1_b>-3</Mod1_b>
					<Mod1_c>-3</Mod1_c>
					<Mod2_a>-1</Mod2_a>
					<Mod2_b>-1</Mod2_b>
					<IsPrimaryColourCustom>false</IsPrimaryColourCustom>
					<IsSecondaryColourCustom>false</IsSecondaryColourCustom>
					<tyreSmoke_R>255</tyreSmoke_R>
					<tyreSmoke_G>255</tyreSmoke_G>
					<tyreSmoke_B>255</tyreSmoke_B>
					<LrInterior>0</LrInterior>
					<LrDashboard>0</LrDashboard>
				</Colours>
				<Livery>-1</Livery>
				<NumberPlateText>64DLP694</NumberPlateText>
				<NumberPlateIndex>4</NumberPlateIndex>
				<WheelType>0</WheelType>
				<WheelsInvisible>false</WheelsInvisible>
				<EngineSoundName />
				<WindowTint>-1</WindowTint>
				<BulletProofTyres>false</BulletProofTyres>
				<DirtLevel>0</DirtLevel>
				<PaintFade>0.298039228</PaintFade>
				<RoofState>0</RoofState>
				<SirenActive>false</SirenActive>
				<EngineOn>false</EngineOn>
				<EngineHealth>1000</EngineHealth>
				<LightsOn>false</LightsOn>
				<IsRadioLoud>0</IsRadioLoud>
				<LockStatus>1</LockStatus>
				<Neons>
					<Left>false</Left>
					<Right>false</Right>
					<Front>false</Front>
					<Back>false</Back>
					<R>255</R>
					<G>0</G>
					<B>255</B>
				</Neons>
				<DoorsOpen>
					<BackLeftDoor>false</BackLeftDoor>
					<BackRightDoor>false</BackRightDoor>
					<FrontLeftDoor>false</FrontLeftDoor>
					<FrontRightDoor>false</FrontRightDoor>
					<Hood>false</Hood>
					<Trunk>false</Trunk>
					<Trunk2>false</Trunk2>
				</DoorsOpen>
				<DoorsBroken>
					<BackLeftDoor>false</BackLeftDoor>
					<BackRightDoor>false</BackRightDoor>
					<FrontLeftDoor>false</FrontLeftDoor>
					<FrontRightDoor>false</FrontRightDoor>
					<Hood>false</Hood>
					<Trunk>false</Trunk>
					<Trunk2>false</Trunk2>
				</DoorsBroken>
				<TyresBursted>
					<FrontLeft>false</FrontLeft>
					<FrontRight>false</FrontRight>
					<_2>false</_2>
					<_3>false</_3>
					<BackLeft>false</BackLeft>
					<BackRight>false</BackRight>
					<_6>false</_6>
					<_7>false</_7>
					<_8>false</_8>
				</TyresBursted>
				<RpmMultiplier>1</RpmMultiplier>
				<TorqueMultiplier>1</TorqueMultiplier>
				<HeadlightIntensity>1</HeadlightIntensity>
				<ModExtras />
				<Mods>
					<_0>-1,0</_0>
					<_1>-1,0</_1>
					<_2>-1,0</_2>
					<_3>-1,0</_3>
					<_4>-1,0</_4>
					<_5>-1,0</_5>
					<_6>-1,0</_6>
					<_7>-1,0</_7>
					<_8>-1,0</_8>
					<_9>-1,0</_9>
					<_10>-1,0</_10>
					<_11>-1,0</_11>
					<_12>-1,0</_12>
					<_13>-1,0</_13>
					<_14>-1,0</_14>
					<_15>-1,0</_15>
					<_16>-1,0</_16>
					<_17>false</_17>
					<_18>false</_18>
					<_19>false</_19>
					<_20>false</_20>
					<_21>false</_21>
					<_22>false</_22>
					<_23>-1,0</_23>
					<_24>-1,0</_24>
					<_25>-1,0</_25>
					<_26>-1,0</_26>
					<_27>-1,0</_27>
					<_28>-1,0</_28>
					<_29>-1,0</_29>
					<_30>-1,0</_30>
					<_31>-1,0</_31>
					<_32>-1,0</_32>
					<_33>-1,0</_33>
					<_34>-1,0</_34>
					<_35>-1,0</_35>
					<_36>-1,0</_36>
					<_37>-1,0</_37>
					<_38>-1,0</_38>
					<_39>-1,0</_39>
					<_40>-1,0</_40>
					<_41>-1,0</_41>
					<_42>-1,0</_42>
					<_43>-1,0</_43>
					<_44>-1,0</_44>
					<_45>-1,0</_45>
					<_46>-1,0</_46>
					<_47>-1,0</_47>
					<_48>-1,0</_48>
				</Mods>
			</VehicleProperties>
			<OpacityLevel>255</OpacityLevel>
			<LodDistance>16960</LodDistance>
			<IsVisible>true</IsVisible>
			<MaxHealth>1000</MaxHealth>
			<Health>1000</Health>
			<HasGravity>true</HasGravity>
			<IsOnFire>false</IsOnFire>
			<IsInvincible>false</IsInvincible>
			<IsBulletProof>false</IsBulletProof>
			<IsCollisionProof>true</IsCollisionProof>
			<IsExplosionProof>false</IsExplosionProof>
			<IsFireProof>false</IsFireProof>
			<IsMeleeProof>false</IsMeleeProof>
			<IsOnlyDamagedByPlayer>false</IsOnlyDamagedByPlayer>
			<PositionRotation>
				<X>1679.76331</X>
				<Y>3239.07349</Y>
				<Z>41.630764</Z>
				<Pitch>-0.486589789</Pitch>
				<Roll>-0.0133471927</Roll>
				<Yaw>104.138947</Yaw>
			</PositionRotation>
			<Attachment isAttached="true">
				<AttachedTo>455757</AttachedTo>
				<BoneIndex>17</BoneIndex>
				<X>0</X>
				<Y>-0.100000091</Y>
				<Z>0</Z>
				<Pitch>0</Pitch>
				<Roll>0</Roll>
				<Yaw>0</Yaw>
			</Attachment>
		</Attachment>
		<Attachment>
			<ModelHash>0x7074f39d</ModelHash>
			<Type>2</Type>
			<Dynamic>true</Dynamic>
			<FrozenPos>false</FrozenPos>
			<HashName>Dozer</HashName>
			<InitialHandle>421724</InitialHandle>
			<VehicleProperties>
				<Colours>
					<Primary>42</Primary>
					<Secondary>1</Secondary>
					<Pearl>1</Pearl>
					<Rim>156</Rim>
					<Mod1_a>-1</Mod1_a>
					<Mod1_b>-3</Mod1_b>
					<Mod1_c>-3</Mod1_c>
					<Mod2_a>-1</Mod2_a>
					<Mod2_b>-1</Mod2_b>
					<IsPrimaryColourCustom>false</IsPrimaryColourCustom>
					<IsSecondaryColourCustom>false</IsSecondaryColourCustom>
					<tyreSmoke_R>255</tyreSmoke_R>
					<tyreSmoke_G>255</tyreSmoke_G>
					<tyreSmoke_B>255</tyreSmoke_B>
					<LrInterior>0</LrInterior>
					<LrDashboard>0</LrDashboard>
				</Colours>
				<Livery>-1</Livery>
				<NumberPlateText>08AOH935</NumberPlateText>
				<NumberPlateIndex>0</NumberPlateIndex>
				<WheelType>0</WheelType>
				<WheelsInvisible>false</WheelsInvisible>
				<EngineSoundName />
				<WindowTint>-1</WindowTint>
				<BulletProofTyres>true</BulletProofTyres>
				<DirtLevel>0</DirtLevel>
				<PaintFade>0.298039228</PaintFade>
				<RoofState>0</RoofState>
				<SirenActive>false</SirenActive>
				<EngineOn>false</EngineOn>
				<EngineHealth>1000</EngineHealth>
				<LightsOn>false</LightsOn>
				<IsRadioLoud>0</IsRadioLoud>
				<LockStatus>1</LockStatus>
				<Neons>
					<Left>false</Left>
					<Right>false</Right>
					<Front>false</Front>
					<Back>false</Back>
					<R>255</R>
					<G>0</G>
					<B>255</B>
				</Neons>
				<DoorsOpen>
					<BackLeftDoor>false</BackLeftDoor>
					<BackRightDoor>false</BackRightDoor>
					<FrontLeftDoor>false</FrontLeftDoor>
					<FrontRightDoor>false</FrontRightDoor>
					<Hood>false</Hood>
					<Trunk>false</Trunk>
					<Trunk2>false</Trunk2>
				</DoorsOpen>
				<DoorsBroken>
					<BackLeftDoor>false</BackLeftDoor>
					<BackRightDoor>false</BackRightDoor>
					<FrontLeftDoor>false</FrontLeftDoor>
					<FrontRightDoor>false</FrontRightDoor>
					<Hood>false</Hood>
					<Trunk>false</Trunk>
					<Trunk2>false</Trunk2>
				</DoorsBroken>
				<TyresBursted>
					<FrontLeft>false</FrontLeft>
					<FrontRight>false</FrontRight>
					<_2>false</_2>
					<_3>false</_3>
					<BackLeft>false</BackLeft>
					<BackRight>false</BackRight>
					<_6>false</_6>
					<_7>false</_7>
					<_8>false</_8>
				</TyresBursted>
				<ModExtras />
				<Mods>
					<_0>-1,0</_0>
					<_1>-1,0</_1>
					<_2>-1,0</_2>
					<_3>-1,0</_3>
					<_4>-1,0</_4>
					<_5>-1,0</_5>
					<_6>-1,0</_6>
					<_7>-1,0</_7>
					<_8>-1,0</_8>
					<_9>-1,0</_9>
					<_10>-1,0</_10>
					<_11>-1,0</_11>
					<_12>-1,0</_12>
					<_13>-1,0</_13>
					<_14>-1,0</_14>
					<_15>-1,0</_15>
					<_16>-1,0</_16>
					<_17>false</_17>
					<_18>false</_18>
					<_19>false</_19>
					<_20>false</_20>
					<_21>false</_21>
					<_22>false</_22>
					<_23>-1,0</_23>
					<_24>-1,0</_24>
					<_25>-1,0</_25>
					<_26>-1,0</_26>
					<_27>-1,0</_27>
					<_28>-1,0</_28>
					<_29>-1,0</_29>
					<_30>-1,0</_30>
					<_31>-1,0</_31>
					<_32>-1,0</_32>
					<_33>-1,0</_33>
					<_34>-1,0</_34>
					<_35>-1,0</_35>
					<_36>-1,0</_36>
					<_37>-1,0</_37>
					<_38>-1,0</_38>
					<_39>-1,0</_39>
					<_40>-1,0</_40>
					<_41>-1,0</_41>
					<_42>-1,0</_42>
					<_43>-1,0</_43>
					<_44>-1,0</_44>
					<_45>-1,0</_45>
					<_46>-1,0</_46>
					<_47>-1,0</_47>
					<_48>-1,0</_48>
				</Mods>
			</VehicleProperties>
			<OpacityLevel>255</OpacityLevel>
			<LodDistance>16960</LodDistance>
			<IsVisible>true</IsVisible>
			<MaxHealth>1000</MaxHealth>
			<Health>1000</Health>
			<HasGravity>true</HasGravity>
			<IsOnFire>false</IsOnFire>
			<IsInvincible>false</IsInvincible>
			<IsBulletProof>false</IsBulletProof>
			<IsCollisionProof>true</IsCollisionProof>
			<IsExplosionProof>false</IsExplosionProof>
			<IsFireProof>false</IsFireProof>
			<IsMeleeProof>false</IsMeleeProof>
			<IsOnlyDamagedByPlayer>false</IsOnlyDamagedByPlayer>
			<PositionRotation>
				<X>1677.63257</X>
				<Y>3238.53687</Y>
				<Z>41.3120918</Z>
				<Pitch>-0.486589789</Pitch>
				<Roll>-0.0133471927</Roll>
				<Yaw>104.138947</Yaw>
			</PositionRotation>
			<Attachment isAttached="true">
				<AttachedTo>455757</AttachedTo>
				<BoneIndex>17</BoneIndex>
				<X>0</X>
				<Y>2.10000014</Y>
				<Z>-0.299999952</Z>
				<Pitch>0</Pitch>
				<Roll>0</Roll>
				<Yaw>0</Yaw>
			</Attachment>
		</Attachment>
	</SpoonerAttachments>
</Vehicle>
