<?xml version="1.0"?>
<Vehicle menyoo_ver="0.999873b">
	<ModelHash>0x50b0215a</ModelHash>
	<InitialHandle>149558</InitialHandle>
	<VehicleProperties>
		<Colours>
			<Primary>120</Primary>
			<Secondary>70</Secondary>
			<Pearl>0</Pearl>
			<Rim>156</Rim>
			<Mod1_a>7667781</Mod1_a>
			<Mod1_b>6881364</Mod1_b>
			<Mod1_c>6619245</Mod1_c>
			<Mod2_a>0</Mod2_a>
			<Mod2_b>0</Mod2_b>
			<IsPrimaryColourCustom>false</IsPrimaryColourCustom>
			<IsSecondaryColourCustom>false</IsSecondaryColourCustom>
			<tyreSmoke_R>255</tyreSmoke_R>
			<tyreSmoke_G>255</tyreSmoke_G>
			<tyreSmoke_B>255</tyreSmoke_B>
			<LrInterior>0</LrInterior>
			<LrDashboard>0</LrDashboard>
		</Colours>
		<Livery>-1</Livery>
		<NumberPlateText>82XVS226</NumberPlateText>
		<NumberPlateIndex>1</NumberPlateIndex>
		<WheelType>0</WheelType>
		<WheelsInvisible>false</WheelsInvisible>
		<EngineSoundName>TRACTOR</EngineSoundName>
		<WindowTint>-1</WindowTint>
		<BulletProofTyres>false</BulletProofTyres>
		<DirtLevel>2.62427473</DirtLevel>
		<PaintFade>0.298039228</PaintFade>
		<RoofState>0</RoofState>
		<SirenActive>false</SirenActive>
		<EngineOn>true</EngineOn>
		<EngineHealth>1000</EngineHealth>
		<LightsOn>false</LightsOn>
		<IsRadioLoud>0</IsRadioLoud>
		<Neons>
			<Left>true</Left>
			<Right>true</Right>
			<Front>true</Front>
			<Back>true</Back>
			<R>254</R>
			<G>0</G>
			<B>255</B>
		</Neons>
		<ModExtras />
		<Mods>
			<_0>-1,0</_0>
			<_1>-1,0</_1>
			<_2>-1,0</_2>
			<_3>-1,0</_3>
			<_4>-1,0</_4>
			<_5>-1,0</_5>
			<_6>-1,0</_6>
			<_7>-1,0</_7>
			<_8>-1,0</_8>
			<_9>-1,0</_9>
			<_10>-1,0</_10>
			<_11>-1,0</_11>
			<_12>-1,0</_12>
			<_13>-1,0</_13>
			<_14>-1,0</_14>
			<_15>-1,0</_15>
			<_16>-1,0</_16>
			<_17>false</_17>
			<_18>true</_18>
			<_19>false</_19>
			<_20>false</_20>
			<_21>false</_21>
			<_22>true</_22>
			<_23>-1,0</_23>
			<_24>-1,0</_24>
			<_25>-1,0</_25>
			<_26>-1,0</_26>
			<_27>-1,0</_27>
			<_28>-1,0</_28>
			<_29>-1,0</_29>
			<_30>-1,0</_30>
			<_31>-1,0</_31>
			<_32>-1,0</_32>
			<_33>-1,0</_33>
			<_34>-1,0</_34>
			<_35>-1,0</_35>
			<_36>-1,0</_36>
			<_37>-1,0</_37>
			<_38>-1,0</_38>
			<_39>-1,0</_39>
			<_40>-1,0</_40>
			<_41>-1,0</_41>
			<_42>-1,0</_42>
			<_43>-1,0</_43>
			<_44>-1,0</_44>
			<_45>-1,0</_45>
			<_46>-1,0</_46>
			<_47>-1,0</_47>
			<_48>-1,0</_48>
		</Mods>
		<DoorsOpen>
			<BackLeftDoor>false</BackLeftDoor>
			<BackRightDoor>false</BackRightDoor>
			<FrontLeftDoor>false</FrontLeftDoor>
			<FrontRightDoor>false</FrontRightDoor>
			<Hood>false</Hood>
			<Trunk>false</Trunk>
			<Trunk2>false</Trunk2>
		</DoorsOpen>
		<DoorsBroken>
			<BackLeftDoor>false</BackLeftDoor>
			<BackRightDoor>false</BackRightDoor>
			<FrontLeftDoor>false</FrontLeftDoor>
			<FrontRightDoor>false</FrontRightDoor>
			<Hood>false</Hood>
			<Trunk>false</Trunk>
			<Trunk2>false</Trunk2>
		</DoorsBroken>
		<TyresBursted>
			<FrontLeft>false</FrontLeft>
			<FrontRight>false</FrontRight>
			<_2>false</_2>
			<_3>false</_3>
			<BackLeft>false</BackLeft>
			<BackRight>false</BackRight>
			<_6>false</_6>
			<_7>false</_7>
			<_8>false</_8>
		</TyresBursted>
		<RpmMultiplier>1</RpmMultiplier>
		<TorqueMultiplier>1</TorqueMultiplier>
		<HeadlightIntensity>1</HeadlightIntensity>
	</VehicleProperties>
	<OpacityLevel>255</OpacityLevel>
	<LodDistance>16960</LodDistance>
	<IsVisible>true</IsVisible>
	<IsDriverVisible>true</IsDriverVisible>
	<MaxHealth>1030</MaxHealth>
	<Health>1030</Health>
	<HasGravity>true</HasGravity>
	<IsOnFire>false</IsOnFire>
	<IsInvincible>true</IsInvincible>
	<IsBulletProof>false</IsBulletProof>
	<IsExplosionProof>true</IsExplosionProof>
	<IsFireProof>true</IsFireProof>
	<IsMeleeProof>true</IsMeleeProof>
	<IsOnlyDamagedByPlayer>false</IsOnlyDamagedByPlayer>
	<SpoonerAttachments SetAttachmentsPersistentAndAddToSpoonerDatabase="true" StartTaskSequencesOnLoad="true">
		<Attachment>
			<ModelHash>0x47489549</ModelHash>
			<Type>3</Type>
			<Dynamic>false</Dynamic>
			<FrozenPos>false</FrozenPos>
			<HashName>prop_aircon_l_04</HashName>
			<InitialHandle>342070</InitialHandle>
			<ObjectProperties>
				<TextureVariation>0</TextureVariation>
			</ObjectProperties>
			<OpacityLevel>255</OpacityLevel>
			<LodDistance>16960</LodDistance>
			<IsVisible>true</IsVisible>
			<MaxHealth>1000</MaxHealth>
			<Health>1000</Health>
			<HasGravity>true</HasGravity>
			<IsOnFire>false</IsOnFire>
			<IsInvincible>false</IsInvincible>
			<IsBulletProof>false</IsBulletProof>
			<IsCollisionProof>false</IsCollisionProof>
			<IsExplosionProof>false</IsExplosionProof>
			<IsFireProof>true</IsFireProof>
			<IsMeleeProof>false</IsMeleeProof>
			<IsOnlyDamagedByPlayer>false</IsOnlyDamagedByPlayer>
			<PositionRotation>
				<X>-2195.93042</X>
				<Y>3106.90088</Y>
				<Z>32.5767326</Z>
				<Pitch>-0.0123836119</Pitch>
				<Roll>-0.0290487204</Roll>
				<Yaw>-34.9098358</Yaw>
			</PositionRotation>
			<Attachment isAttached="true">
				<AttachedTo>149558</AttachedTo>
				<BoneIndex>0</BoneIndex>
				<X>0.230209261</X>
				<Y>-2.33179641</Y>
				<Z>-0.320420623</Z>
				<Pitch>-0.0217629727</Pitch>
				<Roll>-0.0100398427</Roll>
				<Yaw>91.7185745</Yaw>
			</Attachment>
		</Attachment>
		<Attachment>
			<ModelHash>0x543ff5ab</ModelHash>
			<Type>3</Type>
			<Dynamic>false</Dynamic>
			<FrozenPos>false</FrozenPos>
			<HashName>prop_aircon_l_03_dam</HashName>
			<InitialHandle>671797</InitialHandle>
			<ObjectProperties>
				<TextureVariation>0</TextureVariation>
			</ObjectProperties>
			<OpacityLevel>255</OpacityLevel>
			<LodDistance>16960</LodDistance>
			<IsVisible>true</IsVisible>
			<MaxHealth>1000</MaxHealth>
			<Health>1000</Health>
			<HasGravity>true</HasGravity>
			<IsOnFire>false</IsOnFire>
			<IsInvincible>false</IsInvincible>
			<IsBulletProof>false</IsBulletProof>
			<IsCollisionProof>false</IsCollisionProof>
			<IsExplosionProof>false</IsExplosionProof>
			<IsFireProof>true</IsFireProof>
			<IsMeleeProof>false</IsMeleeProof>
			<IsOnlyDamagedByPlayer>false</IsOnlyDamagedByPlayer>
			<PositionRotation>
				<X>-2196.24316</X>
				<Y>3107.07349</Y>
				<Z>33.4722595</Z>
				<Pitch>0.177993312</Pitch>
				<Roll>-0.652358294</Roll>
				<Yaw>-119.893242</Yaw>
			</PositionRotation>
			<Attachment isAttached="true">
				<AttachedTo>149558</AttachedTo>
				<BoneIndex>-1</BoneIndex>
				<X>0.277894557</X>
				<Y>-2.68549728</Y>
				<Z>0.575228333</Z>
				<Pitch>0.15823707</Pitch>
				<Roll>-0.660039663</Roll>
				<Yaw>6.73518944</Yaw>
			</Attachment>
		</Attachment>
		<Attachment>
			<ModelHash>0x4eb1e082</ModelHash>
			<Type>3</Type>
			<Dynamic>false</Dynamic>
			<FrozenPos>false</FrozenPos>
			<HashName>hei_prop_carrier_light_01</HashName>
			<InitialHandle>365366</InitialHandle>
			<ObjectProperties>
				<TextureVariation>0</TextureVariation>
			</ObjectProperties>
			<OpacityLevel>255</OpacityLevel>
			<LodDistance>16960</LodDistance>
			<IsVisible>true</IsVisible>
			<MaxHealth>1000</MaxHealth>
			<Health>1000</Health>
			<HasGravity>true</HasGravity>
			<IsOnFire>false</IsOnFire>
			<IsInvincible>false</IsInvincible>
			<IsBulletProof>false</IsBulletProof>
			<IsCollisionProof>false</IsCollisionProof>
			<IsExplosionProof>false</IsExplosionProof>
			<IsFireProof>false</IsFireProof>
			<IsMeleeProof>false</IsMeleeProof>
			<IsOnlyDamagedByPlayer>false</IsOnlyDamagedByPlayer>
			<PositionRotation>
				<X>-2190.17651</X>
				<Y>3103.5896</Y>
				<Z>33.0364571</Z>
				<Pitch>-0.0408170633</Pitch>
				<Roll>-0.0205886625</Roll>
				<Yaw>53.6863136</Yaw>
			</PositionRotation>
			<Attachment isAttached="true">
				<AttachedTo>149558</AttachedTo>
				<BoneIndex>0</BoneIndex>
				<X>-0.54550451</X>
				<Y>4.26155615</Y>
				<Z>0.137014464</Z>
				<Pitch>-0.0220436864</Pitch>
				<Roll>-0.0107464204</Roll>
				<Yaw>180.314728</Yaw>
			</Attachment>
		</Attachment>
		<Attachment>
			<ModelHash>0x4eb1e082</ModelHash>
			<Type>3</Type>
			<Dynamic>false</Dynamic>
			<FrozenPos>false</FrozenPos>
			<HashName>hei_prop_carrier_light_01</HashName>
			<InitialHandle>124982</InitialHandle>
			<ObjectProperties>
				<TextureVariation>0</TextureVariation>
			</ObjectProperties>
			<OpacityLevel>255</OpacityLevel>
			<LodDistance>16960</LodDistance>
			<IsVisible>true</IsVisible>
			<MaxHealth>1000</MaxHealth>
			<Health>1000</Health>
			<HasGravity>true</HasGravity>
			<IsOnFire>false</IsOnFire>
			<IsInvincible>false</IsInvincible>
			<IsBulletProof>false</IsBulletProof>
			<IsCollisionProof>false</IsCollisionProof>
			<IsExplosionProof>false</IsExplosionProof>
			<IsFireProof>false</IsFireProof>
			<IsMeleeProof>false</IsMeleeProof>
			<IsOnlyDamagedByPlayer>false</IsOnlyDamagedByPlayer>
			<PositionRotation>
				<X>-2190.50513</X>
				<Y>3103.14478</Y>
				<Z>33.025589</Z>
				<Pitch>-0.0408170633</Pitch>
				<Roll>-0.0205886625</Roll>
				<Yaw>53.6863136</Yaw>
			</PositionRotation>
			<Attachment isAttached="true">
				<AttachedTo>149558</AttachedTo>
				<BoneIndex>0</BoneIndex>
				<X>0.00754601229</X>
				<Y>4.26318836</Y>
				<Z>0.126242369</Z>
				<Pitch>-0.0220436864</Pitch>
				<Roll>-0.0107464204</Roll>
				<Yaw>180.314728</Yaw>
			</Attachment>
		</Attachment>
		<Attachment>
			<ModelHash>0x4eb1e082</ModelHash>
			<Type>3</Type>
			<Dynamic>false</Dynamic>
			<FrozenPos>false</FrozenPos>
			<HashName>hei_prop_carrier_light_01</HashName>
			<InitialHandle>397622</InitialHandle>
			<ObjectProperties>
				<TextureVariation>0</TextureVariation>
			</ObjectProperties>
			<OpacityLevel>255</OpacityLevel>
			<LodDistance>16960</LodDistance>
			<IsVisible>true</IsVisible>
			<MaxHealth>1000</MaxHealth>
			<Health>1000</Health>
			<HasGravity>true</HasGravity>
			<IsOnFire>false</IsOnFire>
			<IsInvincible>false</IsInvincible>
			<IsBulletProof>false</IsBulletProof>
			<IsCollisionProof>false</IsCollisionProof>
			<IsExplosionProof>false</IsExplosionProof>
			<IsFireProof>false</IsFireProof>
			<IsMeleeProof>false</IsMeleeProof>
			<IsOnlyDamagedByPlayer>false</IsOnlyDamagedByPlayer>
			<PositionRotation>
				<X>-2190.8186</X>
				<Y>3102.7229</Y>
				<Z>33.0322342</Z>
				<Pitch>-0.0408170633</Pitch>
				<Roll>-0.0205886625</Roll>
				<Yaw>53.6863136</Yaw>
			</PositionRotation>
			<Attachment isAttached="true">
				<AttachedTo>149558</AttachedTo>
				<BoneIndex>0</BoneIndex>
				<X>0.533032835</X>
				<Y>4.26332712</Y>
				<Z>0.132976368</Z>
				<Pitch>-0.0220436864</Pitch>
				<Roll>-0.0107464204</Roll>
				<Yaw>180.314728</Yaw>
			</Attachment>
		</Attachment>
		<Attachment>
			<ModelHash>0x01e52097</ModelHash>
			<Type>3</Type>
			<Dynamic>false</Dynamic>
			<FrozenPos>false</FrozenPos>
			<HashName>hei_prop_carrier_lightset_1</HashName>
			<InitialHandle>376629</InitialHandle>
			<ObjectProperties>
				<TextureVariation>0</TextureVariation>
			</ObjectProperties>
			<OpacityLevel>255</OpacityLevel>
			<LodDistance>16960</LodDistance>
			<IsVisible>true</IsVisible>
			<MaxHealth>1000</MaxHealth>
			<Health>0</Health>
			<HasGravity>true</HasGravity>
			<IsOnFire>false</IsOnFire>
			<IsInvincible>false</IsInvincible>
			<IsBulletProof>false</IsBulletProof>
			<IsCollisionProof>false</IsCollisionProof>
			<IsExplosionProof>false</IsExplosionProof>
			<IsFireProof>false</IsFireProof>
			<IsMeleeProof>false</IsMeleeProof>
			<IsOnlyDamagedByPlayer>false</IsOnlyDamagedByPlayer>
			<PositionRotation>
				<X>-2193.39209</X>
				<Y>3104.73389</Y>
				<Z>35.5074234</Z>
				<Pitch>-0.0408305563</Pitch>
				<Roll>-0.0205629058</Roll>
				<Yaw>53.7648964</Yaw>
			</PositionRotation>
			<Attachment isAttached="true">
				<AttachedTo>149558</AttachedTo>
				<BoneIndex>0</BoneIndex>
				<X>0.454345137</X>
				<Y>0.999005198</Y>
				<Z>2.60922098</Z>
				<Pitch>-0.0220436864</Pitch>
				<Roll>-0.0107464204</Roll>
				<Yaw>180.393311</Yaw>
			</Attachment>
		</Attachment>
		<Attachment>
			<ModelHash>0x49344b5a</ModelHash>
			<Type>3</Type>
			<Dynamic>false</Dynamic>
			<FrozenPos>false</FrozenPos>
			<HashName>hei_prop_wall_light_10a_cr</HashName>
			<InitialHandle>49462</InitialHandle>
			<ObjectProperties>
				<TextureVariation>0</TextureVariation>
			</ObjectProperties>
			<OpacityLevel>255</OpacityLevel>
			<LodDistance>16960</LodDistance>
			<IsVisible>true</IsVisible>
			<MaxHealth>1000</MaxHealth>
			<Health>1000</Health>
			<HasGravity>true</HasGravity>
			<IsOnFire>false</IsOnFire>
			<IsInvincible>false</IsInvincible>
			<IsBulletProof>false</IsBulletProof>
			<IsCollisionProof>false</IsCollisionProof>
			<IsExplosionProof>false</IsExplosionProof>
			<IsFireProof>false</IsFireProof>
			<IsMeleeProof>false</IsMeleeProof>
			<IsOnlyDamagedByPlayer>false</IsOnlyDamagedByPlayer>
			<PositionRotation>
				<X>-2194.71021</X>
				<Y>3103.56763</Y>
				<Z>36.4013977</Z>
				<Pitch>-0.0218631011</Pitch>
				<Roll>-0.0319425836</Roll>
				<Yaw>-9.13532352</Yaw>
			</PositionRotation>
			<Attachment isAttached="true">
				<AttachedTo>149558</AttachedTo>
				<BoneIndex>0</BoneIndex>
				<X>2.17645431</X>
				<Y>0.637193263</Y>
				<Z>3.50361133</Z>
				<Pitch>-0.0220436864</Pitch>
				<Roll>-0.0107464204</Roll>
				<Yaw>117.493088</Yaw>
			</Attachment>
		</Attachment>
		<Attachment>
			<ModelHash>0x49344b5a</ModelHash>
			<Type>3</Type>
			<Dynamic>false</Dynamic>
			<FrozenPos>false</FrozenPos>
			<HashName>hei_prop_wall_light_10a_cr</HashName>
			<InitialHandle>366134</InitialHandle>
			<ObjectProperties>
				<TextureVariation>0</TextureVariation>
			</ObjectProperties>
			<OpacityLevel>255</OpacityLevel>
			<LodDistance>16960</LodDistance>
			<IsVisible>true</IsVisible>
			<MaxHealth>1000</MaxHealth>
			<Health>1000</Health>
			<HasGravity>true</HasGravity>
			<IsOnFire>false</IsOnFire>
			<IsInvincible>false</IsInvincible>
			<IsBulletProof>false</IsBulletProof>
			<IsCollisionProof>false</IsCollisionProof>
			<IsExplosionProof>false</IsExplosionProof>
			<IsFireProof>false</IsFireProof>
			<IsMeleeProof>false</IsMeleeProof>
			<IsOnlyDamagedByPlayer>false</IsOnlyDamagedByPlayer>
			<PositionRotation>
				<X>-2199.38965</X>
				<Y>3106.85938</Y>
				<Z>36.3389702</Z>
				<Pitch>-0.0286571383</Pitch>
				<Roll>-0.0308852363</Roll>
				<Yaw>9.53263855</Yaw>
			</PositionRotation>
			<Attachment isAttached="true">
				<AttachedTo>149558</AttachedTo>
				<BoneIndex>0</BoneIndex>
				<X>2.32673335</X>
				<Y>-5.08200026</Y>
				<Z>3.44307661</Z>
				<Pitch>-0.0220436864</Pitch>
				<Roll>-0.0107464204</Roll>
				<Yaw>136.161057</Yaw>
			</Attachment>
		</Attachment>
		<Attachment>
			<ModelHash>0xc2451209</ModelHash>
			<Type>3</Type>
			<Dynamic>false</Dynamic>
			<FrozenPos>false</FrozenPos>
			<HashName>prop_air_lights_02a</HashName>
			<InitialHandle>366390</InitialHandle>
			<ObjectProperties>
				<TextureVariation>0</TextureVariation>
			</ObjectProperties>
			<OpacityLevel>255</OpacityLevel>
			<LodDistance>16960</LodDistance>
			<IsVisible>true</IsVisible>
			<MaxHealth>1000</MaxHealth>
			<Health>1000</Health>
			<HasGravity>true</HasGravity>
			<IsOnFire>false</IsOnFire>
			<IsInvincible>false</IsInvincible>
			<IsBulletProof>false</IsBulletProof>
			<IsCollisionProof>false</IsCollisionProof>
			<IsExplosionProof>false</IsExplosionProof>
			<IsFireProof>false</IsFireProof>
			<IsMeleeProof>false</IsMeleeProof>
			<IsOnlyDamagedByPlayer>false</IsOnlyDamagedByPlayer>
			<PositionRotation>
				<X>-2190.03882</X>
				<Y>3104.11865</Y>
				<Z>33.2481079</Z>
				<Pitch>-0.0424093567</Pitch>
				<Roll>-0.0166242886</Roll>
				<Yaw>65.2537842</Yaw>
			</PositionRotation>
			<Attachment isAttached="true">
				<AttachedTo>149558</AttachedTo>
				<BoneIndex>0</BoneIndex>
				<X>-1.05222178</X>
				<Y>4.0564785</Y>
				<Z>0.348644972</Z>
				<Pitch>-0.0220436864</Pitch>
				<Roll>-0.0107464204</Roll>
				<Yaw>191.882202</Yaw>
			</Attachment>
		</Attachment>
		<Attachment>
			<ModelHash>0xc2451209</ModelHash>
			<Type>3</Type>
			<Dynamic>false</Dynamic>
			<FrozenPos>false</FrozenPos>
			<HashName>prop_air_lights_02a</HashName>
			<InitialHandle>7990</InitialHandle>
			<ObjectProperties>
				<TextureVariation>0</TextureVariation>
			</ObjectProperties>
			<OpacityLevel>255</OpacityLevel>
			<LodDistance>16960</LodDistance>
			<IsVisible>true</IsVisible>
			<MaxHealth>1000</MaxHealth>
			<Health>1000</Health>
			<HasGravity>true</HasGravity>
			<IsOnFire>false</IsOnFire>
			<IsInvincible>false</IsInvincible>
			<IsBulletProof>false</IsBulletProof>
			<IsCollisionProof>false</IsCollisionProof>
			<IsExplosionProof>false</IsExplosionProof>
			<IsFireProof>false</IsFireProof>
			<IsMeleeProof>false</IsMeleeProof>
			<IsOnlyDamagedByPlayer>false</IsOnlyDamagedByPlayer>
			<PositionRotation>
				<X>-2191.29712</X>
				<Y>3102.42651</Y>
				<Z>33.2381439</Z>
				<Pitch>-0.0413263142</Pitch>
				<Roll>-0.0195492636</Roll>
				<Yaw>56.8153076</Yaw>
			</PositionRotation>
			<Attachment isAttached="true">
				<AttachedTo>149558</AttachedTo>
				<BoneIndex>0</BoneIndex>
				<X>1.0564245</X>
				<Y>4.05620193</Y>
				<Z>0.339047074</Z>
				<Pitch>-0.0220436864</Pitch>
				<Roll>-0.0107464204</Roll>
				<Yaw>183.443726</Yaw>
			</Attachment>
		</Attachment>
		<Attachment>
			<ModelHash>0xd1fbb176</ModelHash>
			<Type>3</Type>
			<Dynamic>false</Dynamic>
			<FrozenPos>false</FrozenPos>
			<HashName>prop_air_lights_02b</HashName>
			<InitialHandle>369461</InitialHandle>
			<ObjectProperties>
				<TextureVariation>0</TextureVariation>
			</ObjectProperties>
			<OpacityLevel>255</OpacityLevel>
			<LodDistance>16960</LodDistance>
			<IsVisible>true</IsVisible>
			<MaxHealth>1000</MaxHealth>
			<Health>1000</Health>
			<HasGravity>true</HasGravity>
			<IsOnFire>false</IsOnFire>
			<IsInvincible>false</IsInvincible>
			<IsBulletProof>false</IsBulletProof>
			<IsCollisionProof>false</IsCollisionProof>
			<IsExplosionProof>false</IsExplosionProof>
			<IsFireProof>false</IsFireProof>
			<IsMeleeProof>false</IsMeleeProof>
			<IsOnlyDamagedByPlayer>false</IsOnlyDamagedByPlayer>
			<PositionRotation>
				<X>-2192.68823</X>
				<Y>3103.66968</Y>
				<Z>34.8718796</Z>
				<Pitch>-0.0427684151</Pitch>
				<Roll>-0.0151955942</Roll>
				<Yaw>69.2364807</Yaw>
			</PositionRotation>
			<Attachment isAttached="true">
				<AttachedTo>149558</AttachedTo>
				<BoneIndex>0</BoneIndex>
				<X>0.888504028</X>
				<Y>2.19873905</Y>
				<Z>1.97335672</Z>
				<Pitch>-0.0220436864</Pitch>
				<Roll>-0.0107464204</Roll>
				<Yaw>195.864899</Yaw>
			</Attachment>
		</Attachment>
		<Attachment>
			<ModelHash>0xd1fbb176</ModelHash>
			<Type>3</Type>
			<Dynamic>false</Dynamic>
			<FrozenPos>false</FrozenPos>
			<HashName>prop_air_lights_02b</HashName>
			<InitialHandle>677429</InitialHandle>
			<ObjectProperties>
				<TextureVariation>0</TextureVariation>
			</ObjectProperties>
			<OpacityLevel>255</OpacityLevel>
			<LodDistance>16960</LodDistance>
			<IsVisible>true</IsVisible>
			<MaxHealth>1000</MaxHealth>
			<Health>1000</Health>
			<HasGravity>true</HasGravity>
			<IsOnFire>false</IsOnFire>
			<IsInvincible>false</IsInvincible>
			<IsBulletProof>false</IsBulletProof>
			<IsCollisionProof>false</IsCollisionProof>
			<IsExplosionProof>false</IsExplosionProof>
			<IsFireProof>false</IsFireProof>
			<IsMeleeProof>false</IsMeleeProof>
			<IsOnlyDamagedByPlayer>false</IsOnlyDamagedByPlayer>
			<PositionRotation>
				<X>-2191.70313</X>
				<Y>3105.05469</Y>
				<Z>34.8808441</Z>
				<Pitch>-0.0410781503</Pitch>
				<Roll>-0.0200737566</Roll>
				<Yaw>55.2468605</Yaw>
			</PositionRotation>
			<Attachment isAttached="true">
				<AttachedTo>149558</AttachedTo>
				<BoneIndex>0</BoneIndex>
				<X>-0.810699105</X>
				<Y>2.16287827</Y>
				<Z>1.9820385</Z>
				<Pitch>-0.0220436864</Pitch>
				<Roll>-0.0107464204</Roll>
				<Yaw>181.875275</Yaw>
			</Attachment>
		</Attachment>
		<Attachment>
			<ModelHash>0xd1fbb176</ModelHash>
			<Type>3</Type>
			<Dynamic>false</Dynamic>
			<FrozenPos>false</FrozenPos>
			<HashName>prop_air_lights_02b</HashName>
			<InitialHandle>550709</InitialHandle>
			<ObjectProperties>
				<TextureVariation>0</TextureVariation>
			</ObjectProperties>
			<OpacityLevel>255</OpacityLevel>
			<LodDistance>16960</LodDistance>
			<IsVisible>true</IsVisible>
			<MaxHealth>1000</MaxHealth>
			<Health>1000</Health>
			<HasGravity>true</HasGravity>
			<IsOnFire>false</IsOnFire>
			<IsInvincible>false</IsInvincible>
			<IsBulletProof>false</IsBulletProof>
			<IsCollisionProof>false</IsCollisionProof>
			<IsExplosionProof>false</IsExplosionProof>
			<IsFireProof>false</IsFireProof>
			<IsMeleeProof>false</IsMeleeProof>
			<IsOnlyDamagedByPlayer>false</IsOnlyDamagedByPlayer>
			<PositionRotation>
				<X>-2198.3833</X>
				<Y>3109.92261</Y>
				<Z>36.7156982</Z>
				<Pitch>-0.00120139937</Pitch>
				<Roll>-0.00688522402</Roll>
				<Yaw>-109.142677</Yaw>
			</PositionRotation>
			<Attachment isAttached="true">
				<AttachedTo>149558</AttachedTo>
				<BoneIndex>0</BoneIndex>
				<X>-0.732089043</X>
				<Y>-6.10184956</Y>
				<Z>3.81960607</Z>
				<Pitch>-0.0220436864</Pitch>
				<Roll>-0.0107464204</Roll>
				<Yaw>17.4857178</Yaw>
			</Attachment>
		</Attachment>
		<Attachment>
			<ModelHash>0xd1fbb176</ModelHash>
			<Type>3</Type>
			<Dynamic>false</Dynamic>
			<FrozenPos>false</FrozenPos>
			<HashName>prop_air_lights_02b</HashName>
			<InitialHandle>405557</InitialHandle>
			<ObjectProperties>
				<TextureVariation>0</TextureVariation>
			</ObjectProperties>
			<OpacityLevel>255</OpacityLevel>
			<LodDistance>16960</LodDistance>
			<IsVisible>true</IsVisible>
			<MaxHealth>1000</MaxHealth>
			<Health>1000</Health>
			<HasGravity>true</HasGravity>
			<IsOnFire>false</IsOnFire>
			<IsInvincible>false</IsInvincible>
			<IsBulletProof>false</IsBulletProof>
			<IsCollisionProof>false</IsCollisionProof>
			<IsExplosionProof>false</IsExplosionProof>
			<IsFireProof>false</IsFireProof>
			<IsMeleeProof>false</IsMeleeProof>
			<IsOnlyDamagedByPlayer>false</IsOnlyDamagedByPlayer>
			<PositionRotation>
				<X>-2199.68188</X>
				<Y>3107.46338</Y>
				<Z>36.7377357</Z>
				<Pitch>-0.0013809579</Pitch>
				<Roll>-0.00601765001</Roll>
				<Yaw>-111.537628</Yaw>
			</PositionRotation>
			<Attachment isAttached="true">
				<AttachedTo>149558</AttachedTo>
				<BoneIndex>0</BoneIndex>
				<X>2.01608396</X>
				<Y>-5.67669916</Y>
				<Z>3.84198213</Z>
				<Pitch>-0.0220436864</Pitch>
				<Roll>-0.0107464204</Roll>
				<Yaw>15.0907669</Yaw>
			</Attachment>
		</Attachment>
		<Attachment>
			<ModelHash>0xcb1a9ac1</ModelHash>
			<Type>3</Type>
			<Dynamic>false</Dynamic>
			<FrozenPos>false</FrozenPos>
			<HashName>prop_air_lights_04a</HashName>
			<InitialHandle>367414</InitialHandle>
			<ObjectProperties>
				<TextureVariation>0</TextureVariation>
			</ObjectProperties>
			<OpacityLevel>255</OpacityLevel>
			<LodDistance>16960</LodDistance>
			<IsVisible>true</IsVisible>
			<MaxHealth>1000</MaxHealth>
			<Health>1000</Health>
			<HasGravity>true</HasGravity>
			<IsOnFire>false</IsOnFire>
			<IsInvincible>false</IsInvincible>
			<IsBulletProof>false</IsBulletProof>
			<IsCollisionProof>false</IsCollisionProof>
			<IsExplosionProof>false</IsExplosionProof>
			<IsFireProof>false</IsFireProof>
			<IsMeleeProof>false</IsMeleeProof>
			<IsOnlyDamagedByPlayer>false</IsOnlyDamagedByPlayer>
			<PositionRotation>
				<X>-2192.09326</X>
				<Y>3104.28076</Y>
				<Z>34.7921677</Z>
				<Pitch>-0.0412888415</Pitch>
				<Roll>-0.0196308922</Roll>
				<Yaw>56.5725174</Yaw>
			</PositionRotation>
			<Attachment isAttached="true">
				<AttachedTo>149558</AttachedTo>
				<BoneIndex>0</BoneIndex>
				<X>0.0431512743</X>
				<Y>2.31152582</Y>
				<Z>1.8934629</Z>
				<Pitch>-0.0220436864</Pitch>
				<Roll>-0.0107464204</Roll>
				<Yaw>183.200928</Yaw>
			</Attachment>
		</Attachment>
		<Attachment>
			<ModelHash>0xc079b265</ModelHash>
			<Type>3</Type>
			<Dynamic>false</Dynamic>
			<FrozenPos>false</FrozenPos>
			<HashName>prop_beach_fire</HashName>
			<InitialHandle>36150</InitialHandle>
			<ObjectProperties>
				<TextureVariation>0</TextureVariation>
			</ObjectProperties>
			<OpacityLevel>255</OpacityLevel>
			<LodDistance>16960</LodDistance>
			<IsVisible>true</IsVisible>
			<MaxHealth>1000</MaxHealth>
			<Health>187</Health>
			<HasGravity>true</HasGravity>
			<IsOnFire>true</IsOnFire>
			<IsInvincible>false</IsInvincible>
			<IsBulletProof>false</IsBulletProof>
			<IsCollisionProof>false</IsCollisionProof>
			<IsExplosionProof>false</IsExplosionProof>
			<IsFireProof>false</IsFireProof>
			<IsMeleeProof>false</IsMeleeProof>
			<IsOnlyDamagedByPlayer>false</IsOnlyDamagedByPlayer>
			<PositionRotation>
				<X>-2192.65894</X>
				<Y>3104.74536</Y>
				<Z>35.0176659</Z>
				<Pitch>-0.0421737842</Pitch>
				<Roll>-0.0173863564</Roll>
				<Yaw>63.0976067</Yaw>
			</PositionRotation>
			<Attachment isAttached="true">
				<AttachedTo>149558</AttachedTo>
				<BoneIndex>0</BoneIndex>
				<X>0.0077400133</X>
				<Y>1.5804857</Y>
				<Z>2.11919427</Z>
				<Pitch>-0.0220436864</Pitch>
				<Roll>-0.0107464204</Roll>
				<Yaw>189.726013</Yaw>
			</Attachment>
		</Attachment>
		<Attachment>
			<ModelHash>0xc079b265</ModelHash>
			<Type>3</Type>
			<Dynamic>false</Dynamic>
			<FrozenPos>false</FrozenPos>
			<HashName>prop_beach_fire</HashName>
			<InitialHandle>283958</InitialHandle>
			<ObjectProperties>
				<TextureVariation>0</TextureVariation>
			</ObjectProperties>
			<OpacityLevel>255</OpacityLevel>
			<LodDistance>16960</LodDistance>
			<IsVisible>true</IsVisible>
			<MaxHealth>1000</MaxHealth>
			<Health>1000</Health>
			<HasGravity>true</HasGravity>
			<IsOnFire>true</IsOnFire>
			<IsInvincible>false</IsInvincible>
			<IsBulletProof>false</IsBulletProof>
			<IsCollisionProof>false</IsCollisionProof>
			<IsExplosionProof>false</IsExplosionProof>
			<IsFireProof>false</IsFireProof>
			<IsMeleeProof>false</IsMeleeProof>
			<IsOnlyDamagedByPlayer>false</IsOnlyDamagedByPlayer>
			<PositionRotation>
				<X>-2195.9314</X>
				<Y>3107.18018</Y>
				<Z>37.3331947</Z>
				<Pitch>-0.0338415466</Pitch>
				<Roll>0.00686380686</Roll>
				<Yaw>137.532928</Yaw>
			</PositionRotation>
			<Attachment isAttached="true">
				<AttachedTo>149558</AttachedTo>
				<BoneIndex>0</BoneIndex>
				<X>0.00575241446</X>
				<Y>-2.49761343</Y>
				<Z>4.43605423</Z>
				<Pitch>-0.0220436864</Pitch>
				<Roll>-0.0107464204</Roll>
				<Yaw>264.161346</Yaw>
			</Attachment>
		</Attachment>
		<Attachment>
			<ModelHash>0x89f828eb</ModelHash>
			<Type>3</Type>
			<Dynamic>false</Dynamic>
			<FrozenPos>false</FrozenPos>
			<HashName>prop_fire_exting_1b</HashName>
			<InitialHandle>361270</InitialHandle>
			<ObjectProperties>
				<TextureVariation>0</TextureVariation>
			</ObjectProperties>
			<OpacityLevel>255</OpacityLevel>
			<LodDistance>16960</LodDistance>
			<IsVisible>true</IsVisible>
			<MaxHealth>1000</MaxHealth>
			<Health>1000</Health>
			<HasGravity>true</HasGravity>
			<IsOnFire>false</IsOnFire>
			<IsInvincible>false</IsInvincible>
			<IsBulletProof>false</IsBulletProof>
			<IsCollisionProof>false</IsCollisionProof>
			<IsExplosionProof>false</IsExplosionProof>
			<IsFireProof>false</IsFireProof>
			<IsMeleeProof>false</IsMeleeProof>
			<IsOnlyDamagedByPlayer>false</IsOnlyDamagedByPlayer>
			<PositionRotation>
				<X>-2191.84521</X>
				<Y>3106.3252</Y>
				<Z>34.2090225</Z>
				<Pitch>-0.028973788</Pitch>
				<Roll>0.00928563811</Roll>
				<Yaw>152.269714</Yaw>
			</PositionRotation>
			<Attachment isAttached="true">
				<AttachedTo>149558</AttachedTo>
				<BoneIndex>0</BoneIndex>
				<X>-1.74563706</X>
				<Y>1.29061341</Y>
				<Z>1.31034076</Z>
				<Pitch>-0.0220436864</Pitch>
				<Roll>-0.0107464204</Roll>
				<Yaw>278.898132</Yaw>
			</Attachment>
		</Attachment>
		<Attachment>
			<ModelHash>0x47489549</ModelHash>
			<Type>3</Type>
			<Dynamic>false</Dynamic>
			<FrozenPos>false</FrozenPos>
			<HashName>prop_aircon_l_04</HashName>
			<InitialHandle>106038</InitialHandle>
			<ObjectProperties>
				<TextureVariation>0</TextureVariation>
			</ObjectProperties>
			<OpacityLevel>255</OpacityLevel>
			<LodDistance>16960</LodDistance>
			<IsVisible>true</IsVisible>
			<MaxHealth>1000</MaxHealth>
			<Health>1000</Health>
			<HasGravity>true</HasGravity>
			<IsOnFire>false</IsOnFire>
			<IsInvincible>false</IsInvincible>
			<IsBulletProof>false</IsBulletProof>
			<IsCollisionProof>false</IsCollisionProof>
			<IsExplosionProof>false</IsExplosionProof>
			<IsFireProof>true</IsFireProof>
			<IsMeleeProof>false</IsMeleeProof>
			<IsOnlyDamagedByPlayer>false</IsOnlyDamagedByPlayer>
			<PositionRotation>
				<X>-2195.93042</X>
				<Y>3106.90088</Y>
				<Z>32.5767326</Z>
				<Pitch>-0.0123836119</Pitch>
				<Roll>-0.0290487204</Roll>
				<Yaw>-34.9098358</Yaw>
			</PositionRotation>
			<Attachment isAttached="true">
				<AttachedTo>149558</AttachedTo>
				<BoneIndex>0</BoneIndex>
				<X>0.230209261</X>
				<Y>-2.33179641</Y>
				<Z>-0.320420623</Z>
				<Pitch>-0.0217629727</Pitch>
				<Roll>-0.0100398427</Roll>
				<Yaw>91.7185745</Yaw>
			</Attachment>
		</Attachment>
		<Attachment>
			<ModelHash>0x543ff5ab</ModelHash>
			<Type>3</Type>
			<Dynamic>false</Dynamic>
			<FrozenPos>false</FrozenPos>
			<HashName>prop_aircon_l_03_dam</HashName>
			<InitialHandle>785717</InitialHandle>
			<ObjectProperties>
				<TextureVariation>0</TextureVariation>
			</ObjectProperties>
			<OpacityLevel>255</OpacityLevel>
			<LodDistance>16960</LodDistance>
			<IsVisible>true</IsVisible>
			<MaxHealth>1000</MaxHealth>
			<Health>1000</Health>
			<HasGravity>true</HasGravity>
			<IsOnFire>false</IsOnFire>
			<IsInvincible>false</IsInvincible>
			<IsBulletProof>false</IsBulletProof>
			<IsCollisionProof>false</IsCollisionProof>
			<IsExplosionProof>false</IsExplosionProof>
			<IsFireProof>true</IsFireProof>
			<IsMeleeProof>false</IsMeleeProof>
			<IsOnlyDamagedByPlayer>false</IsOnlyDamagedByPlayer>
			<PositionRotation>
				<X>-2196.24316</X>
				<Y>3107.07349</Y>
				<Z>33.4722595</Z>
				<Pitch>0.177993312</Pitch>
				<Roll>-0.652358294</Roll>
				<Yaw>-119.893242</Yaw>
			</PositionRotation>
			<Attachment isAttached="true">
				<AttachedTo>149558</AttachedTo>
				<BoneIndex>-1</BoneIndex>
				<X>0.277894557</X>
				<Y>-2.68549728</Y>
				<Z>0.575228333</Z>
				<Pitch>0.15823707</Pitch>
				<Roll>-0.660039663</Roll>
				<Yaw>6.73518944</Yaw>
			</Attachment>
		</Attachment>
		<Attachment>
			<ModelHash>0x4eb1e082</ModelHash>
			<Type>3</Type>
			<Dynamic>false</Dynamic>
			<FrozenPos>false</FrozenPos>
			<HashName>hei_prop_carrier_light_01</HashName>
			<InitialHandle>669237</InitialHandle>
			<ObjectProperties>
				<TextureVariation>0</TextureVariation>
			</ObjectProperties>
			<OpacityLevel>255</OpacityLevel>
			<LodDistance>16960</LodDistance>
			<IsVisible>true</IsVisible>
			<MaxHealth>1000</MaxHealth>
			<Health>1000</Health>
			<HasGravity>true</HasGravity>
			<IsOnFire>false</IsOnFire>
			<IsInvincible>false</IsInvincible>
			<IsBulletProof>false</IsBulletProof>
			<IsCollisionProof>false</IsCollisionProof>
			<IsExplosionProof>false</IsExplosionProof>
			<IsFireProof>false</IsFireProof>
			<IsMeleeProof>false</IsMeleeProof>
			<IsOnlyDamagedByPlayer>false</IsOnlyDamagedByPlayer>
			<PositionRotation>
				<X>-2190.17651</X>
				<Y>3103.5896</Y>
				<Z>33.0364571</Z>
				<Pitch>-0.0408170633</Pitch>
				<Roll>-0.0205886625</Roll>
				<Yaw>53.6863136</Yaw>
			</PositionRotation>
			<Attachment isAttached="true">
				<AttachedTo>149558</AttachedTo>
				<BoneIndex>0</BoneIndex>
				<X>-0.54550451</X>
				<Y>4.26155615</Y>
				<Z>0.137014464</Z>
				<Pitch>-0.0220436864</Pitch>
				<Roll>-0.0107464204</Roll>
				<Yaw>180.314728</Yaw>
			</Attachment>
		</Attachment>
		<Attachment>
			<ModelHash>0x4eb1e082</ModelHash>
			<Type>3</Type>
			<Dynamic>false</Dynamic>
			<FrozenPos>false</FrozenPos>
			<HashName>hei_prop_carrier_light_01</HashName>
			<InitialHandle>337462</InitialHandle>
			<ObjectProperties>
				<TextureVariation>0</TextureVariation>
			</ObjectProperties>
			<OpacityLevel>255</OpacityLevel>
			<LodDistance>16960</LodDistance>
			<IsVisible>true</IsVisible>
			<MaxHealth>1000</MaxHealth>
			<Health>1000</Health>
			<HasGravity>true</HasGravity>
			<IsOnFire>false</IsOnFire>
			<IsInvincible>false</IsInvincible>
			<IsBulletProof>false</IsBulletProof>
			<IsCollisionProof>false</IsCollisionProof>
			<IsExplosionProof>false</IsExplosionProof>
			<IsFireProof>false</IsFireProof>
			<IsMeleeProof>false</IsMeleeProof>
			<IsOnlyDamagedByPlayer>false</IsOnlyDamagedByPlayer>
			<PositionRotation>
				<X>-2190.50513</X>
				<Y>3103.14478</Y>
				<Z>33.025589</Z>
				<Pitch>-0.0408170633</Pitch>
				<Roll>-0.0205886625</Roll>
				<Yaw>53.6863136</Yaw>
			</PositionRotation>
			<Attachment isAttached="true">
				<AttachedTo>149558</AttachedTo>
				<BoneIndex>0</BoneIndex>
				<X>0.00754601229</X>
				<Y>4.26318836</Y>
				<Z>0.126242369</Z>
				<Pitch>-0.0220436864</Pitch>
				<Roll>-0.0107464204</Roll>
				<Yaw>180.314728</Yaw>
			</Attachment>
		</Attachment>
		<Attachment>
			<ModelHash>0x4eb1e082</ModelHash>
			<Type>3</Type>
			<Dynamic>false</Dynamic>
			<FrozenPos>false</FrozenPos>
			<HashName>hei_prop_carrier_light_01</HashName>
			<InitialHandle>369974</InitialHandle>
			<ObjectProperties>
				<TextureVariation>0</TextureVariation>
			</ObjectProperties>
			<OpacityLevel>255</OpacityLevel>
			<LodDistance>16960</LodDistance>
			<IsVisible>true</IsVisible>
			<MaxHealth>1000</MaxHealth>
			<Health>1000</Health>
			<HasGravity>true</HasGravity>
			<IsOnFire>false</IsOnFire>
			<IsInvincible>false</IsInvincible>
			<IsBulletProof>false</IsBulletProof>
			<IsCollisionProof>false</IsCollisionProof>
			<IsExplosionProof>false</IsExplosionProof>
			<IsFireProof>false</IsFireProof>
			<IsMeleeProof>false</IsMeleeProof>
			<IsOnlyDamagedByPlayer>false</IsOnlyDamagedByPlayer>
			<PositionRotation>
				<X>-2190.8186</X>
				<Y>3102.7229</Y>
				<Z>33.0322342</Z>
				<Pitch>-0.0408170633</Pitch>
				<Roll>-0.0205886625</Roll>
				<Yaw>53.6863136</Yaw>
			</PositionRotation>
			<Attachment isAttached="true">
				<AttachedTo>149558</AttachedTo>
				<BoneIndex>0</BoneIndex>
				<X>0.533032835</X>
				<Y>4.26332712</Y>
				<Z>0.132976368</Z>
				<Pitch>-0.0220436864</Pitch>
				<Roll>-0.0107464204</Roll>
				<Yaw>180.314728</Yaw>
			</Attachment>
		</Attachment>
		<Attachment>
			<ModelHash>0x01e52097</ModelHash>
			<Type>3</Type>
			<Dynamic>false</Dynamic>
			<FrozenPos>false</FrozenPos>
			<HashName>hei_prop_carrier_lightset_1</HashName>
			<InitialHandle>372278</InitialHandle>
			<ObjectProperties>
				<TextureVariation>0</TextureVariation>
			</ObjectProperties>
			<OpacityLevel>255</OpacityLevel>
			<LodDistance>16960</LodDistance>
			<IsVisible>true</IsVisible>
			<MaxHealth>1000</MaxHealth>
			<Health>0</Health>
			<HasGravity>true</HasGravity>
			<IsOnFire>false</IsOnFire>
			<IsInvincible>false</IsInvincible>
			<IsBulletProof>false</IsBulletProof>
			<IsCollisionProof>false</IsCollisionProof>
			<IsExplosionProof>false</IsExplosionProof>
			<IsFireProof>false</IsFireProof>
			<IsMeleeProof>false</IsMeleeProof>
			<IsOnlyDamagedByPlayer>false</IsOnlyDamagedByPlayer>
			<PositionRotation>
				<X>-2193.39209</X>
				<Y>3104.73389</Y>
				<Z>35.5074234</Z>
				<Pitch>-0.0408305563</Pitch>
				<Roll>-0.0205629058</Roll>
				<Yaw>53.7648964</Yaw>
			</PositionRotation>
			<Attachment isAttached="true">
				<AttachedTo>149558</AttachedTo>
				<BoneIndex>0</BoneIndex>
				<X>0.454345137</X>
				<Y>0.999005198</Y>
				<Z>2.60922098</Z>
				<Pitch>-0.0220436864</Pitch>
				<Roll>-0.0107464204</Roll>
				<Yaw>180.393311</Yaw>
			</Attachment>
		</Attachment>
		<Attachment>
			<ModelHash>0x49344b5a</ModelHash>
			<Type>3</Type>
			<Dynamic>false</Dynamic>
			<FrozenPos>false</FrozenPos>
			<HashName>hei_prop_wall_light_10a_cr</HashName>
			<InitialHandle>388406</InitialHandle>
			<ObjectProperties>
				<TextureVariation>0</TextureVariation>
			</ObjectProperties>
			<OpacityLevel>255</OpacityLevel>
			<LodDistance>16960</LodDistance>
			<IsVisible>true</IsVisible>
			<MaxHealth>1000</MaxHealth>
			<Health>1000</Health>
			<HasGravity>true</HasGravity>
			<IsOnFire>false</IsOnFire>
			<IsInvincible>false</IsInvincible>
			<IsBulletProof>false</IsBulletProof>
			<IsCollisionProof>false</IsCollisionProof>
			<IsExplosionProof>false</IsExplosionProof>
			<IsFireProof>false</IsFireProof>
			<IsMeleeProof>false</IsMeleeProof>
			<IsOnlyDamagedByPlayer>false</IsOnlyDamagedByPlayer>
			<PositionRotation>
				<X>-2194.71021</X>
				<Y>3103.56763</Y>
				<Z>36.4013977</Z>
				<Pitch>-0.0218631011</Pitch>
				<Roll>-0.0319425836</Roll>
				<Yaw>-9.13532352</Yaw>
			</PositionRotation>
			<Attachment isAttached="true">
				<AttachedTo>149558</AttachedTo>
				<BoneIndex>0</BoneIndex>
				<X>2.17645431</X>
				<Y>0.637193263</Y>
				<Z>3.50361133</Z>
				<Pitch>-0.0220436864</Pitch>
				<Roll>-0.0107464204</Roll>
				<Yaw>117.493088</Yaw>
			</Attachment>
		</Attachment>
		<Attachment>
			<ModelHash>0x49344b5a</ModelHash>
			<Type>3</Type>
			<Dynamic>false</Dynamic>
			<FrozenPos>false</FrozenPos>
			<HashName>hei_prop_wall_light_10a_cr</HashName>
			<InitialHandle>94774</InitialHandle>
			<ObjectProperties>
				<TextureVariation>0</TextureVariation>
			</ObjectProperties>
			<OpacityLevel>255</OpacityLevel>
			<LodDistance>16960</LodDistance>
			<IsVisible>true</IsVisible>
			<MaxHealth>1000</MaxHealth>
			<Health>1000</Health>
			<HasGravity>true</HasGravity>
			<IsOnFire>false</IsOnFire>
			<IsInvincible>false</IsInvincible>
			<IsBulletProof>false</IsBulletProof>
			<IsCollisionProof>false</IsCollisionProof>
			<IsExplosionProof>false</IsExplosionProof>
			<IsFireProof>false</IsFireProof>
			<IsMeleeProof>false</IsMeleeProof>
			<IsOnlyDamagedByPlayer>false</IsOnlyDamagedByPlayer>
			<PositionRotation>
				<X>-2199.38965</X>
				<Y>3106.85938</Y>
				<Z>36.3389702</Z>
				<Pitch>-0.0286571383</Pitch>
				<Roll>-0.0308852363</Roll>
				<Yaw>9.53263855</Yaw>
			</PositionRotation>
			<Attachment isAttached="true">
				<AttachedTo>149558</AttachedTo>
				<BoneIndex>0</BoneIndex>
				<X>2.32673335</X>
				<Y>-5.08200026</Y>
				<Z>3.44307661</Z>
				<Pitch>-0.0220436864</Pitch>
				<Roll>-0.0107464204</Roll>
				<Yaw>136.161057</Yaw>
			</Attachment>
		</Attachment>
		<Attachment>
			<ModelHash>0xc2451209</ModelHash>
			<Type>3</Type>
			<Dynamic>false</Dynamic>
			<FrozenPos>false</FrozenPos>
			<HashName>prop_air_lights_02a</HashName>
			<InitialHandle>372790</InitialHandle>
			<ObjectProperties>
				<TextureVariation>0</TextureVariation>
			</ObjectProperties>
			<OpacityLevel>255</OpacityLevel>
			<LodDistance>16960</LodDistance>
			<IsVisible>true</IsVisible>
			<MaxHealth>1000</MaxHealth>
			<Health>1000</Health>
			<HasGravity>true</HasGravity>
			<IsOnFire>false</IsOnFire>
			<IsInvincible>false</IsInvincible>
			<IsBulletProof>false</IsBulletProof>
			<IsCollisionProof>false</IsCollisionProof>
			<IsExplosionProof>false</IsExplosionProof>
			<IsFireProof>false</IsFireProof>
			<IsMeleeProof>false</IsMeleeProof>
			<IsOnlyDamagedByPlayer>false</IsOnlyDamagedByPlayer>
			<PositionRotation>
				<X>-2190.03882</X>
				<Y>3104.11865</Y>
				<Z>33.2481079</Z>
				<Pitch>-0.0424093567</Pitch>
				<Roll>-0.0166242886</Roll>
				<Yaw>65.2537842</Yaw>
			</PositionRotation>
			<Attachment isAttached="true">
				<AttachedTo>149558</AttachedTo>
				<BoneIndex>0</BoneIndex>
				<X>-1.05222178</X>
				<Y>4.0564785</Y>
				<Z>0.348644972</Z>
				<Pitch>-0.0220436864</Pitch>
				<Roll>-0.0107464204</Roll>
				<Yaw>191.882202</Yaw>
			</Attachment>
		</Attachment>
		<Attachment>
			<ModelHash>0xc2451209</ModelHash>
			<Type>3</Type>
			<Dynamic>false</Dynamic>
			<FrozenPos>false</FrozenPos>
			<HashName>prop_air_lights_02a</HashName>
			<InitialHandle>231222</InitialHandle>
			<ObjectProperties>
				<TextureVariation>0</TextureVariation>
			</ObjectProperties>
			<OpacityLevel>255</OpacityLevel>
			<LodDistance>16960</LodDistance>
			<IsVisible>true</IsVisible>
			<MaxHealth>1000</MaxHealth>
			<Health>1000</Health>
			<HasGravity>true</HasGravity>
			<IsOnFire>false</IsOnFire>
			<IsInvincible>false</IsInvincible>
			<IsBulletProof>false</IsBulletProof>
			<IsCollisionProof>false</IsCollisionProof>
			<IsExplosionProof>false</IsExplosionProof>
			<IsFireProof>false</IsFireProof>
			<IsMeleeProof>false</IsMeleeProof>
			<IsOnlyDamagedByPlayer>false</IsOnlyDamagedByPlayer>
			<PositionRotation>
				<X>-2191.29712</X>
				<Y>3102.42651</Y>
				<Z>33.2381439</Z>
				<Pitch>-0.0413263142</Pitch>
				<Roll>-0.0195492636</Roll>
				<Yaw>56.8153076</Yaw>
			</PositionRotation>
			<Attachment isAttached="true">
				<AttachedTo>149558</AttachedTo>
				<BoneIndex>0</BoneIndex>
				<X>1.0564245</X>
				<Y>4.05620193</Y>
				<Z>0.339047074</Z>
				<Pitch>-0.0220436864</Pitch>
				<Roll>-0.0107464204</Roll>
				<Yaw>183.443726</Yaw>
			</Attachment>
		</Attachment>
		<Attachment>
			<ModelHash>0xd1fbb176</ModelHash>
			<Type>3</Type>
			<Dynamic>false</Dynamic>
			<FrozenPos>false</FrozenPos>
			<HashName>prop_air_lights_02b</HashName>
			<InitialHandle>394806</InitialHandle>
			<ObjectProperties>
				<TextureVariation>0</TextureVariation>
			</ObjectProperties>
			<OpacityLevel>255</OpacityLevel>
			<LodDistance>16960</LodDistance>
			<IsVisible>true</IsVisible>
			<MaxHealth>1000</MaxHealth>
			<Health>1000</Health>
			<HasGravity>true</HasGravity>
			<IsOnFire>false</IsOnFire>
			<IsInvincible>false</IsInvincible>
			<IsBulletProof>false</IsBulletProof>
			<IsCollisionProof>false</IsCollisionProof>
			<IsExplosionProof>false</IsExplosionProof>
			<IsFireProof>false</IsFireProof>
			<IsMeleeProof>false</IsMeleeProof>
			<IsOnlyDamagedByPlayer>false</IsOnlyDamagedByPlayer>
			<PositionRotation>
				<X>-2192.68823</X>
				<Y>3103.66968</Y>
				<Z>34.8718796</Z>
				<Pitch>-0.0427684151</Pitch>
				<Roll>-0.0151955942</Roll>
				<Yaw>69.2364807</Yaw>
			</PositionRotation>
			<Attachment isAttached="true">
				<AttachedTo>149558</AttachedTo>
				<BoneIndex>0</BoneIndex>
				<X>0.888504028</X>
				<Y>2.19873905</Y>
				<Z>1.97335672</Z>
				<Pitch>-0.0220436864</Pitch>
				<Roll>-0.0107464204</Roll>
				<Yaw>195.864899</Yaw>
			</Attachment>
		</Attachment>
		<Attachment>
			<ModelHash>0xd1fbb176</ModelHash>
			<Type>3</Type>
			<Dynamic>false</Dynamic>
			<FrozenPos>false</FrozenPos>
			<HashName>prop_air_lights_02b</HashName>
			<InitialHandle>143926</InitialHandle>
			<ObjectProperties>
				<TextureVariation>0</TextureVariation>
			</ObjectProperties>
			<OpacityLevel>255</OpacityLevel>
			<LodDistance>16960</LodDistance>
			<IsVisible>true</IsVisible>
			<MaxHealth>1000</MaxHealth>
			<Health>1000</Health>
			<HasGravity>true</HasGravity>
			<IsOnFire>false</IsOnFire>
			<IsInvincible>false</IsInvincible>
			<IsBulletProof>false</IsBulletProof>
			<IsCollisionProof>false</IsCollisionProof>
			<IsExplosionProof>false</IsExplosionProof>
			<IsFireProof>false</IsFireProof>
			<IsMeleeProof>false</IsMeleeProof>
			<IsOnlyDamagedByPlayer>false</IsOnlyDamagedByPlayer>
			<PositionRotation>
				<X>-2191.70313</X>
				<Y>3105.05469</Y>
				<Z>34.8808441</Z>
				<Pitch>-0.0410781503</Pitch>
				<Roll>-0.0200737566</Roll>
				<Yaw>55.2468605</Yaw>
			</PositionRotation>
			<Attachment isAttached="true">
				<AttachedTo>149558</AttachedTo>
				<BoneIndex>0</BoneIndex>
				<X>-0.810699105</X>
				<Y>2.16287827</Y>
				<Z>1.9820385</Z>
				<Pitch>-0.0220436864</Pitch>
				<Roll>-0.0107464204</Roll>
				<Yaw>181.875275</Yaw>
			</Attachment>
		</Attachment>
		<Attachment>
			<ModelHash>0xd1fbb176</ModelHash>
			<Type>3</Type>
			<Dynamic>false</Dynamic>
			<FrozenPos>false</FrozenPos>
			<HashName>prop_air_lights_02b</HashName>
			<InitialHandle>62518</InitialHandle>
			<ObjectProperties>
				<TextureVariation>0</TextureVariation>
			</ObjectProperties>
			<OpacityLevel>255</OpacityLevel>
			<LodDistance>16960</LodDistance>
			<IsVisible>true</IsVisible>
			<MaxHealth>1000</MaxHealth>
			<Health>1000</Health>
			<HasGravity>true</HasGravity>
			<IsOnFire>false</IsOnFire>
			<IsInvincible>false</IsInvincible>
			<IsBulletProof>false</IsBulletProof>
			<IsCollisionProof>false</IsCollisionProof>
			<IsExplosionProof>false</IsExplosionProof>
			<IsFireProof>false</IsFireProof>
			<IsMeleeProof>false</IsMeleeProof>
			<IsOnlyDamagedByPlayer>false</IsOnlyDamagedByPlayer>
			<PositionRotation>
				<X>-2198.3833</X>
				<Y>3109.92261</Y>
				<Z>36.7156982</Z>
				<Pitch>-0.00120139937</Pitch>
				<Roll>-0.00688522402</Roll>
				<Yaw>-109.142677</Yaw>
			</PositionRotation>
			<Attachment isAttached="true">
				<AttachedTo>149558</AttachedTo>
				<BoneIndex>0</BoneIndex>
				<X>-0.732089043</X>
				<Y>-6.10184956</Y>
				<Z>3.81960607</Z>
				<Pitch>-0.0220436864</Pitch>
				<Roll>-0.0107464204</Roll>
				<Yaw>17.4857178</Yaw>
			</Attachment>
		</Attachment>
		<Attachment>
			<ModelHash>0xd1fbb176</ModelHash>
			<Type>3</Type>
			<Dynamic>false</Dynamic>
			<FrozenPos>false</FrozenPos>
			<HashName>prop_air_lights_02b</HashName>
			<InitialHandle>335158</InitialHandle>
			<ObjectProperties>
				<TextureVariation>0</TextureVariation>
			</ObjectProperties>
			<OpacityLevel>255</OpacityLevel>
			<LodDistance>16960</LodDistance>
			<IsVisible>true</IsVisible>
			<MaxHealth>1000</MaxHealth>
			<Health>1000</Health>
			<HasGravity>true</HasGravity>
			<IsOnFire>false</IsOnFire>
			<IsInvincible>false</IsInvincible>
			<IsBulletProof>false</IsBulletProof>
			<IsCollisionProof>false</IsCollisionProof>
			<IsExplosionProof>false</IsExplosionProof>
			<IsFireProof>false</IsFireProof>
			<IsMeleeProof>false</IsMeleeProof>
			<IsOnlyDamagedByPlayer>false</IsOnlyDamagedByPlayer>
			<PositionRotation>
				<X>-2199.68188</X>
				<Y>3107.46338</Y>
				<Z>36.7377357</Z>
				<Pitch>-0.0013809579</Pitch>
				<Roll>-0.00601765001</Roll>
				<Yaw>-111.537628</Yaw>
			</PositionRotation>
			<Attachment isAttached="true">
				<AttachedTo>149558</AttachedTo>
				<BoneIndex>0</BoneIndex>
				<X>2.01608396</X>
				<Y>-5.67669916</Y>
				<Z>3.84198213</Z>
				<Pitch>-0.0220436864</Pitch>
				<Roll>-0.0107464204</Roll>
				<Yaw>15.0907669</Yaw>
			</Attachment>
		</Attachment>
		<Attachment>
			<ModelHash>0xcb1a9ac1</ModelHash>
			<Type>3</Type>
			<Dynamic>false</Dynamic>
			<FrozenPos>false</FrozenPos>
			<HashName>prop_air_lights_04a</HashName>
			<InitialHandle>463920</InitialHandle>
			<ObjectProperties>
				<TextureVariation>0</TextureVariation>
			</ObjectProperties>
			<OpacityLevel>255</OpacityLevel>
			<LodDistance>16960</LodDistance>
			<IsVisible>true</IsVisible>
			<MaxHealth>1000</MaxHealth>
			<Health>1000</Health>
			<HasGravity>true</HasGravity>
			<IsOnFire>false</IsOnFire>
			<IsInvincible>false</IsInvincible>
			<IsBulletProof>false</IsBulletProof>
			<IsCollisionProof>false</IsCollisionProof>
			<IsExplosionProof>false</IsExplosionProof>
			<IsFireProof>false</IsFireProof>
			<IsMeleeProof>false</IsMeleeProof>
			<IsOnlyDamagedByPlayer>false</IsOnlyDamagedByPlayer>
			<PositionRotation>
				<X>-2192.09326</X>
				<Y>3104.28076</Y>
				<Z>34.7921677</Z>
				<Pitch>-0.0412888415</Pitch>
				<Roll>-0.0196308922</Roll>
				<Yaw>56.5725174</Yaw>
			</PositionRotation>
			<Attachment isAttached="true">
				<AttachedTo>149558</AttachedTo>
				<BoneIndex>0</BoneIndex>
				<X>0.0431512743</X>
				<Y>2.31152582</Y>
				<Z>1.8934629</Z>
				<Pitch>-0.0220436864</Pitch>
				<Roll>-0.0107464204</Roll>
				<Yaw>183.200928</Yaw>
			</Attachment>
		</Attachment>
		<Attachment>
			<ModelHash>0xc079b265</ModelHash>
			<Type>3</Type>
			<Dynamic>false</Dynamic>
			<FrozenPos>false</FrozenPos>
			<HashName>prop_beach_fire</HashName>
			<InitialHandle>451126</InitialHandle>
			<ObjectProperties>
				<TextureVariation>0</TextureVariation>
			</ObjectProperties>
			<OpacityLevel>255</OpacityLevel>
			<LodDistance>16960</LodDistance>
			<IsVisible>true</IsVisible>
			<MaxHealth>1000</MaxHealth>
			<Health>187</Health>
			<HasGravity>true</HasGravity>
			<IsOnFire>true</IsOnFire>
			<IsInvincible>false</IsInvincible>
			<IsBulletProof>false</IsBulletProof>
			<IsCollisionProof>false</IsCollisionProof>
			<IsExplosionProof>false</IsExplosionProof>
			<IsFireProof>false</IsFireProof>
			<IsMeleeProof>false</IsMeleeProof>
			<IsOnlyDamagedByPlayer>false</IsOnlyDamagedByPlayer>
			<PositionRotation>
				<X>-2192.65894</X>
				<Y>3104.74536</Y>
				<Z>35.0176659</Z>
				<Pitch>-0.0421737842</Pitch>
				<Roll>-0.0173863564</Roll>
				<Yaw>63.0976067</Yaw>
			</PositionRotation>
			<Attachment isAttached="true">
				<AttachedTo>149558</AttachedTo>
				<BoneIndex>0</BoneIndex>
				<X>0.0077400133</X>
				<Y>1.5804857</Y>
				<Z>2.11919427</Z>
				<Pitch>-0.0220436864</Pitch>
				<Roll>-0.0107464204</Roll>
				<Yaw>189.726013</Yaw>
			</Attachment>
		</Attachment>
		<Attachment>
			<ModelHash>0xc079b265</ModelHash>
			<Type>3</Type>
			<Dynamic>false</Dynamic>
			<FrozenPos>false</FrozenPos>
			<HashName>prop_beach_fire</HashName>
			<InitialHandle>122934</InitialHandle>
			<ObjectProperties>
				<TextureVariation>0</TextureVariation>
			</ObjectProperties>
			<OpacityLevel>255</OpacityLevel>
			<LodDistance>16960</LodDistance>
			<IsVisible>true</IsVisible>
			<MaxHealth>1000</MaxHealth>
			<Health>1000</Health>
			<HasGravity>true</HasGravity>
			<IsOnFire>true</IsOnFire>
			<IsInvincible>false</IsInvincible>
			<IsBulletProof>false</IsBulletProof>
			<IsCollisionProof>false</IsCollisionProof>
			<IsExplosionProof>false</IsExplosionProof>
			<IsFireProof>false</IsFireProof>
			<IsMeleeProof>false</IsMeleeProof>
			<IsOnlyDamagedByPlayer>false</IsOnlyDamagedByPlayer>
			<PositionRotation>
				<X>-2195.9314</X>
				<Y>3107.18018</Y>
				<Z>37.3331947</Z>
				<Pitch>-0.0338415466</Pitch>
				<Roll>0.00686380686</Roll>
				<Yaw>137.532928</Yaw>
			</PositionRotation>
			<Attachment isAttached="true">
				<AttachedTo>149558</AttachedTo>
				<BoneIndex>0</BoneIndex>
				<X>0.00575241446</X>
				<Y>-2.49761343</Y>
				<Z>4.43605423</Z>
				<Pitch>-0.0220436864</Pitch>
				<Roll>-0.0107464204</Roll>
				<Yaw>264.161346</Yaw>
			</Attachment>
		</Attachment>
		<Attachment>
			<ModelHash>0x89f828eb</ModelHash>
			<Type>3</Type>
			<Dynamic>false</Dynamic>
			<FrozenPos>false</FrozenPos>
			<HashName>prop_fire_exting_1b</HashName>
			<InitialHandle>295478</InitialHandle>
			<ObjectProperties>
				<TextureVariation>0</TextureVariation>
			</ObjectProperties>
			<OpacityLevel>255</OpacityLevel>
			<LodDistance>16960</LodDistance>
			<IsVisible>true</IsVisible>
			<MaxHealth>1000</MaxHealth>
			<Health>1000</Health>
			<HasGravity>true</HasGravity>
			<IsOnFire>false</IsOnFire>
			<IsInvincible>false</IsInvincible>
			<IsBulletProof>false</IsBulletProof>
			<IsCollisionProof>false</IsCollisionProof>
			<IsExplosionProof>false</IsExplosionProof>
			<IsFireProof>false</IsFireProof>
			<IsMeleeProof>false</IsMeleeProof>
			<IsOnlyDamagedByPlayer>false</IsOnlyDamagedByPlayer>
			<PositionRotation>
				<X>-2191.84521</X>
				<Y>3106.3252</Y>
				<Z>34.2090225</Z>
				<Pitch>-0.028973788</Pitch>
				<Roll>0.00928563811</Roll>
				<Yaw>152.269714</Yaw>
			</PositionRotation>
			<Attachment isAttached="true">
				<AttachedTo>149558</AttachedTo>
				<BoneIndex>0</BoneIndex>
				<X>-1.74563706</X>
				<Y>1.29061341</Y>
				<Z>1.31034076</Z>
				<Pitch>-0.0220436864</Pitch>
				<Roll>-0.0107464204</Roll>
				<Yaw>278.898132</Yaw>
			</Attachment>
		</Attachment>
	</SpoonerAttachments>
</Vehicle>
