<?xml version="1.0" encoding="ISO-8859-1"?>
<Vehicle menyoo_ver="0.9998744b">
	<ModelHash>0xd577c962</ModelHash>
	<InitialHandle>27650</InitialHandle>
	<VehicleProperties>
		<Colours>
			<Primary>36</Primary>
			<Secondary>0</Secondary>
			<Pearl>111</Pearl>
			<Rim>156</Rim>
			<Mod1_a>72</Mod1_a>
			<Mod1_b>1003704407</Mod1_b>
			<Mod1_c>0</Mod1_c>
			<Mod2_a>1981805520</Mod2_a>
			<Mod2_b>72</Mod2_b>
			<IsPrimaryColourCustom>false</IsPrimaryColourCustom>
			<IsSecondaryColourCustom>false</IsSecondaryColourCustom>
			<tyreSmoke_R>255</tyreSmoke_R>
			<tyreSmoke_G>255</tyreSmoke_G>
			<tyreSmoke_B>255</tyreSmoke_B>
			<LrInterior>0</LrInterior>
			<LrDashboard>0</LrDashboard>
		</Colours>
		<Livery>-1</Livery>
		<NumberPlateText>62EZJ271</NumberPlateText>
		<NumberPlateIndex>0</NumberPlateIndex>
		<WheelType>0</WheelType>
		<WheelsInvisible>false</WheelsInvisible>
		<EngineSoundName></EngineSoundName>
		<WindowTint>-1</WindowTint>
		<BulletProofTyres>false</BulletProofTyres>
		<DirtLevel>7.6340971</DirtLevel>
		<PaintFade>0.298039228</PaintFade>
		<RoofState>0</RoofState>
		<SirenActive>false</SirenActive>
		<EngineOn>true</EngineOn>
		<EngineHealth>1000</EngineHealth>
		<LightsOn>false</LightsOn>
		<IsRadioLoud>0</IsRadioLoud>
		<LockStatus>0</LockStatus>
		<Neons>
			<Left>false</Left>
			<Right>false</Right>
			<Front>false</Front>
			<Back>false</Back>
			<R>255</R>
			<G>0</G>
			<B>255</B>
		</Neons>
		<ModExtras />
		<Mods>
			<_0>-1,0</_0>
			<_1>-1,0</_1>
			<_2>-1,0</_2>
			<_3>-1,0</_3>
			<_4>-1,0</_4>
			<_5>-1,0</_5>
			<_6>-1,0</_6>
			<_7>-1,0</_7>
			<_8>-1,0</_8>
			<_9>-1,0</_9>
			<_10>-1,0</_10>
			<_11>-1,0</_11>
			<_12>-1,0</_12>
			<_13>-1,0</_13>
			<_14>-1,0</_14>
			<_15>-1,0</_15>
			<_16>-1,0</_16>
			<_17>false</_17>
			<_18>false</_18>
			<_19>false</_19>
			<_20>false</_20>
			<_21>false</_21>
			<_22>false</_22>
			<_23>-1,0</_23>
			<_24>-1,0</_24>
			<_25>-1,0</_25>
			<_26>-1,0</_26>
			<_27>-1,0</_27>
			<_28>-1,0</_28>
			<_29>-1,0</_29>
			<_30>-1,0</_30>
			<_31>-1,0</_31>
			<_32>-1,0</_32>
			<_33>-1,0</_33>
			<_34>-1,0</_34>
			<_35>-1,0</_35>
			<_36>-1,0</_36>
			<_37>-1,0</_37>
			<_38>-1,0</_38>
			<_39>-1,0</_39>
			<_40>-1,0</_40>
			<_41>-1,0</_41>
			<_42>-1,0</_42>
			<_43>-1,0</_43>
			<_44>-1,0</_44>
			<_45>-1,0</_45>
			<_46>-1,0</_46>
			<_47>-1,0</_47>
			<_48>-1,0</_48>
		</Mods>
		<DoorsOpen>
			<BackLeftDoor>false</BackLeftDoor>
			<BackRightDoor>false</BackRightDoor>
			<FrontLeftDoor>false</FrontLeftDoor>
			<FrontRightDoor>false</FrontRightDoor>
			<Hood>false</Hood>
			<Trunk>false</Trunk>
			<Trunk2>false</Trunk2>
		</DoorsOpen>
		<DoorsBroken>
			<BackLeftDoor>false</BackLeftDoor>
			<BackRightDoor>false</BackRightDoor>
			<FrontLeftDoor>false</FrontLeftDoor>
			<FrontRightDoor>false</FrontRightDoor>
			<Hood>false</Hood>
			<Trunk>false</Trunk>
			<Trunk2>false</Trunk2>
		</DoorsBroken>
		<TyresBursted>
			<FrontLeft>false</FrontLeft>
			<FrontRight>false</FrontRight>
			<_2>false</_2>
			<_3>false</_3>
			<BackLeft>false</BackLeft>
			<BackRight>false</BackRight>
			<_6>false</_6>
			<_7>false</_7>
			<_8>false</_8>
		</TyresBursted>
		<RpmMultiplier>1</RpmMultiplier>
		<TorqueMultiplier>1</TorqueMultiplier>
		<HeadlightIntensity>1</HeadlightIntensity>
	</VehicleProperties>
	<OpacityLevel>0</OpacityLevel>
	<LodDistance>16960</LodDistance>
	<IsVisible>true</IsVisible>
	<IsDriverVisible>true</IsDriverVisible>
	<MaxHealth>1000</MaxHealth>
	<Health>1000</Health>
	<HasGravity>true</HasGravity>
	<IsOnFire>false</IsOnFire>
	<IsInvincible>false</IsInvincible>
	<IsBulletProof>false</IsBulletProof>
	<IsExplosionProof>false</IsExplosionProof>
	<IsFireProof>false</IsFireProof>
	<IsMeleeProof>false</IsMeleeProof>
	<IsOnlyDamagedByPlayer>false</IsOnlyDamagedByPlayer>
	<SpoonerAttachments SetAttachmentsPersistentAndAddToSpoonerDatabase="true" StartTaskSequencesOnLoad="true">
		<Attachment>
			<ModelHash>0x376cb307</ModelHash>
			<Type>3</Type>
			<Dynamic>false</Dynamic>
			<FrozenPos>true</FrozenPos>
			<HashName>prop_rub_buswreck_06</HashName>
			<InitialHandle>27906</InitialHandle>
			<ObjectProperties>
				<TextureVariation>0</TextureVariation>
			</ObjectProperties>
			<OpacityLevel>255</OpacityLevel>
			<LodDistance>16960</LodDistance>
			<IsVisible>true</IsVisible>
			<MaxHealth>1000</MaxHealth>
			<Health>1000</Health>
			<HasGravity>true</HasGravity>
			<IsOnFire>false</IsOnFire>
			<IsInvincible>false</IsInvincible>
			<IsBulletProof>false</IsBulletProof>
			<IsCollisionProof>true</IsCollisionProof>
			<IsExplosionProof>false</IsExplosionProof>
			<IsFireProof>false</IsFireProof>
			<IsMeleeProof>false</IsMeleeProof>
			<IsOnlyDamagedByPlayer>false</IsOnlyDamagedByPlayer>
			<PositionRotation>
				<X>1314.23987</X>
				<Y>3155.24609</Y>
				<Z>39.6401062</Z>
				<Pitch>-0.125994802</Pitch>
				<Roll>-0.609369516</Roll>
				<Yaw>105.614265</Yaw>
			</PositionRotation>
			<Attachment isAttached="true">
				<AttachedTo>27650</AttachedTo>
				<BoneIndex>0</BoneIndex>
				<X>0.199999988</X>
				<Y>-5.96046448e-08</Y>
				<Z>-0.799999952</Z>
				<Pitch>0</Pitch>
				<Roll>0</Roll>
				<Yaw>0</Yaw>
			</Attachment>
		</Attachment>
		<Attachment>
			<ModelHash>0xc4d260d7</ModelHash>
			<Type>3</Type>
			<Dynamic>true</Dynamic>
			<FrozenPos>false</FrozenPos>
			<HashName>prop_rub_busdoor_01</HashName>
			<InitialHandle>28162</InitialHandle>
			<ObjectProperties>
				<TextureVariation>0</TextureVariation>
			</ObjectProperties>
			<OpacityLevel>255</OpacityLevel>
			<LodDistance>16960</LodDistance>
			<IsVisible>true</IsVisible>
			<MaxHealth>1000</MaxHealth>
			<Health>1000</Health>
			<HasGravity>true</HasGravity>
			<IsOnFire>false</IsOnFire>
			<IsInvincible>false</IsInvincible>
			<IsBulletProof>false</IsBulletProof>
			<IsCollisionProof>false</IsCollisionProof>
			<IsExplosionProof>false</IsExplosionProof>
			<IsFireProof>false</IsFireProof>
			<IsMeleeProof>false</IsMeleeProof>
			<IsOnlyDamagedByPlayer>false</IsOnlyDamagedByPlayer>
			<PositionRotation>
				<X>1308.70093</X>
				<Y>3155.32813</Y>
				<Z>41.0611382</Z>
				<Pitch>-0.125994429</Pitch>
				<Roll>-0.609369576</Roll>
				<Yaw>105.614227</Yaw>
			</PositionRotation>
			<Attachment isAttached="true">
				<AttachedTo>27650</AttachedTo>
				<BoneIndex>5</BoneIndex>
				<X>0.0299999993</X>
				<Y>0.659999669</Y>
				<Z>0.369999915</Z>
				<Pitch>0</Pitch>
				<Roll>0</Roll>
				<Yaw>89.9999924</Yaw>
			</Attachment>
		</Attachment>
		<Attachment>
			<ModelHash>0xc4d260d7</ModelHash>
			<Type>3</Type>
			<Dynamic>true</Dynamic>
			<FrozenPos>false</FrozenPos>
			<HashName>prop_rub_busdoor_01</HashName>
			<InitialHandle>28418</InitialHandle>
			<ObjectProperties>
				<TextureVariation>0</TextureVariation>
			</ObjectProperties>
			<OpacityLevel>255</OpacityLevel>
			<LodDistance>16960</LodDistance>
			<IsVisible>true</IsVisible>
			<MaxHealth>1000</MaxHealth>
			<Health>1000</Health>
			<HasGravity>true</HasGravity>
			<IsOnFire>false</IsOnFire>
			<IsInvincible>false</IsInvincible>
			<IsBulletProof>false</IsBulletProof>
			<IsCollisionProof>false</IsCollisionProof>
			<IsExplosionProof>false</IsExplosionProof>
			<IsFireProof>false</IsFireProof>
			<IsMeleeProof>false</IsMeleeProof>
			<IsOnlyDamagedByPlayer>false</IsOnlyDamagedByPlayer>
			<PositionRotation>
				<X>1314.84485</X>
				<Y>3157.17017</Y>
				<Z>41.0766563</Z>
				<Pitch>-0.125994429</Pitch>
				<Roll>-0.609369576</Roll>
				<Yaw>105.614227</Yaw>
			</PositionRotation>
			<Attachment isAttached="true">
				<AttachedTo>27650</AttachedTo>
				<BoneIndex>8</BoneIndex>
				<X>0.200000018</X>
				<Y>0.779999554</Y>
				<Z>0.369999915</Z>
				<Pitch>0</Pitch>
				<Roll>0</Roll>
				<Yaw>89.9999924</Yaw>
			</Attachment>
		</Attachment>
		<Attachment>
			<ModelHash>0xc4d260d7</ModelHash>
			<Type>3</Type>
			<Dynamic>true</Dynamic>
			<FrozenPos>false</FrozenPos>
			<HashName>prop_rub_busdoor_01</HashName>
			<InitialHandle>28674</InitialHandle>
			<ObjectProperties>
				<TextureVariation>0</TextureVariation>
			</ObjectProperties>
			<OpacityLevel>255</OpacityLevel>
			<LodDistance>16960</LodDistance>
			<IsVisible>true</IsVisible>
			<MaxHealth>1000</MaxHealth>
			<Health>1000</Health>
			<HasGravity>true</HasGravity>
			<IsOnFire>false</IsOnFire>
			<IsInvincible>false</IsInvincible>
			<IsBulletProof>false</IsBulletProof>
			<IsCollisionProof>false</IsCollisionProof>
			<IsExplosionProof>false</IsExplosionProof>
			<IsFireProof>false</IsFireProof>
			<IsMeleeProof>false</IsMeleeProof>
			<IsOnlyDamagedByPlayer>false</IsOnlyDamagedByPlayer>
			<PositionRotation>
				<X>1312.48376</X>
				<Y>3153.04785</Y>
				<Z>40.9876747</Z>
				<Pitch>0.125994563</Pitch>
				<Roll>0.609369576</Roll>
				<Yaw>-74.3857498</Yaw>
			</PositionRotation>
			<Attachment isAttached="true">
				<AttachedTo>27650</AttachedTo>
				<BoneIndex>82</BoneIndex>
				<X>-1.42999864</X>
				<Y>2.2799983</Y>
				<Z>0.569999754</Z>
				<Pitch>0</Pitch>
				<Roll>0</Roll>
				<Yaw>179.999985</Yaw>
			</Attachment>
		</Attachment>
		<Attachment>
			<ModelHash>0xc4d260d7</ModelHash>
			<Type>3</Type>
			<Dynamic>true</Dynamic>
			<FrozenPos>false</FrozenPos>
			<HashName>prop_rub_busdoor_01</HashName>
			<InitialHandle>28930</InitialHandle>
			<ObjectProperties>
				<TextureVariation>0</TextureVariation>
			</ObjectProperties>
			<OpacityLevel>255</OpacityLevel>
			<LodDistance>16960</LodDistance>
			<IsVisible>true</IsVisible>
			<MaxHealth>1000</MaxHealth>
			<Health>1000</Health>
			<HasGravity>true</HasGravity>
			<IsOnFire>false</IsOnFire>
			<IsInvincible>false</IsInvincible>
			<IsBulletProof>false</IsBulletProof>
			<IsCollisionProof>false</IsCollisionProof>
			<IsExplosionProof>false</IsExplosionProof>
			<IsFireProof>false</IsFireProof>
			<IsMeleeProof>false</IsMeleeProof>
			<IsOnlyDamagedByPlayer>false</IsOnlyDamagedByPlayer>
			<PositionRotation>
				<X>1319.25061</X>
				<Y>3154.99048</Y>
				<Z>41.0436859</Z>
				<Pitch>0.125994563</Pitch>
				<Roll>0.609369576</Roll>
				<Yaw>-74.3857498</Yaw>
			</PositionRotation>
			<Attachment isAttached="true">
				<AttachedTo>27650</AttachedTo>
				<BoneIndex>82</BoneIndex>
				<X>-1.38000059</X>
				<Y>-4.76001787</Y>
				<Z>0.609999716</Z>
				<Pitch>0</Pitch>
				<Roll>0</Roll>
				<Yaw>179.999985</Yaw>
			</Attachment>
		</Attachment>
		<Attachment>
			<ModelHash>0x0623f9a3</ModelHash>
			<Type>3</Type>
			<Dynamic>true</Dynamic>
			<FrozenPos>false</FrozenPos>
			<HashName>prop_rub_wheel_01</HashName>
			<InitialHandle>29186</InitialHandle>
			<ObjectProperties>
				<TextureVariation>0</TextureVariation>
			</ObjectProperties>
			<OpacityLevel>255</OpacityLevel>
			<LodDistance>16960</LodDistance>
			<IsVisible>true</IsVisible>
			<MaxHealth>1000</MaxHealth>
			<Health>1000</Health>
			<HasGravity>true</HasGravity>
			<IsOnFire>false</IsOnFire>
			<IsInvincible>false</IsInvincible>
			<IsBulletProof>false</IsBulletProof>
			<IsCollisionProof>false</IsCollisionProof>
			<IsExplosionProof>false</IsExplosionProof>
			<IsFireProof>false</IsFireProof>
			<IsMeleeProof>false</IsMeleeProof>
			<IsOnlyDamagedByPlayer>false</IsOnlyDamagedByPlayer>
			<PositionRotation>
				<X>1310.88525</X>
				<Y>3152.81006</Y>
				<Z>39.9131012</Z>
				<Pitch>0.629108071</Pitch>
				<Roll>1.34055734</Roll>
				<Yaw>-74.362175</Yaw>
			</PositionRotation>
			<Attachment isAttached="true">
				<AttachedTo>27650</AttachedTo>
				<BoneIndex>44</BoneIndex>
				<X>1.24032044</X>
				<Y>-9.64253902</Y>
				<Z>-2.9295702</Z>
				<Pitch>15.5027962</Pitch>
				<Roll>0.723459959</Roll>
				<Yaw>0.0299682617</Yaw>
			</Attachment>
		</Attachment>
		<Attachment>
			<ModelHash>0x0623f9a3</ModelHash>
			<Type>3</Type>
			<Dynamic>true</Dynamic>
			<FrozenPos>false</FrozenPos>
			<HashName>prop_rub_wheel_01</HashName>
			<InitialHandle>29442</InitialHandle>
			<ObjectProperties>
				<TextureVariation>0</TextureVariation>
			</ObjectProperties>
			<OpacityLevel>255</OpacityLevel>
			<LodDistance>16960</LodDistance>
			<IsVisible>true</IsVisible>
			<MaxHealth>1000</MaxHealth>
			<Health>1000</Health>
			<HasGravity>true</HasGravity>
			<IsOnFire>false</IsOnFire>
			<IsInvincible>false</IsInvincible>
			<IsBulletProof>false</IsBulletProof>
			<IsCollisionProof>false</IsCollisionProof>
			<IsExplosionProof>false</IsExplosionProof>
			<IsFireProof>false</IsFireProof>
			<IsMeleeProof>false</IsMeleeProof>
			<IsOnlyDamagedByPlayer>false</IsOnlyDamagedByPlayer>
			<PositionRotation>
				<X>1317.28979</X>
				<Y>3154.70239</Y>
				<Z>40.0750275</Z>
				<Pitch>-14.8730984</Pitch>
				<Roll>0.630492032</Roll>
				<Yaw>-74.2225266</Yaw>
			</PositionRotation>
			<Attachment isAttached="true">
				<AttachedTo>27650</AttachedTo>
				<BoneIndex>44</BoneIndex>
				<X>1.13999927</X>
				<Y>-3.22999907</Y>
				<Z>-1.06000018</Z>
				<Pitch>0</Pitch>
				<Roll>0</Roll>
				<Yaw>0</Yaw>
			</Attachment>
		</Attachment>
		<Attachment>
			<ModelHash>0x0623f9a3</ModelHash>
			<Type>3</Type>
			<Dynamic>true</Dynamic>
			<FrozenPos>false</FrozenPos>
			<HashName>prop_rub_wheel_01</HashName>
			<InitialHandle>29698</InitialHandle>
			<ObjectProperties>
				<TextureVariation>0</TextureVariation>
			</ObjectProperties>
			<OpacityLevel>255</OpacityLevel>
			<LodDistance>16960</LodDistance>
			<IsVisible>true</IsVisible>
			<MaxHealth>1000</MaxHealth>
			<Health>1000</Health>
			<HasGravity>true</HasGravity>
			<IsOnFire>false</IsOnFire>
			<IsInvincible>false</IsInvincible>
			<IsBulletProof>false</IsBulletProof>
			<IsCollisionProof>false</IsCollisionProof>
			<IsExplosionProof>false</IsExplosionProof>
			<IsFireProof>false</IsFireProof>
			<IsMeleeProof>false</IsMeleeProof>
			<IsOnlyDamagedByPlayer>false</IsOnlyDamagedByPlayer>
			<PositionRotation>
				<X>1310.15845</X>
				<Y>3155.41016</Y>
				<Z>39.9418182</Z>
				<Pitch>0.629108071</Pitch>
				<Roll>1.34055734</Roll>
				<Yaw>-74.362175</Yaw>
			</PositionRotation>
			<Attachment isAttached="true">
				<AttachedTo>27650</AttachedTo>
				<BoneIndex>44</BoneIndex>
				<X>-1.45967984</X>
				<Y>-9.64253902</Y>
				<Z>-2.9295702</Z>
				<Pitch>15.5027962</Pitch>
				<Roll>0.723459959</Roll>
				<Yaw>0.0299682617</Yaw>
			</Attachment>
		</Attachment>
		<Attachment>
			<ModelHash>0x0623f9a3</ModelHash>
			<Type>3</Type>
			<Dynamic>true</Dynamic>
			<FrozenPos>false</FrozenPos>
			<HashName>prop_rub_wheel_01</HashName>
			<InitialHandle>29954</InitialHandle>
			<ObjectProperties>
				<TextureVariation>0</TextureVariation>
			</ObjectProperties>
			<OpacityLevel>255</OpacityLevel>
			<LodDistance>16960</LodDistance>
			<IsVisible>true</IsVisible>
			<MaxHealth>1000</MaxHealth>
			<Health>1000</Health>
			<HasGravity>true</HasGravity>
			<IsOnFire>false</IsOnFire>
			<IsInvincible>false</IsInvincible>
			<IsBulletProof>false</IsBulletProof>
			<IsCollisionProof>false</IsCollisionProof>
			<IsExplosionProof>false</IsExplosionProof>
			<IsFireProof>false</IsFireProof>
			<IsMeleeProof>false</IsMeleeProof>
			<IsOnlyDamagedByPlayer>false</IsOnlyDamagedByPlayer>
			<PositionRotation>
				<X>1316.56299</X>
				<Y>3157.30273</Y>
				<Z>40.1037445</Z>
				<Pitch>-14.8730984</Pitch>
				<Roll>0.630492032</Roll>
				<Yaw>-74.2225266</Yaw>
			</PositionRotation>
			<Attachment isAttached="true">
				<AttachedTo>27650</AttachedTo>
				<BoneIndex>44</BoneIndex>
				<X>-1.56000102</X>
				<Y>-3.22999907</Y>
				<Z>-1.06000018</Z>
				<Pitch>0</Pitch>
				<Roll>0</Roll>
				<Yaw>0</Yaw>
			</Attachment>
		</Attachment>
		<Attachment>
			<ModelHash>0xb46d89ec</ModelHash>
			<Type>3</Type>
			<Dynamic>true</Dynamic>
			<FrozenPos>false</FrozenPos>
			<HashName>02gate3_l</HashName>
			<InitialHandle>202498</InitialHandle>
			<ObjectProperties>
				<TextureVariation>0</TextureVariation>
			</ObjectProperties>
			<OpacityLevel>255</OpacityLevel>
			<LodDistance>16960</LodDistance>
			<IsVisible>true</IsVisible>
			<MaxHealth>1000</MaxHealth>
			<Health>1000</Health>
			<HasGravity>true</HasGravity>
			<IsOnFire>false</IsOnFire>
			<IsInvincible>false</IsInvincible>
			<IsBulletProof>false</IsBulletProof>
			<IsCollisionProof>false</IsCollisionProof>
			<IsExplosionProof>false</IsExplosionProof>
			<IsFireProof>false</IsFireProof>
			<IsMeleeProof>false</IsMeleeProof>
			<IsOnlyDamagedByPlayer>false</IsOnlyDamagedByPlayer>
			<PositionRotation>
				<X>1320.55994</X>
				<Y>3157.06787</Y>
				<Z>41.213253</Z>
				<Pitch>-0.125994861</Pitch>
				<Roll>89.3906174</Roll>
				<Yaw>105.614265</Yaw>
			</PositionRotation>
			<Attachment isAttached="true">
				<AttachedTo>27650</AttachedTo>
				<BoneIndex>12</BoneIndex>
				<X>0.270000011</X>
				<Y>-0.0799999908</Y>
				<Z>0.379999906</Z>
				<Pitch>0</Pitch>
				<Roll>89.9999924</Roll>
				<Yaw>0</Yaw>
			</Attachment>
		</Attachment>
		<Attachment>
			<ModelHash>0xb46d89ec</ModelHash>
			<Type>3</Type>
			<Dynamic>true</Dynamic>
			<FrozenPos>false</FrozenPos>
			<HashName>02gate3_l</HashName>
			<InitialHandle>393987</InitialHandle>
			<ObjectProperties>
				<TextureVariation>0</TextureVariation>
			</ObjectProperties>
			<OpacityLevel>255</OpacityLevel>
			<LodDistance>16960</LodDistance>
			<IsVisible>true</IsVisible>
			<MaxHealth>1000</MaxHealth>
			<Health>1000</Health>
			<HasGravity>true</HasGravity>
			<IsOnFire>false</IsOnFire>
			<IsInvincible>false</IsInvincible>
			<IsBulletProof>false</IsBulletProof>
			<IsCollisionProof>false</IsCollisionProof>
			<IsExplosionProof>false</IsExplosionProof>
			<IsFireProof>false</IsFireProof>
			<IsMeleeProof>false</IsMeleeProof>
			<IsOnlyDamagedByPlayer>false</IsOnlyDamagedByPlayer>
			<PositionRotation>
				<X>1308.10791</X>
				<Y>3153.55273</Y>
				<Z>41.5351753</Z>
				<Pitch>-9.87343311</Pitch>
				<Roll>0.618523538</Roll>
				<Yaw>-74.2782822</Yaw>
			</PositionRotation>
			<Attachment isAttached="true">
				<AttachedTo>27650</AttachedTo>
				<BoneIndex>41</BoneIndex>
				<X>-0.23999995</X>
				<Y>-0.919999242</Y>
				<Z>-0.520000041</Z>
				<Pitch>-9.99999905</Pitch>
				<Roll>-5.7220459e-06</Roll>
				<Yaw>0</Yaw>
			</Attachment>
		</Attachment>
		<Attachment>
			<ModelHash>0xb46d89ec</ModelHash>
			<Type>3</Type>
			<Dynamic>true</Dynamic>
			<FrozenPos>false</FrozenPos>
			<HashName>02gate3_l</HashName>
			<InitialHandle>434692</InitialHandle>
			<ObjectProperties>
				<TextureVariation>0</TextureVariation>
			</ObjectProperties>
			<OpacityLevel>255</OpacityLevel>
			<LodDistance>16960</LodDistance>
			<IsVisible>true</IsVisible>
			<MaxHealth>1000</MaxHealth>
			<Health>1000</Health>
			<HasGravity>true</HasGravity>
			<IsOnFire>false</IsOnFire>
			<IsInvincible>false</IsInvincible>
			<IsBulletProof>false</IsBulletProof>
			<IsCollisionProof>false</IsCollisionProof>
			<IsExplosionProof>false</IsExplosionProof>
			<IsFireProof>false</IsFireProof>
			<IsMeleeProof>false</IsMeleeProof>
			<IsOnlyDamagedByPlayer>false</IsOnlyDamagedByPlayer>
			<PositionRotation>
				<X>1307.73108</X>
				<Y>3154.90112</Y>
				<Z>41.5500641</Z>
				<Pitch>-9.87343311</Pitch>
				<Roll>0.618523538</Roll>
				<Yaw>-74.2782822</Yaw>
			</PositionRotation>
			<Attachment isAttached="true">
				<AttachedTo>27650</AttachedTo>
				<BoneIndex>41</BoneIndex>
				<X>-1.64000022</X>
				<Y>-0.919999242</Y>
				<Z>-0.520000041</Z>
				<Pitch>-9.99999905</Pitch>
				<Roll>-5.7220459e-06</Roll>
				<Yaw>0</Yaw>
			</Attachment>
		</Attachment>
		<Attachment>
			<ModelHash>0xb46d89ec</ModelHash>
			<Type>3</Type>
			<Dynamic>true</Dynamic>
			<FrozenPos>false</FrozenPos>
			<HashName>02gate3_l</HashName>
			<InitialHandle>73221</InitialHandle>
			<ObjectProperties>
				<TextureVariation>0</TextureVariation>
			</ObjectProperties>
			<OpacityLevel>255</OpacityLevel>
			<LodDistance>16960</LodDistance>
			<IsVisible>true</IsVisible>
			<MaxHealth>1000</MaxHealth>
			<Health>1000</Health>
			<HasGravity>true</HasGravity>
			<IsOnFire>false</IsOnFire>
			<IsInvincible>false</IsInvincible>
			<IsBulletProof>false</IsBulletProof>
			<IsCollisionProof>false</IsCollisionProof>
			<IsExplosionProof>false</IsExplosionProof>
			<IsFireProof>false</IsFireProof>
			<IsMeleeProof>false</IsMeleeProof>
			<IsOnlyDamagedByPlayer>false</IsOnlyDamagedByPlayer>
			<PositionRotation>
				<X>1307.90149</X>
				<Y>3155.10474</Y>
				<Z>41.069313</Z>
				<Pitch>0.609368145</Pitch>
				<Roll>-0.126007438</Roll>
				<Yaw>15.615591</Yaw>
			</PositionRotation>
			<Attachment isAttached="true">
				<AttachedTo>27650</AttachedTo>
				<BoneIndex>5</BoneIndex>
				<X>-0.799999475</X>
				<Y>0.660000086</Y>
				<Z>0.379999906</Z>
				<Pitch>0</Pitch>
				<Roll>-5.7220459e-06</Roll>
				<Yaw>0</Yaw>
			</Attachment>
		</Attachment>
		<Attachment>
			<ModelHash>0xb46d89ec</ModelHash>
			<Type>3</Type>
			<Dynamic>true</Dynamic>
			<FrozenPos>false</FrozenPos>
			<HashName>02gate3_l</HashName>
			<InitialHandle>648453</InitialHandle>
			<ObjectProperties>
				<TextureVariation>0</TextureVariation>
			</ObjectProperties>
			<OpacityLevel>255</OpacityLevel>
			<LodDistance>16960</LodDistance>
			<IsVisible>true</IsVisible>
			<MaxHealth>1000</MaxHealth>
			<Health>1000</Health>
			<HasGravity>true</HasGravity>
			<IsOnFire>false</IsOnFire>
			<IsInvincible>false</IsInvincible>
			<IsBulletProof>false</IsBulletProof>
			<IsCollisionProof>false</IsCollisionProof>
			<IsExplosionProof>false</IsExplosionProof>
			<IsFireProof>false</IsFireProof>
			<IsMeleeProof>false</IsMeleeProof>
			<IsOnlyDamagedByPlayer>false</IsOnlyDamagedByPlayer>
			<PositionRotation>
				<X>1314.06213</X>
				<Y>3156.96118</Y>
				<Z>41.1249809</Z>
				<Pitch>0.609368145</Pitch>
				<Roll>-0.126007438</Roll>
				<Yaw>15.615591</Yaw>
			</PositionRotation>
			<Attachment isAttached="true">
				<AttachedTo>27650</AttachedTo>
				<BoneIndex>8</BoneIndex>
				<X>-0.609999657</X>
				<Y>0.789999962</Y>
				<Z>0.419999868</Z>
				<Pitch>0</Pitch>
				<Roll>-5.7220459e-06</Roll>
				<Yaw>0</Yaw>
			</Attachment>
		</Attachment>
		<Attachment>
			<ModelHash>0xb46d89ec</ModelHash>
			<Type>3</Type>
			<Dynamic>true</Dynamic>
			<FrozenPos>false</FrozenPos>
			<HashName>02gate3_l</HashName>
			<InitialHandle>215046</InitialHandle>
			<ObjectProperties>
				<TextureVariation>0</TextureVariation>
			</ObjectProperties>
			<OpacityLevel>255</OpacityLevel>
			<LodDistance>16960</LodDistance>
			<IsVisible>true</IsVisible>
			<MaxHealth>1000</MaxHealth>
			<Health>1000</Health>
			<HasGravity>true</HasGravity>
			<IsOnFire>false</IsOnFire>
			<IsInvincible>false</IsInvincible>
			<IsBulletProof>false</IsBulletProof>
			<IsCollisionProof>false</IsCollisionProof>
			<IsExplosionProof>false</IsExplosionProof>
			<IsFireProof>false</IsFireProof>
			<IsMeleeProof>false</IsMeleeProof>
			<IsOnlyDamagedByPlayer>false</IsOnlyDamagedByPlayer>
			<PositionRotation>
				<X>1313.25</X>
				<Y>3153.25073</Y>
				<Z>41.0680466</Z>
				<Pitch>-0.609367967</Pitch>
				<Roll>0.125996754</Roll>
				<Yaw>-164.384323</Yaw>
			</PositionRotation>
			<Attachment isAttached="true">
				<AttachedTo>27650</AttachedTo>
				<BoneIndex>41</BoneIndex>
				<X>1.4400003</X>
				<Y>3.94999838</Y>
				<Z>-0.979999423</Z>
				<Pitch>0</Pitch>
				<Roll>-5.7220459e-06</Roll>
				<Yaw>-89.9999924</Yaw>
			</Attachment>
		</Attachment>
		<Attachment>
			<ModelHash>0xb46d89ec</ModelHash>
			<Type>3</Type>
			<Dynamic>true</Dynamic>
			<FrozenPos>false</FrozenPos>
			<HashName>02gate3_l</HashName>
			<InitialHandle>466695</InitialHandle>
			<ObjectProperties>
				<TextureVariation>0</TextureVariation>
			</ObjectProperties>
			<OpacityLevel>255</OpacityLevel>
			<LodDistance>16960</LodDistance>
			<IsVisible>true</IsVisible>
			<MaxHealth>1000</MaxHealth>
			<Health>1000</Health>
			<HasGravity>true</HasGravity>
			<IsOnFire>false</IsOnFire>
			<IsInvincible>false</IsInvincible>
			<IsBulletProof>false</IsBulletProof>
			<IsCollisionProof>false</IsCollisionProof>
			<IsExplosionProof>false</IsExplosionProof>
			<IsFireProof>false</IsFireProof>
			<IsMeleeProof>false</IsMeleeProof>
			<IsOnlyDamagedByPlayer>false</IsOnlyDamagedByPlayer>
			<PositionRotation>
				<X>1320.02905</X>
				<Y>3155.18677</Y>
				<Z>41.0839729</Z>
				<Pitch>-0.609367967</Pitch>
				<Roll>0.125996754</Roll>
				<Yaw>-164.384323</Yaw>
			</PositionRotation>
			<Attachment isAttached="true">
				<AttachedTo>27650</AttachedTo>
				<BoneIndex>41</BoneIndex>
				<X>1.40000033</X>
				<Y>11.0000067</Y>
				<Z>-0.979999423</Z>
				<Pitch>0</Pitch>
				<Roll>-5.7220459e-06</Roll>
				<Yaw>-89.9999924</Yaw>
			</Attachment>
		</Attachment>
		<Attachment>
			<ModelHash>0xb46d89ec</ModelHash>
			<Type>3</Type>
			<Dynamic>true</Dynamic>
			<FrozenPos>false</FrozenPos>
			<HashName>02gate3_l</HashName>
			<InitialHandle>201480</InitialHandle>
			<ObjectProperties>
				<TextureVariation>0</TextureVariation>
			</ObjectProperties>
			<OpacityLevel>255</OpacityLevel>
			<LodDistance>16960</LodDistance>
			<IsVisible>true</IsVisible>
			<MaxHealth>1000</MaxHealth>
			<Health>1000</Health>
			<HasGravity>true</HasGravity>
			<IsOnFire>false</IsOnFire>
			<IsInvincible>false</IsInvincible>
			<IsBulletProof>false</IsBulletProof>
			<IsCollisionProof>false</IsCollisionProof>
			<IsExplosionProof>false</IsExplosionProof>
			<IsFireProof>false</IsFireProof>
			<IsMeleeProof>false</IsMeleeProof>
			<IsOnlyDamagedByPlayer>false</IsOnlyDamagedByPlayer>
			<PositionRotation>
				<X>1320.35925</X>
				<Y>3156.9646</Y>
				<Z>42.6730804</Z>
				<Pitch>0.125995308</Pitch>
				<Roll>90.6093521</Roll>
				<Yaw>-74.3856812</Yaw>
			</PositionRotation>
			<Attachment isAttached="true">
				<AttachedTo>27650</AttachedTo>
				<BoneIndex>41</BoneIndex>
				<X>-0.239999473</X>
				<Y>11.8000059</Y>
				<Z>0.590000391</Z>
				<Pitch>0</Pitch>
				<Roll>89.9999924</Roll>
				<Yaw>5.7220459e-06</Yaw>
			</Attachment>
		</Attachment>
		<Attachment>
			<ModelHash>0xb46d89ec</ModelHash>
			<Type>3</Type>
			<Dynamic>true</Dynamic>
			<FrozenPos>false</FrozenPos>
			<HashName>02gate3_l</HashName>
			<InitialHandle>571913</InitialHandle>
			<ObjectProperties>
				<TextureVariation>0</TextureVariation>
			</ObjectProperties>
			<OpacityLevel>255</OpacityLevel>
			<LodDistance>16960</LodDistance>
			<IsVisible>true</IsVisible>
			<MaxHealth>1000</MaxHealth>
			<Health>1000</Health>
			<HasGravity>true</HasGravity>
			<IsOnFire>false</IsOnFire>
			<IsInvincible>false</IsInvincible>
			<IsBulletProof>false</IsBulletProof>
			<IsCollisionProof>false</IsCollisionProof>
			<IsExplosionProof>false</IsExplosionProof>
			<IsFireProof>false</IsFireProof>
			<IsMeleeProof>false</IsMeleeProof>
			<IsOnlyDamagedByPlayer>false</IsOnlyDamagedByPlayer>
			<PositionRotation>
				<X>1318.64063</X>
				<Y>3158.13721</Y>
				<Z>42.4870567</Z>
				<Pitch>0.609367907</Pitch>
				<Roll>89.8739777</Roll>
				<Yaw>15.6156473</Yaw>
			</PositionRotation>
			<Attachment isAttached="true">
				<AttachedTo>27650</AttachedTo>
				<BoneIndex>41</BoneIndex>
				<X>-1.82999945</X>
				<Y>10.4600058</Y>
				<Z>0.390000403</Z>
				<Pitch>0</Pitch>
				<Roll>89.9999924</Roll>
				<Yaw>90</Yaw>
			</Attachment>
		</Attachment>
		<Attachment>
			<ModelHash>0xb46d89ec</ModelHash>
			<Type>3</Type>
			<Dynamic>true</Dynamic>
			<FrozenPos>false</FrozenPos>
			<HashName>02gate3_l</HashName>
			<InitialHandle>207370</InitialHandle>
			<ObjectProperties>
				<TextureVariation>0</TextureVariation>
			</ObjectProperties>
			<OpacityLevel>255</OpacityLevel>
			<LodDistance>16960</LodDistance>
			<IsVisible>true</IsVisible>
			<MaxHealth>1000</MaxHealth>
			<Health>1000</Health>
			<HasGravity>true</HasGravity>
			<IsOnFire>false</IsOnFire>
			<IsInvincible>false</IsInvincible>
			<IsBulletProof>false</IsBulletProof>
			<IsCollisionProof>false</IsCollisionProof>
			<IsExplosionProof>false</IsExplosionProof>
			<IsFireProof>false</IsFireProof>
			<IsMeleeProof>false</IsMeleeProof>
			<IsOnlyDamagedByPlayer>false</IsOnlyDamagedByPlayer>
			<PositionRotation>
				<X>1316.52722</X>
				<Y>3157.52588</Y>
				<Z>42.4820061</Z>
				<Pitch>0.609367907</Pitch>
				<Roll>89.8739777</Roll>
				<Yaw>15.6156473</Yaw>
			</PositionRotation>
			<Attachment isAttached="true">
				<AttachedTo>27650</AttachedTo>
				<BoneIndex>41</BoneIndex>
				<X>-1.80999947</X>
				<Y>8.25999355</Y>
				<Z>0.390000403</Z>
				<Pitch>0</Pitch>
				<Roll>89.9999924</Roll>
				<Yaw>90</Yaw>
			</Attachment>
		</Attachment>
		<Attachment>
			<ModelHash>0xb46d89ec</ModelHash>
			<Type>3</Type>
			<Dynamic>true</Dynamic>
			<FrozenPos>false</FrozenPos>
			<HashName>02gate3_l</HashName>
			<InitialHandle>523530</InitialHandle>
			<ObjectProperties>
				<TextureVariation>0</TextureVariation>
			</ObjectProperties>
			<OpacityLevel>255</OpacityLevel>
			<LodDistance>16960</LodDistance>
			<IsVisible>true</IsVisible>
			<MaxHealth>1000</MaxHealth>
			<Health>1000</Health>
			<HasGravity>true</HasGravity>
			<IsOnFire>false</IsOnFire>
			<IsInvincible>false</IsInvincible>
			<IsBulletProof>false</IsBulletProof>
			<IsCollisionProof>false</IsCollisionProof>
			<IsExplosionProof>false</IsExplosionProof>
			<IsFireProof>false</IsFireProof>
			<IsMeleeProof>false</IsMeleeProof>
			<IsOnlyDamagedByPlayer>false</IsOnlyDamagedByPlayer>
			<PositionRotation>
				<X>1313.09705</X>
				<Y>3156.53613</Y>
				<Z>42.473835</Z>
				<Pitch>0.609367907</Pitch>
				<Roll>89.8739777</Roll>
				<Yaw>15.6156473</Yaw>
			</PositionRotation>
			<Attachment isAttached="true">
				<AttachedTo>27650</AttachedTo>
				<BoneIndex>41</BoneIndex>
				<X>-1.77999949</X>
				<Y>4.6899929</Y>
				<Z>0.390000403</Z>
				<Pitch>0</Pitch>
				<Roll>89.9999924</Roll>
				<Yaw>90</Yaw>
			</Attachment>
		</Attachment>
		<Attachment>
			<ModelHash>0xb46d89ec</ModelHash>
			<Type>3</Type>
			<Dynamic>true</Dynamic>
			<FrozenPos>false</FrozenPos>
			<HashName>02gate3_l</HashName>
			<InitialHandle>718090</InitialHandle>
			<ObjectProperties>
				<TextureVariation>0</TextureVariation>
			</ObjectProperties>
			<OpacityLevel>255</OpacityLevel>
			<LodDistance>16960</LodDistance>
			<IsVisible>true</IsVisible>
			<MaxHealth>1000</MaxHealth>
			<Health>1000</Health>
			<HasGravity>true</HasGravity>
			<IsOnFire>false</IsOnFire>
			<IsInvincible>false</IsInvincible>
			<IsBulletProof>false</IsBulletProof>
			<IsCollisionProof>false</IsCollisionProof>
			<IsExplosionProof>false</IsExplosionProof>
			<IsFireProof>false</IsFireProof>
			<IsMeleeProof>false</IsMeleeProof>
			<IsOnlyDamagedByPlayer>false</IsOnlyDamagedByPlayer>
			<PositionRotation>
				<X>1310.50208</X>
				<Y>3155.79004</Y>
				<Z>42.4676857</Z>
				<Pitch>0.609367907</Pitch>
				<Roll>89.8739777</Roll>
				<Yaw>15.6156473</Yaw>
			</PositionRotation>
			<Attachment isAttached="true">
				<AttachedTo>27650</AttachedTo>
				<BoneIndex>41</BoneIndex>
				<X>-1.75999951</X>
				<Y>1.98999536</Y>
				<Z>0.390000403</Z>
				<Pitch>0</Pitch>
				<Roll>89.9999924</Roll>
				<Yaw>90</Yaw>
			</Attachment>
		</Attachment>
		<Attachment>
			<ModelHash>0xb46d89ec</ModelHash>
			<Type>3</Type>
			<Dynamic>true</Dynamic>
			<FrozenPos>false</FrozenPos>
			<HashName>02gate3_l</HashName>
			<InitialHandle>277771</InitialHandle>
			<ObjectProperties>
				<TextureVariation>0</TextureVariation>
			</ObjectProperties>
			<OpacityLevel>255</OpacityLevel>
			<LodDistance>16960</LodDistance>
			<IsVisible>true</IsVisible>
			<MaxHealth>1000</MaxHealth>
			<Health>1000</Health>
			<HasGravity>true</HasGravity>
			<IsOnFire>false</IsOnFire>
			<IsInvincible>false</IsInvincible>
			<IsBulletProof>false</IsBulletProof>
			<IsCollisionProof>false</IsCollisionProof>
			<IsExplosionProof>false</IsExplosionProof>
			<IsFireProof>false</IsFireProof>
			<IsMeleeProof>false</IsMeleeProof>
			<IsOnlyDamagedByPlayer>false</IsOnlyDamagedByPlayer>
			<PositionRotation>
				<X>1309.90527</X>
				<Y>3152.35376</Y>
				<Z>42.3308945</Z>
				<Pitch>0.609367907</Pitch>
				<Roll>89.8739777</Roll>
				<Yaw>15.6156473</Yaw>
			</PositionRotation>
			<Attachment isAttached="true">
				<AttachedTo>27650</AttachedTo>
				<BoneIndex>41</BoneIndex>
				<X>1.39000094</X>
				<Y>0.489995033</Y>
				<Z>0.290000409</Z>
				<Pitch>0</Pitch>
				<Roll>89.9999924</Roll>
				<Yaw>90</Yaw>
			</Attachment>
		</Attachment>
		<Attachment>
			<ModelHash>0xb46d89ec</ModelHash>
			<Type>3</Type>
			<Dynamic>true</Dynamic>
			<FrozenPos>false</FrozenPos>
			<HashName>02gate3_l</HashName>
			<InitialHandle>661259</InitialHandle>
			<ObjectProperties>
				<TextureVariation>0</TextureVariation>
			</ObjectProperties>
			<OpacityLevel>255</OpacityLevel>
			<LodDistance>16960</LodDistance>
			<IsVisible>true</IsVisible>
			<MaxHealth>1000</MaxHealth>
			<Health>1000</Health>
			<HasGravity>true</HasGravity>
			<IsOnFire>false</IsOnFire>
			<IsInvincible>false</IsInvincible>
			<IsBulletProof>false</IsBulletProof>
			<IsCollisionProof>false</IsCollisionProof>
			<IsExplosionProof>false</IsExplosionProof>
			<IsFireProof>false</IsFireProof>
			<IsMeleeProof>false</IsMeleeProof>
			<IsOnlyDamagedByPlayer>false</IsOnlyDamagedByPlayer>
			<PositionRotation>
				<X>1310.74316</X>
				<Y>3152.58813</Y>
				<Z>42.3328056</Z>
				<Pitch>0.609367907</Pitch>
				<Roll>89.8739777</Roll>
				<Yaw>15.6156473</Yaw>
			</PositionRotation>
			<Attachment isAttached="true">
				<AttachedTo>27650</AttachedTo>
				<BoneIndex>41</BoneIndex>
				<X>1.39000094</X>
				<Y>1.35999429</Y>
				<Z>0.290000409</Z>
				<Pitch>0</Pitch>
				<Roll>89.9999924</Roll>
				<Yaw>90</Yaw>
			</Attachment>
		</Attachment>
		<Attachment>
			<ModelHash>0xb46d89ec</ModelHash>
			<Type>3</Type>
			<Dynamic>true</Dynamic>
			<FrozenPos>false</FrozenPos>
			<HashName>02gate3_l</HashName>
			<InitialHandle>73740</InitialHandle>
			<ObjectProperties>
				<TextureVariation>0</TextureVariation>
			</ObjectProperties>
			<OpacityLevel>255</OpacityLevel>
			<LodDistance>16960</LodDistance>
			<IsVisible>true</IsVisible>
			<MaxHealth>1000</MaxHealth>
			<Health>1000</Health>
			<HasGravity>true</HasGravity>
			<IsOnFire>false</IsOnFire>
			<IsInvincible>false</IsInvincible>
			<IsBulletProof>false</IsBulletProof>
			<IsCollisionProof>false</IsCollisionProof>
			<IsExplosionProof>false</IsExplosionProof>
			<IsFireProof>false</IsFireProof>
			<IsMeleeProof>false</IsMeleeProof>
			<IsOnlyDamagedByPlayer>false</IsOnlyDamagedByPlayer>
			<PositionRotation>
				<X>1314.30115</X>
				<Y>3153.60327</Y>
				<Z>42.341156</Z>
				<Pitch>0.609367907</Pitch>
				<Roll>89.8739777</Roll>
				<Yaw>15.6156473</Yaw>
			</PositionRotation>
			<Attachment isAttached="true">
				<AttachedTo>27650</AttachedTo>
				<BoneIndex>41</BoneIndex>
				<X>1.37000096</X>
				<Y>5.05999184</Y>
				<Z>0.290000409</Z>
				<Pitch>0</Pitch>
				<Roll>89.9999924</Roll>
				<Yaw>90</Yaw>
			</Attachment>
		</Attachment>
		<Attachment>
			<ModelHash>0xb46d89ec</ModelHash>
			<Type>3</Type>
			<Dynamic>true</Dynamic>
			<FrozenPos>false</FrozenPos>
			<HashName>02gate3_l</HashName>
			<InitialHandle>307980</InitialHandle>
			<ObjectProperties>
				<TextureVariation>0</TextureVariation>
			</ObjectProperties>
			<OpacityLevel>255</OpacityLevel>
			<LodDistance>16960</LodDistance>
			<IsVisible>true</IsVisible>
			<MaxHealth>1000</MaxHealth>
			<Health>1000</Health>
			<HasGravity>true</HasGravity>
			<IsOnFire>false</IsOnFire>
			<IsInvincible>false</IsInvincible>
			<IsBulletProof>false</IsBulletProof>
			<IsCollisionProof>false</IsCollisionProof>
			<IsExplosionProof>false</IsExplosionProof>
			<IsFireProof>false</IsFireProof>
			<IsMeleeProof>false</IsMeleeProof>
			<IsOnlyDamagedByPlayer>false</IsOnlyDamagedByPlayer>
			<PositionRotation>
				<X>1316.41455</X>
				<Y>3154.2146</Y>
				<Z>42.3462067</Z>
				<Pitch>0.609367907</Pitch>
				<Roll>89.8739777</Roll>
				<Yaw>15.6156473</Yaw>
			</PositionRotation>
			<Attachment isAttached="true">
				<AttachedTo>27650</AttachedTo>
				<BoneIndex>41</BoneIndex>
				<X>1.35000098</X>
				<Y>7.25998974</Y>
				<Z>0.290000409</Z>
				<Pitch>0</Pitch>
				<Roll>89.9999924</Roll>
				<Yaw>90</Yaw>
			</Attachment>
		</Attachment>
		<Attachment>
			<ModelHash>0xb46d89ec</ModelHash>
			<Type>3</Type>
			<Dynamic>true</Dynamic>
			<FrozenPos>false</FrozenPos>
			<HashName>02gate3_l</HashName>
			<InitialHandle>463372</InitialHandle>
			<ObjectProperties>
				<TextureVariation>0</TextureVariation>
			</ObjectProperties>
			<OpacityLevel>255</OpacityLevel>
			<LodDistance>16960</LodDistance>
			<IsVisible>true</IsVisible>
			<MaxHealth>1000</MaxHealth>
			<Health>1000</Health>
			<HasGravity>true</HasGravity>
			<IsOnFire>false</IsOnFire>
			<IsInvincible>false</IsInvincible>
			<IsBulletProof>false</IsBulletProof>
			<IsCollisionProof>false</IsCollisionProof>
			<IsExplosionProof>false</IsExplosionProof>
			<IsFireProof>false</IsFireProof>
			<IsMeleeProof>false</IsMeleeProof>
			<IsOnlyDamagedByPlayer>false</IsOnlyDamagedByPlayer>
			<PositionRotation>
				<X>1317.61316</X>
				<Y>3154.57031</Y>
				<Z>42.3491669</Z>
				<Pitch>0.609367907</Pitch>
				<Roll>89.8739777</Roll>
				<Yaw>15.6156473</Yaw>
			</PositionRotation>
			<Attachment isAttached="true">
				<AttachedTo>27650</AttachedTo>
				<BoneIndex>41</BoneIndex>
				<X>1.330001</X>
				<Y>8.51001835</Y>
				<Z>0.290000409</Z>
				<Pitch>0</Pitch>
				<Roll>89.9999924</Roll>
				<Yaw>90</Yaw>
			</Attachment>
		</Attachment>
		<Attachment>
			<ModelHash>0xb46d89ec</ModelHash>
			<Type>3</Type>
			<Dynamic>true</Dynamic>
			<FrozenPos>false</FrozenPos>
			<HashName>02gate3_l</HashName>
			<InitialHandle>136461</InitialHandle>
			<ObjectProperties>
				<TextureVariation>0</TextureVariation>
			</ObjectProperties>
			<OpacityLevel>255</OpacityLevel>
			<LodDistance>16960</LodDistance>
			<IsVisible>true</IsVisible>
			<MaxHealth>1000</MaxHealth>
			<Health>1000</Health>
			<HasGravity>true</HasGravity>
			<IsOnFire>false</IsOnFire>
			<IsInvincible>false</IsInvincible>
			<IsBulletProof>false</IsBulletProof>
			<IsCollisionProof>false</IsCollisionProof>
			<IsExplosionProof>false</IsExplosionProof>
			<IsFireProof>false</IsFireProof>
			<IsMeleeProof>false</IsMeleeProof>
			<IsOnlyDamagedByPlayer>false</IsOnlyDamagedByPlayer>
			<PositionRotation>
				<X>1310.99329</X>
				<Y>3155.92725</Y>
				<Z>42.4688072</Z>
				<Pitch>0.609367907</Pitch>
				<Roll>89.8739777</Roll>
				<Yaw>15.6156473</Yaw>
			</PositionRotation>
			<Attachment isAttached="true">
				<AttachedTo>27650</AttachedTo>
				<BoneIndex>41</BoneIndex>
				<X>-1.75999951</X>
				<Y>2.49997878</Y>
				<Z>0.390000403</Z>
				<Pitch>0</Pitch>
				<Roll>89.9999924</Roll>
				<Yaw>90</Yaw>
			</Attachment>
		</Attachment>
		<Attachment>
			<ModelHash>0xee8c528f</ModelHash>
			<Type>3</Type>
			<Dynamic>true</Dynamic>
			<FrozenPos>false</FrozenPos>
			<HashName>prop_rail_buffer_02</HashName>
			<InitialHandle>532751</InitialHandle>
			<ObjectProperties>
				<TextureVariation>0</TextureVariation>
			</ObjectProperties>
			<OpacityLevel>255</OpacityLevel>
			<LodDistance>16960</LodDistance>
			<IsVisible>true</IsVisible>
			<MaxHealth>1000</MaxHealth>
			<Health>1000</Health>
			<HasGravity>true</HasGravity>
			<IsOnFire>false</IsOnFire>
			<IsInvincible>false</IsInvincible>
			<IsBulletProof>false</IsBulletProof>
			<IsCollisionProof>false</IsCollisionProof>
			<IsExplosionProof>false</IsExplosionProof>
			<IsFireProof>false</IsFireProof>
			<IsMeleeProof>false</IsMeleeProof>
			<IsOnlyDamagedByPlayer>false</IsOnlyDamagedByPlayer>
			<PositionRotation>
				<X>1320.17627</X>
				<Y>3156.8894</Y>
				<Z>41.0823097</Z>
				<Pitch>-0.609367967</Pitch>
				<Roll>-179.874008</Roll>
				<Yaw>-164.384323</Yaw>
			</PositionRotation>
			<Attachment isAttached="true">
				<AttachedTo>27650</AttachedTo>
				<BoneIndex>41</BoneIndex>
				<X>-0.19999963</X>
				<Y>11.5999937</Y>
				<Z>-0.99999994</Z>
				<Pitch>0</Pitch>
				<Roll>179.999985</Roll>
				<Yaw>-89.9999924</Yaw>
			</Attachment>
		</Attachment>
		<Attachment>
			<ModelHash>0xee8c528f</ModelHash>
			<Type>3</Type>
			<Dynamic>true</Dynamic>
			<FrozenPos>false</FrozenPos>
			<HashName>prop_rail_buffer_02</HashName>
			<InitialHandle>30222</InitialHandle>
			<ObjectProperties>
				<TextureVariation>0</TextureVariation>
			</ObjectProperties>
			<OpacityLevel>255</OpacityLevel>
			<LodDistance>16960</LodDistance>
			<IsVisible>true</IsVisible>
			<MaxHealth>1000</MaxHealth>
			<Health>1000</Health>
			<HasGravity>true</HasGravity>
			<IsOnFire>false</IsOnFire>
			<IsInvincible>false</IsInvincible>
			<IsBulletProof>false</IsBulletProof>
			<IsCollisionProof>false</IsCollisionProof>
			<IsExplosionProof>false</IsExplosionProof>
			<IsFireProof>false</IsFireProof>
			<IsMeleeProof>false</IsMeleeProof>
			<IsOnlyDamagedByPlayer>false</IsOnlyDamagedByPlayer>
			<PositionRotation>
				<X>1307.27075</X>
				<Y>3153.28271</Y>
				<Z>41.0528412</Z>
				<Pitch>-0.609367967</Pitch>
				<Roll>-179.874008</Roll>
				<Yaw>-164.384323</Yaw>
			</PositionRotation>
			<Attachment isAttached="true">
				<AttachedTo>27650</AttachedTo>
				<BoneIndex>41</BoneIndex>
				<X>-0.19999963</X>
				<Y>-1.80000639</Y>
				<Z>-0.99999994</Z>
				<Pitch>0</Pitch>
				<Roll>179.999985</Roll>
				<Yaw>-89.9999924</Yaw>
			</Attachment>
		</Attachment>
		<Attachment>
			<ModelHash>0xee8c528f</ModelHash>
			<Type>3</Type>
			<Dynamic>true</Dynamic>
			<FrozenPos>false</FrozenPos>
			<HashName>prop_rail_buffer_02</HashName>
			<InitialHandle>135442</InitialHandle>
			<ObjectProperties>
				<TextureVariation>0</TextureVariation>
			</ObjectProperties>
			<OpacityLevel>255</OpacityLevel>
			<LodDistance>16960</LodDistance>
			<IsVisible>true</IsVisible>
			<MaxHealth>1000</MaxHealth>
			<Health>1000</Health>
			<HasGravity>true</HasGravity>
			<IsOnFire>false</IsOnFire>
			<IsInvincible>false</IsInvincible>
			<IsBulletProof>false</IsBulletProof>
			<IsCollisionProof>false</IsCollisionProof>
			<IsExplosionProof>false</IsExplosionProof>
			<IsFireProof>false</IsFireProof>
			<IsMeleeProof>false</IsMeleeProof>
			<IsOnlyDamagedByPlayer>false</IsOnlyDamagedByPlayer>
			<PositionRotation>
				<X>1306.77966</X>
				<Y>3153.14551</Y>
				<Z>41.0517197</Z>
				<Pitch>-0.609368026</Pitch>
				<Roll>0.125989109</Roll>
				<Yaw>-164.384323</Yaw>
			</PositionRotation>
			<Attachment isAttached="true">
				<AttachedTo>27650</AttachedTo>
				<BoneIndex>41</BoneIndex>
				<X>-0.19999963</X>
				<Y>-2.3100059</Y>
				<Z>-0.99999994</Z>
				<Pitch>0</Pitch>
				<Roll>-1.33514404e-05</Roll>
				<Yaw>-89.9999924</Yaw>
			</Attachment>
		</Attachment>
		<Attachment>
			<ModelHash>0x2de9f1e4</ModelHash>
			<Type>3</Type>
			<Dynamic>true</Dynamic>
			<FrozenPos>false</FrozenPos>
			<HashName>prop_diggerbkt_01</HashName>
			<InitialHandle>563730</InitialHandle>
			<ObjectProperties>
				<TextureVariation>0</TextureVariation>
			</ObjectProperties>
			<OpacityLevel>255</OpacityLevel>
			<LodDistance>16960</LodDistance>
			<IsVisible>true</IsVisible>
			<MaxHealth>1000</MaxHealth>
			<Health>1000</Health>
			<HasGravity>true</HasGravity>
			<IsOnFire>false</IsOnFire>
			<IsInvincible>false</IsInvincible>
			<IsBulletProof>false</IsBulletProof>
			<IsCollisionProof>false</IsCollisionProof>
			<IsExplosionProof>false</IsExplosionProof>
			<IsFireProof>false</IsFireProof>
			<IsMeleeProof>false</IsMeleeProof>
			<IsOnlyDamagedByPlayer>false</IsOnlyDamagedByPlayer>
			<PositionRotation>
				<X>1306.21021</X>
				<Y>3153.00391</Y>
				<Z>39.4505196</Z>
				<Pitch>-0.126008481</Pitch>
				<Roll>-0.609369457</Roll>
				<Yaw>105.614296</Yaw>
			</PositionRotation>
			<Attachment isAttached="true">
				<AttachedTo>27650</AttachedTo>
				<BoneIndex>41</BoneIndex>
				<X>-0.199999928</X>
				<Y>-2.89999938</Y>
				<Z>-2.59999967</Z>
				<Pitch>-1.33514404e-05</Pitch>
				<Roll>0</Roll>
				<Yaw>-180</Yaw>
			</Attachment>
		</Attachment>
		<Attachment>
			<ModelHash>0xb87e6de1</ModelHash>
			<Type>3</Type>
			<Dynamic>true</Dynamic>
			<FrozenPos>false</FrozenPos>
			<HashName>prop_plas_barier_01a</HashName>
			<InitialHandle>6681</InitialHandle>
			<ObjectProperties>
				<TextureVariation>0</TextureVariation>
			</ObjectProperties>
			<OpacityLevel>255</OpacityLevel>
			<LodDistance>16960</LodDistance>
			<IsVisible>true</IsVisible>
			<MaxHealth>1000</MaxHealth>
			<Health>999</Health>
			<HasGravity>true</HasGravity>
			<IsOnFire>false</IsOnFire>
			<IsInvincible>false</IsInvincible>
			<IsBulletProof>false</IsBulletProof>
			<IsCollisionProof>false</IsCollisionProof>
			<IsExplosionProof>false</IsExplosionProof>
			<IsFireProof>false</IsFireProof>
			<IsMeleeProof>false</IsMeleeProof>
			<IsOnlyDamagedByPlayer>false</IsOnlyDamagedByPlayer>
			<PositionRotation>
				<X>1310.93262</X>
				<Y>3152.45044</Y>
				<Z>39.8410263</Z>
				<Pitch>0.609368026</Pitch>
				<Roll>-0.126002163</Roll>
				<Yaw>15.615634</Yaw>
			</PositionRotation>
			<Attachment isAttached="true">
				<AttachedTo>27650</AttachedTo>
				<BoneIndex>41</BoneIndex>
				<X>1.60000014</X>
				<Y>1.50000012</Y>
				<Z>-2.19999981</Z>
				<Pitch>0</Pitch>
				<Roll>0</Roll>
				<Yaw>89.9999924</Yaw>
			</Attachment>
		</Attachment>
		<Attachment>
			<ModelHash>0xb87e6de1</ModelHash>
			<Type>3</Type>
			<Dynamic>true</Dynamic>
			<FrozenPos>false</FrozenPos>
			<HashName>prop_plas_barier_01a</HashName>
			<InitialHandle>598297</InitialHandle>
			<ObjectProperties>
				<TextureVariation>0</TextureVariation>
			</ObjectProperties>
			<OpacityLevel>255</OpacityLevel>
			<LodDistance>16960</LodDistance>
			<IsVisible>true</IsVisible>
			<MaxHealth>1000</MaxHealth>
			<Health>999</Health>
			<HasGravity>true</HasGravity>
			<IsOnFire>false</IsOnFire>
			<IsInvincible>false</IsInvincible>
			<IsBulletProof>false</IsBulletProof>
			<IsCollisionProof>false</IsCollisionProof>
			<IsExplosionProof>false</IsExplosionProof>
			<IsFireProof>false</IsFireProof>
			<IsMeleeProof>false</IsMeleeProof>
			<IsOnlyDamagedByPlayer>false</IsOnlyDamagedByPlayer>
			<PositionRotation>
				<X>1317.38538</X>
				<Y>3154.25391</Y>
				<Z>39.8557587</Z>
				<Pitch>0.609368026</Pitch>
				<Roll>-0.126002163</Roll>
				<Yaw>15.615634</Yaw>
			</PositionRotation>
			<Attachment isAttached="true">
				<AttachedTo>27650</AttachedTo>
				<BoneIndex>41</BoneIndex>
				<X>1.60000014</X>
				<Y>8.19999504</Y>
				<Z>-2.19999981</Z>
				<Pitch>0</Pitch>
				<Roll>0</Roll>
				<Yaw>89.9999924</Yaw>
			</Attachment>
		</Attachment>
		<Attachment>
			<ModelHash>0xb87e6de1</ModelHash>
			<Type>3</Type>
			<Dynamic>true</Dynamic>
			<FrozenPos>false</FrozenPos>
			<HashName>prop_plas_barier_01a</HashName>
			<InitialHandle>782617</InitialHandle>
			<ObjectProperties>
				<TextureVariation>0</TextureVariation>
			</ObjectProperties>
			<OpacityLevel>255</OpacityLevel>
			<LodDistance>16960</LodDistance>
			<IsVisible>true</IsVisible>
			<MaxHealth>1000</MaxHealth>
			<Health>999</Health>
			<HasGravity>true</HasGravity>
			<IsOnFire>false</IsOnFire>
			<IsInvincible>false</IsInvincible>
			<IsBulletProof>false</IsBulletProof>
			<IsCollisionProof>false</IsCollisionProof>
			<IsExplosionProof>false</IsExplosionProof>
			<IsFireProof>false</IsFireProof>
			<IsMeleeProof>false</IsMeleeProof>
			<IsOnlyDamagedByPlayer>false</IsOnlyDamagedByPlayer>
			<PositionRotation>
				<X>1316.40283</X>
				<Y>3157.7688</Y>
				<Z>39.8945808</Z>
				<Pitch>0.609368026</Pitch>
				<Roll>-0.126002163</Roll>
				<Yaw>15.615634</Yaw>
			</PositionRotation>
			<Attachment isAttached="true">
				<AttachedTo>27650</AttachedTo>
				<BoneIndex>41</BoneIndex>
				<X>-2.05000019</X>
				<Y>8.19999504</Y>
				<Z>-2.19999981</Z>
				<Pitch>0</Pitch>
				<Roll>0</Roll>
				<Yaw>89.9999924</Yaw>
			</Attachment>
		</Attachment>
		<Attachment>
			<ModelHash>0xb87e6de1</ModelHash>
			<Type>3</Type>
			<Dynamic>true</Dynamic>
			<FrozenPos>false</FrozenPos>
			<HashName>prop_plas_barier_01a</HashName>
			<InitialHandle>352282</InitialHandle>
			<ObjectProperties>
				<TextureVariation>0</TextureVariation>
			</ObjectProperties>
			<OpacityLevel>255</OpacityLevel>
			<LodDistance>16960</LodDistance>
			<IsVisible>true</IsVisible>
			<MaxHealth>1000</MaxHealth>
			<Health>999</Health>
			<HasGravity>true</HasGravity>
			<IsOnFire>false</IsOnFire>
			<IsInvincible>false</IsInvincible>
			<IsBulletProof>false</IsBulletProof>
			<IsCollisionProof>false</IsCollisionProof>
			<IsExplosionProof>false</IsExplosionProof>
			<IsFireProof>false</IsFireProof>
			<IsMeleeProof>false</IsMeleeProof>
			<IsOnlyDamagedByPlayer>false</IsOnlyDamagedByPlayer>
			<PositionRotation>
				<X>1310.14282</X>
				<Y>3156.01929</Y>
				<Z>39.8802872</Z>
				<Pitch>0.609368026</Pitch>
				<Roll>-0.126002163</Roll>
				<Yaw>15.615634</Yaw>
			</PositionRotation>
			<Attachment isAttached="true">
				<AttachedTo>27650</AttachedTo>
				<BoneIndex>41</BoneIndex>
				<X>-2.05000019</X>
				<Y>1.70000041</Y>
				<Z>-2.19999981</Z>
				<Pitch>0</Pitch>
				<Roll>0</Roll>
				<Yaw>89.9999924</Yaw>
			</Attachment>
		</Attachment>
		<Attachment>
			<ModelHash>0xc0894af7</ModelHash>
			<Type>3</Type>
			<Dynamic>true</Dynamic>
			<FrozenPos>false</FrozenPos>
			<HashName>prop_dock_crane_lift</HashName>
			<InitialHandle>522011</InitialHandle>
			<ObjectProperties>
				<TextureVariation>0</TextureVariation>
			</ObjectProperties>
			<OpacityLevel>255</OpacityLevel>
			<LodDistance>16960</LodDistance>
			<IsVisible>true</IsVisible>
			<MaxHealth>1000</MaxHealth>
			<Health>1000</Health>
			<HasGravity>true</HasGravity>
			<IsOnFire>false</IsOnFire>
			<IsInvincible>false</IsInvincible>
			<IsBulletProof>false</IsBulletProof>
			<IsCollisionProof>false</IsCollisionProof>
			<IsExplosionProof>false</IsExplosionProof>
			<IsFireProof>false</IsFireProof>
			<IsMeleeProof>false</IsMeleeProof>
			<IsOnlyDamagedByPlayer>false</IsOnlyDamagedByPlayer>
			<PositionRotation>
				<X>1318.73291</X>
				<Y>3158.11499</Y>
				<Z>41.1966705</Z>
				<Pitch>-0.125995427</Pitch>
				<Roll>-0.609369397</Roll>
				<Yaw>105.614319</Yaw>
			</PositionRotation>
			<Attachment isAttached="true">
				<AttachedTo>27650</AttachedTo>
				<BoneIndex>41</BoneIndex>
				<X>-1.76999962</X>
				<Y>10.5400124</Y>
				<Z>-0.900000095</Z>
				<Pitch>0</Pitch>
				<Roll>0</Roll>
				<Yaw>-179.999985</Yaw>
			</Attachment>
		</Attachment>
		<Attachment>
			<ModelHash>0xda00c515</ModelHash>
			<Type>3</Type>
			<Dynamic>true</Dynamic>
			<FrozenPos>false</FrozenPos>
			<HashName>hei_prop_hei_carrier_disp_01</HashName>
			<InitialHandle>519205</InitialHandle>
			<ObjectProperties>
				<TextureVariation>0</TextureVariation>
			</ObjectProperties>
			<OpacityLevel>255</OpacityLevel>
			<LodDistance>16960</LodDistance>
			<IsVisible>true</IsVisible>
			<MaxHealth>1000</MaxHealth>
			<Health>1000</Health>
			<HasGravity>true</HasGravity>
			<IsOnFire>false</IsOnFire>
			<IsInvincible>false</IsInvincible>
			<IsBulletProof>false</IsBulletProof>
			<IsCollisionProof>false</IsCollisionProof>
			<IsExplosionProof>false</IsExplosionProof>
			<IsFireProof>false</IsFireProof>
			<IsMeleeProof>false</IsMeleeProof>
			<IsOnlyDamagedByPlayer>false</IsOnlyDamagedByPlayer>
			<PositionRotation>
				<X>1308.97034</X>
				<Y>3152.38916</Y>
				<Z>42.7419968</Z>
				<Pitch>-0.488210589</Pitch>
				<Roll>-0.385823101</Roll>
				<Yaw>145.613312</Yaw>
			</PositionRotation>
			<Attachment isAttached="true">
				<AttachedTo>27650</AttachedTo>
				<BoneIndex>41</BoneIndex>
				<X>1.10000002</X>
				<Y>-0.399999976</Y>
				<Z>0.699999928</Z>
				<Pitch>0</Pitch>
				<Roll>0</Roll>
				<Yaw>-140.000015</Yaw>
			</Attachment>
		</Attachment>
		<Attachment>
			<ModelHash>0x2250786a</ModelHash>
			<Type>3</Type>
			<Dynamic>true</Dynamic>
			<FrozenPos>false</FrozenPos>
			<HashName>prop_rub_carpart_05</HashName>
			<InitialHandle>390184</InitialHandle>
			<ObjectProperties>
				<TextureVariation>0</TextureVariation>
			</ObjectProperties>
			<OpacityLevel>255</OpacityLevel>
			<LodDistance>16960</LodDistance>
			<IsVisible>true</IsVisible>
			<MaxHealth>1000</MaxHealth>
			<Health>1000</Health>
			<HasGravity>true</HasGravity>
			<IsOnFire>false</IsOnFire>
			<IsInvincible>false</IsInvincible>
			<IsBulletProof>false</IsBulletProof>
			<IsCollisionProof>false</IsCollisionProof>
			<IsExplosionProof>false</IsExplosionProof>
			<IsFireProof>false</IsFireProof>
			<IsMeleeProof>false</IsMeleeProof>
			<IsOnlyDamagedByPlayer>false</IsOnlyDamagedByPlayer>
			<PositionRotation>
				<X>1309.46545</X>
				<Y>3152.86768</Y>
				<Z>40.1466599</Z>
				<Pitch>-0.125994951</Pitch>
				<Roll>-0.609369457</Roll>
				<Yaw>105.614273</Yaw>
			</PositionRotation>
			<Attachment isAttached="true">
				<AttachedTo>27650</AttachedTo>
				<BoneIndex>41</BoneIndex>
				<X>0.799999952</X>
				<Y>0.199999988</Y>
				<Z>-1.90000021</Z>
				<Pitch>0</Pitch>
				<Roll>0</Roll>
				<Yaw>179.999985</Yaw>
			</Attachment>
		</Attachment>
		<Attachment>
			<ModelHash>0xdf97f49c</ModelHash>
			<Type>3</Type>
			<Dynamic>true</Dynamic>
			<FrozenPos>false</FrozenPos>
			<HashName>hei_prop_server_piece_lights</HashName>
			<InitialHandle>287019</InitialHandle>
			<ObjectProperties>
				<TextureVariation>0</TextureVariation>
			</ObjectProperties>
			<OpacityLevel>255</OpacityLevel>
			<LodDistance>16960</LodDistance>
			<IsVisible>true</IsVisible>
			<MaxHealth>1000</MaxHealth>
			<Health>1000</Health>
			<HasGravity>true</HasGravity>
			<IsOnFire>false</IsOnFire>
			<IsInvincible>false</IsInvincible>
			<IsBulletProof>false</IsBulletProof>
			<IsCollisionProof>false</IsCollisionProof>
			<IsExplosionProof>false</IsExplosionProof>
			<IsFireProof>false</IsFireProof>
			<IsMeleeProof>false</IsMeleeProof>
			<IsOnlyDamagedByPlayer>false</IsOnlyDamagedByPlayer>
			<PositionRotation>
				<X>1308.67029</X>
				<Y>3152.72607</Y>
				<Z>40.8907547</Z>
				<Pitch>-25.2534332</Pitch>
				<Roll>-0.673762321</Roll>
				<Yaw>105.328148</Yaw>
			</PositionRotation>
			<Attachment isAttached="true">
				<AttachedTo>27650</AttachedTo>
				<BoneIndex>80</BoneIndex>
				<X>0.0799999908</X>
				<Y>0.159999996</Y>
				<Z>0.0899999887</Z>
				<Pitch>0</Pitch>
				<Roll>0</Roll>
				<Yaw>0</Yaw>
			</Attachment>
		</Attachment>
		<Attachment>
			<ModelHash>0x8b15792e</ModelHash>
			<Type>3</Type>
			<Dynamic>true</Dynamic>
			<FrozenPos>false</FrozenPos>
			<HashName>prop_roofpipe_03</HashName>
			<InitialHandle>438574</InitialHandle>
			<ObjectProperties>
				<TextureVariation>0</TextureVariation>
			</ObjectProperties>
			<OpacityLevel>255</OpacityLevel>
			<LodDistance>16960</LodDistance>
			<IsVisible>true</IsVisible>
			<MaxHealth>1000</MaxHealth>
			<Health>1000</Health>
			<HasGravity>true</HasGravity>
			<IsOnFire>false</IsOnFire>
			<IsInvincible>false</IsInvincible>
			<IsBulletProof>false</IsBulletProof>
			<IsCollisionProof>false</IsCollisionProof>
			<IsExplosionProof>false</IsExplosionProof>
			<IsFireProof>false</IsFireProof>
			<IsMeleeProof>false</IsMeleeProof>
			<IsOnlyDamagedByPlayer>false</IsOnlyDamagedByPlayer>
			<PositionRotation>
				<X>1320.69348</X>
				<Y>3156.20386</Y>
				<Z>40.1113129</Z>
				<Pitch>-0.125994802</Pitch>
				<Roll>-0.609369516</Roll>
				<Yaw>105.614265</Yaw>
			</PositionRotation>
			<Attachment isAttached="true">
				<AttachedTo>27650</AttachedTo>
				<BoneIndex>79</BoneIndex>
				<X>-0.609999716</X>
				<Y>0.00999999978</Y>
				<Z>-0.519999802</Z>
				<Pitch>0</Pitch>
				<Roll>0</Roll>
				<Yaw>0</Yaw>
			</Attachment>
		</Attachment>
		<Attachment>
			<ModelHash>0x8b15792e</ModelHash>
			<Type>3</Type>
			<Dynamic>true</Dynamic>
			<FrozenPos>false</FrozenPos>
			<HashName>prop_roofpipe_03</HashName>
			<InitialHandle>172334</InitialHandle>
			<ObjectProperties>
				<TextureVariation>0</TextureVariation>
			</ObjectProperties>
			<OpacityLevel>255</OpacityLevel>
			<LodDistance>16960</LodDistance>
			<IsVisible>true</IsVisible>
			<MaxHealth>1000</MaxHealth>
			<Health>1000</Health>
			<HasGravity>true</HasGravity>
			<IsOnFire>false</IsOnFire>
			<IsInvincible>false</IsInvincible>
			<IsBulletProof>false</IsBulletProof>
			<IsCollisionProof>false</IsCollisionProof>
			<IsExplosionProof>false</IsExplosionProof>
			<IsFireProof>false</IsFireProof>
			<IsMeleeProof>false</IsMeleeProof>
			<IsOnlyDamagedByPlayer>false</IsOnlyDamagedByPlayer>
			<PositionRotation>
				<X>1320.69434</X>
				<Y>3156.19092</Y>
				<Z>41.3112411</Z>
				<Pitch>-0.125994802</Pitch>
				<Roll>-0.609369516</Roll>
				<Yaw>105.614265</Yaw>
			</PositionRotation>
			<Attachment isAttached="true">
				<AttachedTo>27650</AttachedTo>
				<BoneIndex>79</BoneIndex>
				<X>-0.609999716</X>
				<Y>0.00999999978</Y>
				<Z>0.680000186</Z>
				<Pitch>0</Pitch>
				<Roll>0</Roll>
				<Yaw>0</Yaw>
			</Attachment>
		</Attachment>
		<Attachment>
			<ModelHash>0xb7dd5fd1</ModelHash>
			<Type>3</Type>
			<Dynamic>true</Dynamic>
			<FrozenPos>false</FrozenPos>
			<HashName>p_rcss_folded</HashName>
			<InitialHandle>86577</InitialHandle>
			<ObjectProperties>
				<TextureVariation>0</TextureVariation>
			</ObjectProperties>
			<OpacityLevel>255</OpacityLevel>
			<LodDistance>16960</LodDistance>
			<IsVisible>true</IsVisible>
			<MaxHealth>1000</MaxHealth>
			<Health>1000</Health>
			<HasGravity>true</HasGravity>
			<IsOnFire>false</IsOnFire>
			<IsInvincible>false</IsInvincible>
			<IsBulletProof>false</IsBulletProof>
			<IsCollisionProof>false</IsCollisionProof>
			<IsExplosionProof>false</IsExplosionProof>
			<IsFireProof>false</IsFireProof>
			<IsMeleeProof>false</IsMeleeProof>
			<IsOnlyDamagedByPlayer>false</IsOnlyDamagedByPlayer>
			<PositionRotation>
				<X>1319.95044</X>
				<Y>3157.03345</Y>
				<Z>41.1409149</Z>
				<Pitch>-0.125994802</Pitch>
				<Roll>-0.609369516</Roll>
				<Yaw>105.614265</Yaw>
			</PositionRotation>
			<Attachment isAttached="true">
				<AttachedTo>27650</AttachedTo>
				<BoneIndex>79</BoneIndex>
				<X>0.399999976</X>
				<Y>0.49999997</Y>
				<Z>0.49999997</Z>
				<Pitch>0</Pitch>
				<Roll>0</Roll>
				<Yaw>0</Yaw>
			</Attachment>
		</Attachment>
		<Attachment>
			<ModelHash>0x7cbe795d</ModelHash>
			<Type>3</Type>
			<Dynamic>true</Dynamic>
			<FrozenPos>false</FrozenPos>
			<HashName>ex_prop_crate_closed_ms</HashName>
			<InitialHandle>271154</InitialHandle>
			<ObjectProperties>
				<TextureVariation>0</TextureVariation>
			</ObjectProperties>
			<OpacityLevel>255</OpacityLevel>
			<LodDistance>16960</LodDistance>
			<IsVisible>true</IsVisible>
			<MaxHealth>1000</MaxHealth>
			<Health>1000</Health>
			<HasGravity>true</HasGravity>
			<IsOnFire>false</IsOnFire>
			<IsInvincible>false</IsInvincible>
			<IsBulletProof>false</IsBulletProof>
			<IsCollisionProof>false</IsCollisionProof>
			<IsExplosionProof>false</IsExplosionProof>
			<IsFireProof>false</IsFireProof>
			<IsMeleeProof>false</IsMeleeProof>
			<IsOnlyDamagedByPlayer>false</IsOnlyDamagedByPlayer>
			<PositionRotation>
				<X>1314.53857</X>
				<Y>3154.81494</Y>
				<Z>40.1639786</Z>
				<Pitch>0.125995189</Pitch>
				<Roll>0.609369457</Roll>
				<Yaw>-74.3856888</Yaw>
			</PositionRotation>
			<Attachment isAttached="true">
				<AttachedTo>27650</AttachedTo>
				<BoneIndex>41</BoneIndex>
				<X>0.289999992</X>
				<Y>5.6099968</Y>
				<Z>-1.90000021</Z>
				<Pitch>0</Pitch>
				<Roll>0</Roll>
				<Yaw>0</Yaw>
			</Attachment>
		</Attachment>
		<Attachment>
			<ModelHash>0xc4bc0917</ModelHash>
			<Type>3</Type>
			<Dynamic>true</Dynamic>
			<FrozenPos>false</FrozenPos>
			<HashName>ex_prop_crate_closed_mw</HashName>
			<InitialHandle>329010</InitialHandle>
			<ObjectProperties>
				<TextureVariation>0</TextureVariation>
			</ObjectProperties>
			<OpacityLevel>255</OpacityLevel>
			<LodDistance>16960</LodDistance>
			<IsVisible>true</IsVisible>
			<MaxHealth>1000</MaxHealth>
			<Health>1000</Health>
			<HasGravity>true</HasGravity>
			<IsOnFire>false</IsOnFire>
			<IsInvincible>false</IsInvincible>
			<IsBulletProof>false</IsBulletProof>
			<IsCollisionProof>false</IsCollisionProof>
			<IsExplosionProof>false</IsExplosionProof>
			<IsFireProof>false</IsFireProof>
			<IsMeleeProof>false</IsMeleeProof>
			<IsOnlyDamagedByPlayer>false</IsOnlyDamagedByPlayer>
			<PositionRotation>
				<X>1315.49475</X>
				<Y>3155.07178</Y>
				<Z>40.16605</Z>
				<Pitch>0.125995189</Pitch>
				<Roll>0.609369457</Roll>
				<Yaw>-74.3856888</Yaw>
			</PositionRotation>
			<Attachment isAttached="true">
				<AttachedTo>27650</AttachedTo>
				<BoneIndex>41</BoneIndex>
				<X>0.299999982</X>
				<Y>6.59999609</Y>
				<Z>-1.90000021</Z>
				<Pitch>0</Pitch>
				<Roll>0</Roll>
				<Yaw>0</Yaw>
			</Attachment>
		</Attachment>
		<Attachment>
			<ModelHash>0xfb763c8c</ModelHash>
			<Type>3</Type>
			<Dynamic>true</Dynamic>
			<FrozenPos>false</FrozenPos>
			<HashName>ex_prop_crate_jewels_bc</HashName>
			<InitialHandle>161843</InitialHandle>
			<ObjectProperties>
				<TextureVariation>0</TextureVariation>
			</ObjectProperties>
			<OpacityLevel>255</OpacityLevel>
			<LodDistance>16960</LodDistance>
			<IsVisible>true</IsVisible>
			<MaxHealth>1000</MaxHealth>
			<Health>1000</Health>
			<HasGravity>true</HasGravity>
			<IsOnFire>false</IsOnFire>
			<IsInvincible>false</IsInvincible>
			<IsBulletProof>false</IsBulletProof>
			<IsCollisionProof>false</IsCollisionProof>
			<IsExplosionProof>false</IsExplosionProof>
			<IsFireProof>false</IsFireProof>
			<IsMeleeProof>false</IsMeleeProof>
			<IsOnlyDamagedByPlayer>false</IsOnlyDamagedByPlayer>
			<PositionRotation>
				<X>1312.21301</X>
				<Y>3155.29785</Y>
				<Z>40.0709381</Z>
				<Pitch>0.125995189</Pitch>
				<Roll>0.609369457</Roll>
				<Yaw>-74.3856888</Yaw>
			</PositionRotation>
			<Attachment isAttached="true">
				<AttachedTo>27650</AttachedTo>
				<BoneIndex>41</BoneIndex>
				<X>-0.799999952</X>
				<Y>3.49999881</Y>
				<Z>-2.00000024</Z>
				<Pitch>0</Pitch>
				<Roll>0</Roll>
				<Yaw>0</Yaw>
			</Attachment>
		</Attachment>
		<Attachment>
			<ModelHash>0x5cd2e1ea</ModelHash>
			<Type>3</Type>
			<Dynamic>true</Dynamic>
			<FrozenPos>false</FrozenPos>
			<HashName>ex_prop_crate_minig</HashName>
			<InitialHandle>329523</InitialHandle>
			<ObjectProperties>
				<TextureVariation>0</TextureVariation>
			</ObjectProperties>
			<OpacityLevel>255</OpacityLevel>
			<LodDistance>16960</LodDistance>
			<IsVisible>true</IsVisible>
			<MaxHealth>1000</MaxHealth>
			<Health>1000</Health>
			<HasGravity>true</HasGravity>
			<IsOnFire>false</IsOnFire>
			<IsInvincible>false</IsInvincible>
			<IsBulletProof>false</IsBulletProof>
			<IsCollisionProof>false</IsCollisionProof>
			<IsExplosionProof>false</IsExplosionProof>
			<IsFireProof>false</IsFireProof>
			<IsMeleeProof>false</IsMeleeProof>
			<IsOnlyDamagedByPlayer>false</IsOnlyDamagedByPlayer>
			<PositionRotation>
				<X>1318.15637</X>
				<Y>3157.14526</Y>
				<Z>40.1434059</Z>
				<Pitch>0.609368145</Pitch>
				<Roll>-0.12600179</Roll>
				<Yaw>15.6155977</Yaw>
			</PositionRotation>
			<Attachment isAttached="true">
				<AttachedTo>27650</AttachedTo>
				<BoneIndex>79</BoneIndex>
				<X>0.980000019</X>
				<Y>2.20000005</Y>
				<Z>-0.49999997</Z>
				<Pitch>0</Pitch>
				<Roll>0</Roll>
				<Yaw>-90.0000153</Yaw>
			</Attachment>
		</Attachment>
	</SpoonerAttachments>
</Vehicle>
