<?xml version="1.0" encoding="ISO-8859-1"?>
<Vehicle menyoo_ver="0.9998744b">
	<ModelHash>0xe5ba6858</ModelHash>
	<InitialHandle>328459</InitialHandle>
	<VehicleProperties>
		<Colours>
			<Primary>49</Primary>
			<Secondary>0</Secondary>
			<Pearl>55</Pearl>
			<Rim>156</Rim>
			<Mod1_a>6</Mod1_a>
			<Mod1_b>-1</Mod1_b>
			<Mod1_c>-1</Mod1_c>
			<Mod2_a>6</Mod2_a>
			<Mod2_b>-1</Mod2_b>
			<IsPrimaryColourCustom>false</IsPrimaryColourCustom>
			<IsSecondaryColourCustom>false</IsSecondaryColourCustom>
			<tyreSmoke_R>255</tyreSmoke_R>
			<tyreSmoke_G>255</tyreSmoke_G>
			<tyreSmoke_B>255</tyreSmoke_B>
			<LrInterior>0</LrInterior>
			<LrDashboard>0</LrDashboard>
		</Colours>
		<Livery>-1</Livery>
		<NumberPlateText>87WXF788</NumberPlateText>
		<NumberPlateIndex>0</NumberPlateIndex>
		<WheelType>4</WheelType>
		<WheelsInvisible>false</WheelsInvisible>
		<EngineSoundName>CADDY</EngineSoundName>
		<WindowTint>-1</WindowTint>
		<BulletProofTyres>true</BulletProofTyres>
		<DirtLevel>4.91905642</DirtLevel>
		<PaintFade>0.298039228</PaintFade>
		<RoofState>0</RoofState>
		<SirenActive>false</SirenActive>
		<EngineOn>true</EngineOn>
		<EngineHealth>1000</EngineHealth>
		<LightsOn>true</LightsOn>
		<IsRadioLoud>0</IsRadioLoud>
		<LockStatus>1</LockStatus>
		<Neons>
			<Left>false</Left>
			<Right>false</Right>
			<Front>false</Front>
			<Back>false</Back>
			<R>255</R>
			<G>0</G>
			<B>255</B>
		</Neons>
		<ModExtras />
		<Mods>
			<_0>-1,0</_0>
			<_1>-1,0</_1>
			<_2>-1,0</_2>
			<_3>-1,0</_3>
			<_4>-1,0</_4>
			<_5>-1,0</_5>
			<_6>-1,0</_6>
			<_7>-1,0</_7>
			<_8>-1,0</_8>
			<_9>-1,0</_9>
			<_10>-1,0</_10>
			<_11>-1,0</_11>
			<_12>-1,0</_12>
			<_13>-1,0</_13>
			<_14>-1,0</_14>
			<_15>-1,0</_15>
			<_16>-1,0</_16>
			<_17>false</_17>
			<_18>false</_18>
			<_19>false</_19>
			<_20>false</_20>
			<_21>false</_21>
			<_22>false</_22>
			<_23>-1,0</_23>
			<_24>-1,0</_24>
			<_25>-1,0</_25>
			<_26>-1,0</_26>
			<_27>-1,0</_27>
			<_28>-1,0</_28>
			<_29>-1,0</_29>
			<_30>-1,0</_30>
			<_31>-1,0</_31>
			<_32>-1,0</_32>
			<_33>-1,0</_33>
			<_34>-1,0</_34>
			<_35>-1,0</_35>
			<_36>-1,0</_36>
			<_37>-1,0</_37>
			<_38>-1,0</_38>
			<_39>-1,0</_39>
			<_40>-1,0</_40>
			<_41>-1,0</_41>
			<_42>-1,0</_42>
			<_43>-1,0</_43>
			<_44>-1,0</_44>
			<_45>-1,0</_45>
			<_46>-1,0</_46>
			<_47>-1,0</_47>
			<_48>-1,0</_48>
		</Mods>
		<DoorsOpen>
			<BackLeftDoor>false</BackLeftDoor>
			<BackRightDoor>false</BackRightDoor>
			<FrontLeftDoor>false</FrontLeftDoor>
			<FrontRightDoor>false</FrontRightDoor>
			<Hood>false</Hood>
			<Trunk>false</Trunk>
			<Trunk2>false</Trunk2>
		</DoorsOpen>
		<DoorsBroken>
			<BackLeftDoor>false</BackLeftDoor>
			<BackRightDoor>false</BackRightDoor>
			<FrontLeftDoor>false</FrontLeftDoor>
			<FrontRightDoor>false</FrontRightDoor>
			<Hood>false</Hood>
			<Trunk>false</Trunk>
			<Trunk2>false</Trunk2>
		</DoorsBroken>
		<TyresBursted>
			<FrontLeft>false</FrontLeft>
			<FrontRight>false</FrontRight>
			<_2>false</_2>
			<_3>false</_3>
			<BackLeft>false</BackLeft>
			<BackRight>false</BackRight>
			<_6>false</_6>
			<_7>false</_7>
			<_8>false</_8>
		</TyresBursted>
		<RpmMultiplier>1</RpmMultiplier>
		<TorqueMultiplier>1</TorqueMultiplier>
		<HeadlightIntensity>1</HeadlightIntensity>
	</VehicleProperties>
	<OpacityLevel>0</OpacityLevel>
	<LodDistance>16960</LodDistance>
	<IsVisible>true</IsVisible>
	<IsDriverVisible>true</IsDriverVisible>
	<MaxHealth>1000</MaxHealth>
	<Health>1000</Health>
	<HasGravity>true</HasGravity>
	<IsOnFire>false</IsOnFire>
	<IsInvincible>false</IsInvincible>
	<IsBulletProof>false</IsBulletProof>
	<IsExplosionProof>false</IsExplosionProof>
	<IsFireProof>false</IsFireProof>
	<IsMeleeProof>false</IsMeleeProof>
	<IsOnlyDamagedByPlayer>false</IsOnlyDamagedByPlayer>
	<SpoonerAttachments SetAttachmentsPersistentAndAddToSpoonerDatabase="true" StartTaskSequencesOnLoad="true">
		<Attachment>
			<ModelHash>0x9b810fa2</ModelHash>
			<Type>1</Type>
			<Dynamic>false</Dynamic>
			<FrozenPos>false</FrozenPos>
			<HashName>Trevor</HashName>
			<InitialHandle>310795</InitialHandle>
			<PedProperties>
				<IsStill>true</IsStill>
				<CanRagdoll>false</CanRagdoll>
				<HasShortHeight>false</HasShortHeight>
				<CurrentWeapon>0xa2719263</CurrentWeapon>
				<PedProps>
					<_0>-1,-1</_0>
					<_1>-1,-1</_1>
					<_2>-1,-1</_2>
					<_3>-1,-1</_3>
					<_4>-1,-1</_4>
					<_5>-1,-1</_5>
					<_6>-1,-1</_6>
					<_7>-1,-1</_7>
					<_8>-1,-1</_8>
					<_9>-1,-1</_9>
				</PedProps>
				<PedComps>
					<_0>0,0</_0>
					<_1>0,0</_1>
					<_2>0,0</_2>
					<_3>16,0</_3>
					<_4>25,0</_4>
					<_5>0,0</_5>
					<_6>0,0</_6>
					<_7>0,0</_7>
					<_8>0,0</_8>
					<_9>0,0</_9>
					<_10>0,0</_10>
					<_11>0,0</_11>
				</PedComps>
				<TattooLogoDecals />
				<DamagePacks />
				<RelationshipGroupAltered>false</RelationshipGroupAltered>
				<RelationshipGroup>0x6f0783f5</RelationshipGroup>
				<ScenarioActive>false</ScenarioActive>
				<AnimActive>true</AnimActive>
				<AnimDict>mini@prostitutes@sexnorm_veh</AnimDict>
				<AnimName>bj_loop_prostitute</AnimName>
			</PedProperties>
			<OpacityLevel>255</OpacityLevel>
			<LodDistance>16960</LodDistance>
			<IsVisible>true</IsVisible>
			<MaxHealth>200</MaxHealth>
			<Health>200</Health>
			<HasGravity>true</HasGravity>
			<IsOnFire>false</IsOnFire>
			<IsInvincible>true</IsInvincible>
			<IsBulletProof>false</IsBulletProof>
			<IsCollisionProof>false</IsCollisionProof>
			<IsExplosionProof>true</IsExplosionProof>
			<IsFireProof>true</IsFireProof>
			<IsMeleeProof>true</IsMeleeProof>
			<IsOnlyDamagedByPlayer>false</IsOnlyDamagedByPlayer>
			<PositionRotation>
				<X>1535.58398</X>
				<Y>3206.93433</Y>
				<Z>39.5226936</Z>
				<Pitch>-0.164410517</Pitch>
				<Roll>-0.638083041</Roll>
				<Yaw>15.6389122</Yaw>
			</PositionRotation>
			<Attachment isAttached="true">
				<AttachedTo>328459</AttachedTo>
				<BoneIndex>0</BoneIndex>
				<X>0.00251546502</X>
				<Y>-0.547347903</Y>
				<Z>-0.184315473</Z>
				<Pitch>0.634214282</Pitch>
				<Roll>-0.702549994</Roll>
				<Yaw>-75.4721146</Yaw>
			</Attachment>
		</Attachment>
		<Attachment>
			<ModelHash>0x9b810fa2</ModelHash>
			<Type>1</Type>
			<Dynamic>false</Dynamic>
			<FrozenPos>false</FrozenPos>
			<HashName>Trevor</HashName>
			<InitialHandle>310283</InitialHandle>
			<PedProperties>
				<IsStill>true</IsStill>
				<CanRagdoll>false</CanRagdoll>
				<HasShortHeight>false</HasShortHeight>
				<CurrentWeapon>0xa2719263</CurrentWeapon>
				<PedProps>
					<_0>-1,-1</_0>
					<_1>-1,-1</_1>
					<_2>-1,-1</_2>
					<_3>-1,-1</_3>
					<_4>-1,-1</_4>
					<_5>-1,-1</_5>
					<_6>-1,-1</_6>
					<_7>-1,-1</_7>
					<_8>-1,-1</_8>
					<_9>-1,-1</_9>
				</PedProps>
				<PedComps>
					<_0>0,0</_0>
					<_1>0,0</_1>
					<_2>0,0</_2>
					<_3>16,0</_3>
					<_4>25,0</_4>
					<_5>0,0</_5>
					<_6>0,0</_6>
					<_7>0,0</_7>
					<_8>0,0</_8>
					<_9>0,0</_9>
					<_10>0,0</_10>
					<_11>0,0</_11>
				</PedComps>
				<TattooLogoDecals />
				<DamagePacks />
				<RelationshipGroupAltered>false</RelationshipGroupAltered>
				<RelationshipGroup>0x6f0783f5</RelationshipGroup>
				<ScenarioActive>false</ScenarioActive>
				<AnimActive>true</AnimActive>
				<AnimDict>mini@prostitutes@sexnorm_veh</AnimDict>
				<AnimName>bj_loop_prostitute</AnimName>
			</PedProperties>
			<OpacityLevel>255</OpacityLevel>
			<LodDistance>16960</LodDistance>
			<IsVisible>true</IsVisible>
			<MaxHealth>200</MaxHealth>
			<Health>200</Health>
			<HasGravity>true</HasGravity>
			<IsOnFire>false</IsOnFire>
			<IsInvincible>true</IsInvincible>
			<IsBulletProof>false</IsBulletProof>
			<IsCollisionProof>false</IsCollisionProof>
			<IsExplosionProof>true</IsExplosionProof>
			<IsFireProof>true</IsFireProof>
			<IsMeleeProof>true</IsMeleeProof>
			<IsOnlyDamagedByPlayer>false</IsOnlyDamagedByPlayer>
			<PositionRotation>
				<X>1534.86914</X>
				<Y>3206.89453</Y>
				<Z>39.604126</Z>
				<Pitch>-0.261914134</Pitch>
				<Roll>-0.604634643</Roll>
				<Yaw>24.6110935</Yaw>
			</PositionRotation>
			<Attachment isAttached="true">
				<AttachedTo>328459</AttachedTo>
				<BoneIndex>0</BoneIndex>
				<X>-0.0323383212</X>
				<Y>0.166765302</Y>
				<Z>-0.0946620107</Z>
				<Pitch>0.524671793</Pitch>
				<Roll>-0.672349274</Roll>
				<Yaw>-66.4692612</Yaw>
			</Attachment>
		</Attachment>
		<Attachment>
			<ModelHash>0x9b810fa2</ModelHash>
			<Type>1</Type>
			<Dynamic>false</Dynamic>
			<FrozenPos>false</FrozenPos>
			<HashName>Trevor</HashName>
			<InitialHandle>132875</InitialHandle>
			<PedProperties>
				<IsStill>true</IsStill>
				<CanRagdoll>false</CanRagdoll>
				<HasShortHeight>false</HasShortHeight>
				<CurrentWeapon>0xa2719263</CurrentWeapon>
				<PedProps>
					<_0>-1,-1</_0>
					<_1>-1,-1</_1>
					<_2>-1,-1</_2>
					<_3>-1,-1</_3>
					<_4>-1,-1</_4>
					<_5>-1,-1</_5>
					<_6>-1,-1</_6>
					<_7>-1,-1</_7>
					<_8>-1,-1</_8>
					<_9>-1,-1</_9>
				</PedProps>
				<PedComps>
					<_0>0,0</_0>
					<_1>0,0</_1>
					<_2>0,0</_2>
					<_3>16,0</_3>
					<_4>25,0</_4>
					<_5>0,0</_5>
					<_6>0,0</_6>
					<_7>0,0</_7>
					<_8>0,0</_8>
					<_9>0,0</_9>
					<_10>0,0</_10>
					<_11>0,0</_11>
				</PedComps>
				<TattooLogoDecals />
				<DamagePacks />
				<RelationshipGroupAltered>false</RelationshipGroupAltered>
				<RelationshipGroup>0x6f0783f5</RelationshipGroup>
				<ScenarioActive>false</ScenarioActive>
				<AnimActive>true</AnimActive>
				<AnimDict>mini@prostitutes@sexnorm_veh</AnimDict>
				<AnimName>bj_loop_prostitute</AnimName>
			</PedProperties>
			<OpacityLevel>255</OpacityLevel>
			<LodDistance>16960</LodDistance>
			<IsVisible>true</IsVisible>
			<MaxHealth>200</MaxHealth>
			<Health>200</Health>
			<HasGravity>true</HasGravity>
			<IsOnFire>false</IsOnFire>
			<IsInvincible>true</IsInvincible>
			<IsBulletProof>false</IsBulletProof>
			<IsCollisionProof>false</IsCollisionProof>
			<IsExplosionProof>true</IsExplosionProof>
			<IsFireProof>true</IsFireProof>
			<IsMeleeProof>true</IsMeleeProof>
			<IsOnlyDamagedByPlayer>false</IsOnlyDamagedByPlayer>
			<PositionRotation>
				<X>1536.26868</X>
				<Y>3207.04761</Y>
				<Z>39.5109253</Z>
				<Pitch>-0.153314456</Pitch>
				<Roll>-0.640839458</Roll>
				<Yaw>14.6447687</Yaw>
			</PositionRotation>
			<Attachment isAttached="true">
				<AttachedTo>328459</AttachedTo>
				<BoneIndex>0</BoneIndex>
				<X>0.110781431</X>
				<Y>-1.23267376</Y>
				<Z>-0.203981876</Z>
				<Pitch>0.646478891</Pitch>
				<Roll>-0.704803944</Roll>
				<Yaw>-76.4685745</Yaw>
			</Attachment>
		</Attachment>
		<Attachment>
			<ModelHash>0x9b810fa2</ModelHash>
			<Type>1</Type>
			<Dynamic>false</Dynamic>
			<FrozenPos>false</FrozenPos>
			<HashName>Trevor</HashName>
			<InitialHandle>310027</InitialHandle>
			<PedProperties>
				<IsStill>true</IsStill>
				<CanRagdoll>false</CanRagdoll>
				<HasShortHeight>false</HasShortHeight>
				<CurrentWeapon>0xa2719263</CurrentWeapon>
				<PedProps>
					<_0>-1,-1</_0>
					<_1>-1,-1</_1>
					<_2>-1,-1</_2>
					<_3>-1,-1</_3>
					<_4>-1,-1</_4>
					<_5>-1,-1</_5>
					<_6>-1,-1</_6>
					<_7>-1,-1</_7>
					<_8>-1,-1</_8>
					<_9>-1,-1</_9>
				</PedProps>
				<PedComps>
					<_0>0,0</_0>
					<_1>0,0</_1>
					<_2>0,0</_2>
					<_3>16,0</_3>
					<_4>25,0</_4>
					<_5>0,0</_5>
					<_6>0,0</_6>
					<_7>0,0</_7>
					<_8>0,0</_8>
					<_9>0,0</_9>
					<_10>0,0</_10>
					<_11>0,0</_11>
				</PedComps>
				<TattooLogoDecals />
				<DamagePacks />
				<RelationshipGroupAltered>false</RelationshipGroupAltered>
				<RelationshipGroup>0x6f0783f5</RelationshipGroup>
				<ScenarioActive>false</ScenarioActive>
				<AnimActive>true</AnimActive>
				<AnimDict>mini@prostitutes@sexnorm_veh</AnimDict>
				<AnimName>bj_loop_prostitute</AnimName>
			</PedProperties>
			<OpacityLevel>255</OpacityLevel>
			<LodDistance>16960</LodDistance>
			<IsVisible>true</IsVisible>
			<MaxHealth>200</MaxHealth>
			<Health>200</Health>
			<HasGravity>true</HasGravity>
			<IsOnFire>false</IsOnFire>
			<IsInvincible>true</IsInvincible>
			<IsBulletProof>false</IsBulletProof>
			<IsCollisionProof>false</IsCollisionProof>
			<IsExplosionProof>true</IsExplosionProof>
			<IsFireProof>true</IsFireProof>
			<IsMeleeProof>true</IsMeleeProof>
			<IsOnlyDamagedByPlayer>false</IsOnlyDamagedByPlayer>
			<PositionRotation>
				<X>1536.97375</X>
				<Y>3207.15625</Y>
				<Z>39.5095406</Z>
				<Pitch>-0.153314456</Pitch>
				<Roll>-0.640839458</Roll>
				<Yaw>14.6447687</Yaw>
			</PositionRotation>
			<Attachment isAttached="true">
				<AttachedTo>328459</AttachedTo>
				<BoneIndex>0</BoneIndex>
				<X>0.214481443</X>
				<Y>-1.93843138</Y>
				<Z>-0.213501692</Z>
				<Pitch>0.646478891</Pitch>
				<Roll>-0.704803944</Roll>
				<Yaw>-76.4685745</Yaw>
			</Attachment>
		</Attachment>
		<Attachment>
			<ModelHash>0x9b810fa2</ModelHash>
			<Type>1</Type>
			<Dynamic>false</Dynamic>
			<FrozenPos>false</FrozenPos>
			<HashName>Trevor</HashName>
			<InitialHandle>309771</InitialHandle>
			<PedProperties>
				<IsStill>true</IsStill>
				<CanRagdoll>false</CanRagdoll>
				<HasShortHeight>false</HasShortHeight>
				<CurrentWeapon>0xa2719263</CurrentWeapon>
				<PedProps>
					<_0>-1,-1</_0>
					<_1>-1,-1</_1>
					<_2>-1,-1</_2>
					<_3>-1,-1</_3>
					<_4>-1,-1</_4>
					<_5>-1,-1</_5>
					<_6>-1,-1</_6>
					<_7>-1,-1</_7>
					<_8>-1,-1</_8>
					<_9>-1,-1</_9>
				</PedProps>
				<PedComps>
					<_0>0,0</_0>
					<_1>0,0</_1>
					<_2>0,0</_2>
					<_3>16,0</_3>
					<_4>25,0</_4>
					<_5>0,0</_5>
					<_6>0,0</_6>
					<_7>0,0</_7>
					<_8>0,0</_8>
					<_9>0,0</_9>
					<_10>0,0</_10>
					<_11>0,0</_11>
				</PedComps>
				<TattooLogoDecals />
				<DamagePacks />
				<RelationshipGroupAltered>false</RelationshipGroupAltered>
				<RelationshipGroup>0x6f0783f5</RelationshipGroup>
				<ScenarioActive>false</ScenarioActive>
				<AnimActive>true</AnimActive>
				<AnimDict>mini@prostitutes@sexnorm_veh</AnimDict>
				<AnimName>bj_loop_prostitute</AnimName>
			</PedProperties>
			<OpacityLevel>255</OpacityLevel>
			<LodDistance>16960</LodDistance>
			<IsVisible>true</IsVisible>
			<MaxHealth>200</MaxHealth>
			<Health>200</Health>
			<HasGravity>true</HasGravity>
			<IsOnFire>false</IsOnFire>
			<IsInvincible>true</IsInvincible>
			<IsBulletProof>false</IsBulletProof>
			<IsCollisionProof>false</IsCollisionProof>
			<IsExplosionProof>true</IsExplosionProof>
			<IsFireProof>true</IsFireProof>
			<IsMeleeProof>true</IsMeleeProof>
			<IsOnlyDamagedByPlayer>false</IsOnlyDamagedByPlayer>
			<PositionRotation>
				<X>1534.23816</X>
				<Y>3206.65308</Y>
				<Z>39.6131592</Z>
				<Pitch>-0.153521329</Pitch>
				<Roll>-0.640789926</Roll>
				<Yaw>14.6632643</Yaw>
			</PositionRotation>
			<Attachment isAttached="true">
				<AttachedTo>328459</AttachedTo>
				<BoneIndex>0</BoneIndex>
				<X>-0.269108891</X>
				<Y>0.799266338</Y>
				<Z>-0.0783159137</Z>
				<Pitch>0.646364331</Pitch>
				<Roll>-0.704784095</Roll>
				<Yaw>-76.4500504</Yaw>
			</Attachment>
		</Attachment>
		<Attachment>
			<ModelHash>0xaffe1f5a</ModelHash>
			<Type>3</Type>
			<Dynamic>false</Dynamic>
			<FrozenPos>true</FrozenPos>
			<HashName>prop_cs_newspaper</HashName>
			<InitialHandle>307723</InitialHandle>
			<ObjectProperties>
				<TextureVariation>0</TextureVariation>
			</ObjectProperties>
			<OpacityLevel>255</OpacityLevel>
			<LodDistance>16960</LodDistance>
			<IsVisible>true</IsVisible>
			<MaxHealth>1000</MaxHealth>
			<Health>1000</Health>
			<HasGravity>true</HasGravity>
			<IsOnFire>false</IsOnFire>
			<IsInvincible>false</IsInvincible>
			<IsBulletProof>false</IsBulletProof>
			<IsCollisionProof>false</IsCollisionProof>
			<IsExplosionProof>false</IsExplosionProof>
			<IsFireProof>false</IsFireProof>
			<IsMeleeProof>false</IsMeleeProof>
			<IsOnlyDamagedByPlayer>false</IsOnlyDamagedByPlayer>
			<PositionRotation>
				<X>1534.53369</X>
				<Y>3206.96875</Y>
				<Z>40.4734459</Z>
				<Pitch>59.3834114</Pitch>
				<Roll>0.063740842</Roll>
				<Yaw>93.8982086</Yaw>
			</PositionRotation>
			<Attachment isAttached="true">
				<AttachedTo>328459</AttachedTo>
				<BoneIndex>0</BoneIndex>
				<X>0.0445214808</X>
				<Y>0.491592437</Y>
				<Z>0.778402567</Z>
				<Pitch>60.0401688</Pitch>
				<Roll>0.00512581225</Roll>
				<Yaw>3.53472137</Yaw>
			</Attachment>
		</Attachment>
		<Attachment>
			<ModelHash>0x9b810fa2</ModelHash>
			<Type>1</Type>
			<Dynamic>false</Dynamic>
			<FrozenPos>false</FrozenPos>
			<HashName>Trevor</HashName>
			<InitialHandle>307467</InitialHandle>
			<PedProperties>
				<IsStill>true</IsStill>
				<CanRagdoll>false</CanRagdoll>
				<HasShortHeight>false</HasShortHeight>
				<CurrentWeapon>0xa2719263</CurrentWeapon>
				<PedProps>
					<_0>-1,-1</_0>
					<_1>-1,-1</_1>
					<_2>-1,-1</_2>
					<_3>-1,-1</_3>
					<_4>-1,-1</_4>
					<_5>-1,-1</_5>
					<_6>-1,-1</_6>
					<_7>-1,-1</_7>
					<_8>-1,-1</_8>
					<_9>-1,-1</_9>
				</PedProps>
				<PedComps>
					<_0>0,0</_0>
					<_1>0,0</_1>
					<_2>0,0</_2>
					<_3>16,0</_3>
					<_4>25,0</_4>
					<_5>0,0</_5>
					<_6>0,0</_6>
					<_7>0,0</_7>
					<_8>0,0</_8>
					<_9>0,0</_9>
					<_10>0,0</_10>
					<_11>0,0</_11>
				</PedComps>
				<TattooLogoDecals />
				<DamagePacks />
				<RelationshipGroupAltered>false</RelationshipGroupAltered>
				<RelationshipGroup>0x6f0783f5</RelationshipGroup>
				<ScenarioActive>false</ScenarioActive>
				<AnimActive>true</AnimActive>
				<AnimDict>mini@prostitutes@sexnorm_veh</AnimDict>
				<AnimName>sex_loop_prostitute</AnimName>
			</PedProperties>
			<OpacityLevel>255</OpacityLevel>
			<LodDistance>16960</LodDistance>
			<IsVisible>true</IsVisible>
			<MaxHealth>200</MaxHealth>
			<Health>200</Health>
			<HasGravity>true</HasGravity>
			<IsOnFire>false</IsOnFire>
			<IsInvincible>true</IsInvincible>
			<IsBulletProof>false</IsBulletProof>
			<IsCollisionProof>false</IsCollisionProof>
			<IsExplosionProof>true</IsExplosionProof>
			<IsFireProof>true</IsFireProof>
			<IsMeleeProof>true</IsMeleeProof>
			<IsOnlyDamagedByPlayer>false</IsOnlyDamagedByPlayer>
			<PositionRotation>
				<X>1533.20825</X>
				<Y>3205.80103</Y>
				<Z>39.6263237</Z>
				<Pitch>0.654297173</Pitch>
				<Roll>-0.0779429451</Roll>
				<Yaw>-82.0157471</Yaw>
			</PositionRotation>
			<Attachment isAttached="true">
				<AttachedTo>328459</AttachedTo>
				<BoneIndex>0</BoneIndex>
				<X>-1.11378372</X>
				<Y>1.83497739</Y>
				<Z>-0.0531076789</Z>
				<Pitch>1.4925642</Pitch>
				<Roll>-0.0418781787</Roll>
				<Yaw>187.532532</Yaw>
			</Attachment>
		</Attachment>
		<Attachment>
			<ModelHash>0x4eb1e082</ModelHash>
			<Type>3</Type>
			<Dynamic>false</Dynamic>
			<FrozenPos>true</FrozenPos>
			<HashName>hei_prop_carrier_light_01</HashName>
			<InitialHandle>291851</InitialHandle>
			<ObjectProperties>
				<TextureVariation>0</TextureVariation>
			</ObjectProperties>
			<OpacityLevel>255</OpacityLevel>
			<LodDistance>16960</LodDistance>
			<IsVisible>true</IsVisible>
			<MaxHealth>1000</MaxHealth>
			<Health>1000</Health>
			<HasGravity>true</HasGravity>
			<IsOnFire>false</IsOnFire>
			<IsInvincible>false</IsInvincible>
			<IsBulletProof>false</IsBulletProof>
			<IsCollisionProof>false</IsCollisionProof>
			<IsExplosionProof>false</IsExplosionProof>
			<IsFireProof>false</IsFireProof>
			<IsMeleeProof>false</IsMeleeProof>
			<IsOnlyDamagedByPlayer>false</IsOnlyDamagedByPlayer>
			<PositionRotation>
				<X>1532.80176</X>
				<Y>3206.50269</Y>
				<Z>39.4847221</Z>
				<Pitch>2.68980646</Pitch>
				<Roll>-0.210772172</Roll>
				<Yaw>-78.3548737</Yaw>
			</PositionRotation>
			<Attachment isAttached="true">
				<AttachedTo>328459</AttachedTo>
				<BoneIndex>0</BoneIndex>
				<X>-0.409103662</X>
				<Y>2.23818517</Y>
				<Z>-0.190261558</Z>
				<Pitch>2.04297972</Pitch>
				<Roll>-0.0931648239</Roll>
				<Yaw>191.226166</Yaw>
			</Attachment>
		</Attachment>
		<Attachment>
			<ModelHash>0x9b810fa2</ModelHash>
			<Type>1</Type>
			<Dynamic>false</Dynamic>
			<FrozenPos>false</FrozenPos>
			<HashName>Trevor</HashName>
			<InitialHandle>311307</InitialHandle>
			<PedProperties>
				<IsStill>true</IsStill>
				<CanRagdoll>false</CanRagdoll>
				<HasShortHeight>false</HasShortHeight>
				<CurrentWeapon>0xa2719263</CurrentWeapon>
				<PedProps>
					<_0>-1,-1</_0>
					<_1>-1,-1</_1>
					<_2>-1,-1</_2>
					<_3>-1,-1</_3>
					<_4>-1,-1</_4>
					<_5>-1,-1</_5>
					<_6>-1,-1</_6>
					<_7>-1,-1</_7>
					<_8>-1,-1</_8>
					<_9>-1,-1</_9>
				</PedProps>
				<PedComps>
					<_0>0,0</_0>
					<_1>0,0</_1>
					<_2>0,0</_2>
					<_3>16,0</_3>
					<_4>25,0</_4>
					<_5>0,0</_5>
					<_6>0,0</_6>
					<_7>0,0</_7>
					<_8>0,0</_8>
					<_9>0,0</_9>
					<_10>0,0</_10>
					<_11>0,0</_11>
				</PedComps>
				<TattooLogoDecals />
				<DamagePacks />
				<RelationshipGroupAltered>false</RelationshipGroupAltered>
				<RelationshipGroup>0x6f0783f5</RelationshipGroup>
				<ScenarioActive>false</ScenarioActive>
				<AnimActive>true</AnimActive>
				<AnimDict>mini@prostitutes@sexnorm_veh</AnimDict>
				<AnimName>bj_loop_prostitute</AnimName>
			</PedProperties>
			<OpacityLevel>255</OpacityLevel>
			<LodDistance>16960</LodDistance>
			<IsVisible>true</IsVisible>
			<MaxHealth>200</MaxHealth>
			<Health>200</Health>
			<HasGravity>true</HasGravity>
			<IsOnFire>false</IsOnFire>
			<IsInvincible>true</IsInvincible>
			<IsBulletProof>false</IsBulletProof>
			<IsCollisionProof>false</IsCollisionProof>
			<IsExplosionProof>true</IsExplosionProof>
			<IsFireProof>true</IsFireProof>
			<IsMeleeProof>true</IsMeleeProof>
			<IsOnlyDamagedByPlayer>false</IsOnlyDamagedByPlayer>
			<PositionRotation>
				<X>1537.63477</X>
				<Y>3207.27759</Y>
				<Z>39.5523567</Z>
				<Pitch>-0.153521329</Pitch>
				<Roll>-0.640789926</Roll>
				<Yaw>14.6632643</Yaw>
			</PositionRotation>
			<Attachment isAttached="true">
				<AttachedTo>328459</AttachedTo>
				<BoneIndex>0</BoneIndex>
				<X>0.330891073</X>
				<Y>-2.60073328</Y>
				<Z>-0.178315908</Z>
				<Pitch>0.646364331</Pitch>
				<Roll>-0.704784095</Roll>
				<Yaw>-76.4500504</Yaw>
			</Attachment>
		</Attachment>
		<Attachment>
			<ModelHash>0x605a3da9</ModelHash>
			<Type>3</Type>
			<Dynamic>false</Dynamic>
			<FrozenPos>true</FrozenPos>
			<HashName>prop_golf_ball_p2</HashName>
			<InitialHandle>291083</InitialHandle>
			<TaskSequence>
				<Task>
					<Type>39</Type>
					<Duration>1000</Duration>
					<KeepTaskRunningAfterTime>-2</KeepTaskRunningAfterTime>
					<IsLoopedTask>true</IsLoopedTask>
					<Delay>500</Delay>
					<AssetName>scr_solomon3</AssetName>
					<EffectName>scr_trev4_747_blood_impact</EffectName>
					<Scale>0.800000012</Scale>
					<Colour R="255" G="255" B="255" A="255" />
					<RelativePosition X="0" Y="0" Z="0" />
					<RelativeRotation X="0" Y="0" Z="0" />
				</Task>
			</TaskSequence>
			<ObjectProperties>
				<TextureVariation>0</TextureVariation>
			</ObjectProperties>
			<OpacityLevel>255</OpacityLevel>
			<LodDistance>16960</LodDistance>
			<IsVisible>true</IsVisible>
			<MaxHealth>1000</MaxHealth>
			<Health>1000</Health>
			<HasGravity>true</HasGravity>
			<IsOnFire>false</IsOnFire>
			<IsInvincible>true</IsInvincible>
			<IsBulletProof>false</IsBulletProof>
			<IsCollisionProof>false</IsCollisionProof>
			<IsExplosionProof>true</IsExplosionProof>
			<IsFireProof>false</IsFireProof>
			<IsMeleeProof>true</IsMeleeProof>
			<IsOnlyDamagedByPlayer>false</IsOnlyDamagedByPlayer>
			<PositionRotation>
				<X>1537.51746</X>
				<Y>3207.82129</Y>
				<Z>39.4215469</Z>
				<Pitch>1.39407873</Pitch>
				<Roll>0.576025546</Roll>
				<Yaw>-89.7894669</Yaw>
			</PositionRotation>
			<Attachment isAttached="true">
				<AttachedTo>328459</AttachedTo>
				<BoneIndex>0</BoneIndex>
				<X>0.875273585</X>
				<Y>-2.48589635</Y>
				<Z>-0.307880491</Z>
				<Pitch>0.736793995</Pitch>
				<Roll>0.562995136</Roll>
				<Yaw>179.796661</Yaw>
			</Attachment>
		</Attachment>
		<Attachment>
			<ModelHash>0x605a3da9</ModelHash>
			<Type>3</Type>
			<Dynamic>false</Dynamic>
			<FrozenPos>true</FrozenPos>
			<HashName>prop_golf_ball_p2</HashName>
			<InitialHandle>291339</InitialHandle>
			<TaskSequence>
				<Task>
					<Type>39</Type>
					<Duration>1000</Duration>
					<KeepTaskRunningAfterTime>-2</KeepTaskRunningAfterTime>
					<IsLoopedTask>true</IsLoopedTask>
					<Delay>500</Delay>
					<AssetName>scr_solomon3</AssetName>
					<EffectName>scr_trev4_747_blood_impact</EffectName>
					<Scale>0.800000012</Scale>
					<Colour R="255" G="255" B="255" A="255" />
					<RelativePosition X="0" Y="0" Z="0" />
					<RelativeRotation X="0" Y="0" Z="0" />
				</Task>
			</TaskSequence>
			<ObjectProperties>
				<TextureVariation>0</TextureVariation>
			</ObjectProperties>
			<OpacityLevel>255</OpacityLevel>
			<LodDistance>16960</LodDistance>
			<IsVisible>true</IsVisible>
			<MaxHealth>1000</MaxHealth>
			<Health>1000</Health>
			<HasGravity>true</HasGravity>
			<IsOnFire>false</IsOnFire>
			<IsInvincible>true</IsInvincible>
			<IsBulletProof>false</IsBulletProof>
			<IsCollisionProof>false</IsCollisionProof>
			<IsExplosionProof>true</IsExplosionProof>
			<IsFireProof>false</IsFireProof>
			<IsMeleeProof>true</IsMeleeProof>
			<IsOnlyDamagedByPlayer>false</IsOnlyDamagedByPlayer>
			<PositionRotation>
				<X>1535.12268</X>
				<Y>3207.104</Y>
				<Z>39.3938828</Z>
				<Pitch>1.39407873</Pitch>
				<Roll>0.576025546</Roll>
				<Yaw>-89.7894669</Yaw>
			</PositionRotation>
			<Attachment isAttached="true">
				<AttachedTo>328459</AttachedTo>
				<BoneIndex>0</BoneIndex>
				<X>0.175273538</X>
				<Y>-0.085896641</Y>
				<Z>-0.307880491</Z>
				<Pitch>0.736793995</Pitch>
				<Roll>0.562995136</Roll>
				<Yaw>179.796661</Yaw>
			</Attachment>
		</Attachment>
		<Attachment>
			<ModelHash>0x605a3da9</ModelHash>
			<Type>3</Type>
			<Dynamic>false</Dynamic>
			<FrozenPos>true</FrozenPos>
			<HashName>prop_golf_ball_p2</HashName>
			<InitialHandle>291595</InitialHandle>
			<TaskSequence>
				<Task>
					<Type>39</Type>
					<Duration>1000</Duration>
					<KeepTaskRunningAfterTime>-2</KeepTaskRunningAfterTime>
					<IsLoopedTask>true</IsLoopedTask>
					<Delay>500</Delay>
					<AssetName>scr_solomon3</AssetName>
					<EffectName>scr_trev4_747_blood_impact</EffectName>
					<Scale>0.800000012</Scale>
					<Colour R="255" G="255" B="255" A="255" />
					<RelativePosition X="0" Y="0" Z="0" />
					<RelativeRotation X="0" Y="0" Z="0" />
				</Task>
			</TaskSequence>
			<ObjectProperties>
				<TextureVariation>0</TextureVariation>
			</ObjectProperties>
			<OpacityLevel>255</OpacityLevel>
			<LodDistance>16960</LodDistance>
			<IsVisible>true</IsVisible>
			<MaxHealth>1000</MaxHealth>
			<Health>1000</Health>
			<HasGravity>true</HasGravity>
			<IsOnFire>false</IsOnFire>
			<IsInvincible>true</IsInvincible>
			<IsBulletProof>false</IsBulletProof>
			<IsCollisionProof>false</IsCollisionProof>
			<IsExplosionProof>true</IsExplosionProof>
			<IsFireProof>false</IsFireProof>
			<IsMeleeProof>true</IsMeleeProof>
			<IsOnlyDamagedByPlayer>false</IsOnlyDamagedByPlayer>
			<PositionRotation>
				<X>1533.12292</X>
				<Y>3207.0896</Y>
				<Z>39.3709373</Z>
				<Pitch>1.39407873</Pitch>
				<Roll>0.576025546</Roll>
				<Yaw>-89.7894669</Yaw>
			</PositionRotation>
			<Attachment isAttached="true">
				<AttachedTo>328459</AttachedTo>
				<BoneIndex>0</BoneIndex>
				<X>0.175273538</X>
				<Y>1.91410363</Y>
				<Z>-0.307880491</Z>
				<Pitch>0.736793995</Pitch>
				<Roll>0.562995136</Roll>
				<Yaw>179.796661</Yaw>
			</Attachment>
		</Attachment>
	</SpoonerAttachments>
</Vehicle>
