<?xml version="1.0" encoding="ISO-8859-1"?>
<Vehicle menyoo_ver="0.99987681b">
	<ModelHash>0x8e08ec82</ModelHash>
	<InitialHandle>613639</InitialHandle>
	<VehicleProperties>
		<Colours>
			<Primary>151</Primary>
			<Secondary>129</Secondary>
			<Pearl>18</Pearl>
			<Rim>156</Rim>
			<Mod1_a>6</Mod1_a>
			<Mod1_b>-1</Mod1_b>
			<Mod1_c>-1</Mod1_c>
			<Mod2_a>6</Mod2_a>
			<Mod2_b>-1</Mod2_b>
			<IsPrimaryColourCustom>false</IsPrimaryColourCustom>
			<IsSecondaryColourCustom>false</IsSecondaryColourCustom>
			<tyreSmoke_R>255</tyreSmoke_R>
			<tyreSmoke_G>255</tyreSmoke_G>
			<tyreSmoke_B>255</tyreSmoke_B>
			<LrInterior>0</LrInterior>
			<LrDashboard>0</LrDashboard>
		</Colours>
		<Livery>-1</Livery>
		<NumberPlateText>40ZOD038</NumberPlateText>
		<NumberPlateIndex>0</NumberPlateIndex>
		<WheelType>0</WheelType>
		<WheelsInvisible>false</WheelsInvisible>
		<EngineSoundName></EngineSoundName>
		<WindowTint>-1</WindowTint>
		<BulletProofTyres>false</BulletProofTyres>
		<DirtLevel>0.615344822</DirtLevel>
		<PaintFade>0.298039228</PaintFade>
		<RoofState>0</RoofState>
		<SirenActive>false</SirenActive>
		<EngineOn>true</EngineOn>
		<EngineHealth>1250</EngineHealth>
		<LightsOn>false</LightsOn>
		<IsRadioLoud>0</IsRadioLoud>
		<LockStatus>1</LockStatus>
		<Neons>
			<Left>false</Left>
			<Right>false</Right>
			<Front>false</Front>
			<Back>false</Back>
			<R>255</R>
			<G>0</G>
			<B>255</B>
		</Neons>
		<ModExtras />
		<Mods>
			<_0>-1,0</_0>
			<_1>-1,0</_1>
			<_2>-1,0</_2>
			<_3>-1,0</_3>
			<_4>-1,0</_4>
			<_5>-1,0</_5>
			<_6>-1,0</_6>
			<_7>-1,0</_7>
			<_8>-1,0</_8>
			<_9>-1,0</_9>
			<_10>-1,0</_10>
			<_11>-1,0</_11>
			<_12>-1,0</_12>
			<_13>-1,0</_13>
			<_14>-1,0</_14>
			<_15>-1,0</_15>
			<_16>-1,0</_16>
			<_17>false</_17>
			<_18>false</_18>
			<_19>false</_19>
			<_20>false</_20>
			<_21>false</_21>
			<_22>false</_22>
			<_23>-1,0</_23>
			<_24>-1,0</_24>
			<_25>-1,0</_25>
			<_26>-1,0</_26>
			<_27>-1,0</_27>
			<_28>-1,0</_28>
			<_29>-1,0</_29>
			<_30>-1,0</_30>
			<_31>-1,0</_31>
			<_32>-1,0</_32>
			<_33>-1,0</_33>
			<_34>-1,0</_34>
			<_35>-1,0</_35>
			<_36>-1,0</_36>
			<_37>-1,0</_37>
			<_38>-1,0</_38>
			<_39>-1,0</_39>
			<_40>-1,0</_40>
			<_41>-1,0</_41>
			<_42>-1,0</_42>
			<_43>-1,0</_43>
			<_44>-1,0</_44>
			<_45>-1,0</_45>
			<_46>-1,0</_46>
			<_47>-1,0</_47>
			<_48>-1,0</_48>
		</Mods>
		<DoorsOpen>
			<BackLeftDoor>false</BackLeftDoor>
			<BackRightDoor>false</BackRightDoor>
			<FrontLeftDoor>false</FrontLeftDoor>
			<FrontRightDoor>false</FrontRightDoor>
			<Hood>false</Hood>
			<Trunk>false</Trunk>
			<Trunk2>false</Trunk2>
		</DoorsOpen>
		<DoorsBroken>
			<BackLeftDoor>false</BackLeftDoor>
			<BackRightDoor>false</BackRightDoor>
			<FrontLeftDoor>false</FrontLeftDoor>
			<FrontRightDoor>false</FrontRightDoor>
			<Hood>false</Hood>
			<Trunk>false</Trunk>
			<Trunk2>false</Trunk2>
		</DoorsBroken>
		<TyresBursted>
			<FrontLeft>false</FrontLeft>
			<FrontRight>false</FrontRight>
			<_2>false</_2>
			<_3>false</_3>
			<BackLeft>false</BackLeft>
			<BackRight>false</BackRight>
			<_6>false</_6>
			<_7>false</_7>
			<_8>false</_8>
		</TyresBursted>
	</VehicleProperties>
	<OpacityLevel>255</OpacityLevel>
	<LodDistance>16960</LodDistance>
	<IsVisible>true</IsVisible>
	<IsDriverVisible>true</IsDriverVisible>
	<MaxHealth>1000</MaxHealth>
	<Health>1000</Health>
	<HasGravity>true</HasGravity>
	<IsOnFire>false</IsOnFire>
	<IsInvincible>false</IsInvincible>
	<IsBulletProof>false</IsBulletProof>
	<IsExplosionProof>false</IsExplosionProof>
	<IsFireProof>false</IsFireProof>
	<IsMeleeProof>false</IsMeleeProof>
	<IsOnlyDamagedByPlayer>false</IsOnlyDamagedByPlayer>
	<SpoonerAttachments SetAttachmentsPersistentAndAddToSpoonerDatabase="false" StartTaskSequencesOnLoad="true">
		<Attachment>
			<ModelHash>0xca4b3e46</ModelHash>
			<Type>3</Type>
			<Dynamic>false</Dynamic>
			<FrozenPos>true</FrozenPos>
			<HashName>imp_prop_flatbed_ramp</HashName>
			<InitialHandle>467215</InitialHandle>
			<ObjectProperties>
				<TextureVariation>0</TextureVariation>
			</ObjectProperties>
			<OpacityLevel>255</OpacityLevel>
			<LodDistance>16960</LodDistance>
			<IsVisible>true</IsVisible>
			<MaxHealth>1000</MaxHealth>
			<Health>1000</Health>
			<HasGravity>true</HasGravity>
			<IsOnFire>false</IsOnFire>
			<IsInvincible>false</IsInvincible>
			<IsBulletProof>false</IsBulletProof>
			<IsCollisionProof>false</IsCollisionProof>
			<IsExplosionProof>false</IsExplosionProof>
			<IsFireProof>false</IsFireProof>
			<IsMeleeProof>false</IsMeleeProof>
			<IsOnlyDamagedByPlayer>false</IsOnlyDamagedByPlayer>
			<PositionRotation>
				<X>-789.49823</X>
				<Y>-1288.005</Y>
				<Z>6.75644875</Z>
				<Pitch>13.479085</Pitch>
				<Roll>-0.0124730747</Roll>
				<Yaw>87.5038223</Yaw>
			</PositionRotation>
			<Attachment isAttached="true">
				<AttachedTo>613639</AttachedTo>
				<BoneIndex>0</BoneIndex>
				<X>-0.012786366</X>
				<Y>-1.27818751</Y>
				<Z>1.96262956</Z>
				<Pitch>13.9822893</Pitch>
				<Roll>-0.013833046</Roll>
				<Yaw>-180.936523</Yaw>
			</Attachment>
		</Attachment>
		<Attachment>
			<ModelHash>0xe8669ff5</ModelHash>
			<Type>3</Type>
			<Dynamic>false</Dynamic>
			<FrozenPos>true</FrozenPos>
			<HashName>imp_prop_tool_draw_01b</HashName>
			<InitialHandle>737041</InitialHandle>
			<ObjectProperties>
				<TextureVariation>0</TextureVariation>
			</ObjectProperties>
			<OpacityLevel>255</OpacityLevel>
			<LodDistance>16960</LodDistance>
			<IsVisible>true</IsVisible>
			<MaxHealth>1000</MaxHealth>
			<Health>1000</Health>
			<HasGravity>true</HasGravity>
			<IsOnFire>false</IsOnFire>
			<IsInvincible>false</IsInvincible>
			<IsBulletProof>false</IsBulletProof>
			<IsCollisionProof>false</IsCollisionProof>
			<IsExplosionProof>false</IsExplosionProof>
			<IsFireProof>false</IsFireProof>
			<IsMeleeProof>false</IsMeleeProof>
			<IsOnlyDamagedByPlayer>false</IsOnlyDamagedByPlayer>
			<PositionRotation>
				<X>-788.141113</X>
				<Y>-1289.16504</Y>
				<Z>5.66770315</Z>
				<Pitch>-0.0647933856</Pitch>
				<Roll>0.487165987</Roll>
				<Yaw>171.985016</Yaw>
			</PositionRotation>
			<Attachment isAttached="true">
				<AttachedTo>613639</AttachedTo>
				<BoneIndex>0</BoneIndex>
				<X>1.10967875</X>
				<Y>0.100384846</Y>
				<Z>0.861549735</Z>
				<Pitch>-0.0177106112</Pitch>
				<Roll>-0.0138328904</Roll>
				<Yaw>-96.4559937</Yaw>
			</Attachment>
		</Attachment>
		<Attachment>
			<ModelHash>0x7a845307</ModelHash>
			<Type>3</Type>
			<Dynamic>false</Dynamic>
			<FrozenPos>true</FrozenPos>
			<HashName>ex_prop_crate_ammo_sc</HashName>
			<InitialHandle>369426</InitialHandle>
			<ObjectProperties>
				<TextureVariation>0</TextureVariation>
			</ObjectProperties>
			<OpacityLevel>255</OpacityLevel>
			<LodDistance>16960</LodDistance>
			<IsVisible>true</IsVisible>
			<MaxHealth>1000</MaxHealth>
			<Health>1000</Health>
			<HasGravity>true</HasGravity>
			<IsOnFire>false</IsOnFire>
			<IsInvincible>false</IsInvincible>
			<IsBulletProof>false</IsBulletProof>
			<IsCollisionProof>false</IsCollisionProof>
			<IsExplosionProof>false</IsExplosionProof>
			<IsFireProof>false</IsFireProof>
			<IsMeleeProof>false</IsMeleeProof>
			<IsOnlyDamagedByPlayer>false</IsOnlyDamagedByPlayer>
			<PositionRotation>
				<X>-788.29303</X>
				<Y>-1287.49377</Y>
				<Z>5.79762459</Z>
				<Pitch>-0.0973957255</Pitch>
				<Roll>-0.510690033</Roll>
				<Yaw>6.46469069</Yaw>
			</PositionRotation>
			<Attachment isAttached="true">
				<AttachedTo>613639</AttachedTo>
				<BoneIndex>0</BoneIndex>
				<X>-0.556775808</X>
				<Y>-0.0958424211</Y>
				<Z>0.993477464</Z>
				<Pitch>-0.0177106112</Pitch>
				<Roll>-0.0138328904</Roll>
				<Yaw>-261.975494</Yaw>
			</Attachment>
		</Attachment>
		<Attachment>
			<ModelHash>0x83a5b815</ModelHash>
			<Type>3</Type>
			<Dynamic>false</Dynamic>
			<FrozenPos>true</FrozenPos>
			<HashName>prop_sub_chunk_01</HashName>
			<InitialHandle>540948</InitialHandle>
			<ObjectProperties>
				<TextureVariation>0</TextureVariation>
			</ObjectProperties>
			<OpacityLevel>255</OpacityLevel>
			<LodDistance>16960</LodDistance>
			<IsVisible>true</IsVisible>
			<MaxHealth>1000</MaxHealth>
			<Health>1000</Health>
			<HasGravity>true</HasGravity>
			<IsOnFire>false</IsOnFire>
			<IsInvincible>false</IsInvincible>
			<IsBulletProof>false</IsBulletProof>
			<IsCollisionProof>false</IsCollisionProof>
			<IsExplosionProof>false</IsExplosionProof>
			<IsFireProof>false</IsFireProof>
			<IsMeleeProof>false</IsMeleeProof>
			<IsOnlyDamagedByPlayer>false</IsOnlyDamagedByPlayer>
			<PositionRotation>
				<X>-787.014404</X>
				<Y>-1286.68298</Y>
				<Z>6.17560577</Z>
				<Pitch>-0.52087754</Pitch>
				<Roll>-0.0201112889</Roll>
				<Yaw>86.6386795</Yaw>
			</PositionRotation>
			<Attachment isAttached="true">
				<AttachedTo>613639</AttachedTo>
				<BoneIndex>0</BoneIndex>
				<X>-1.40196335</X>
				<Y>1.1635505</Y>
				<Z>1.3605547</Z>
				<Pitch>-0.0177106112</Pitch>
				<Roll>-0.0138328904</Roll>
				<Yaw>-181.801956</Yaw>
			</Attachment>
		</Attachment>
		<Attachment>
			<ModelHash>0x83a5b815</ModelHash>
			<Type>3</Type>
			<Dynamic>false</Dynamic>
			<FrozenPos>true</FrozenPos>
			<HashName>prop_sub_chunk_01</HashName>
			<InitialHandle>76565</InitialHandle>
			<ObjectProperties>
				<TextureVariation>0</TextureVariation>
			</ObjectProperties>
			<OpacityLevel>255</OpacityLevel>
			<LodDistance>16960</LodDistance>
			<IsVisible>true</IsVisible>
			<MaxHealth>1000</MaxHealth>
			<Health>1000</Health>
			<HasGravity>true</HasGravity>
			<IsOnFire>false</IsOnFire>
			<IsInvincible>false</IsInvincible>
			<IsBulletProof>false</IsBulletProof>
			<IsCollisionProof>false</IsCollisionProof>
			<IsExplosionProof>false</IsExplosionProof>
			<IsFireProof>false</IsFireProof>
			<IsMeleeProof>false</IsMeleeProof>
			<IsOnlyDamagedByPlayer>false</IsOnlyDamagedByPlayer>
			<PositionRotation>
				<X>-787.001587</X>
				<Y>-1289.58618</Y>
				<Z>6.1769104</Z>
				<Pitch>0.485206038</Pitch>
				<Roll>0.00323638995</Roll>
				<Yaw>-94.5903397</Yaw>
			</PositionRotation>
			<Attachment isAttached="true">
				<AttachedTo>613639</AttachedTo>
				<BoneIndex>0</BoneIndex>
				<X>1.49977946</X>
				<Y>1.25536597</Y>
				<Z>1.36056888</Z>
				<Pitch>-0.0177106112</Pitch>
				<Roll>-0.0138328904</Roll>
				<Yaw>-3.03095245</Yaw>
			</Attachment>
		</Attachment>
		<Attachment>
			<ModelHash>0xb0b51271</ModelHash>
			<Type>3</Type>
			<Dynamic>false</Dynamic>
			<FrozenPos>true</FrozenPos>
			<HashName>prop_rub_chassis_03</HashName>
			<InitialHandle>342295</InitialHandle>
			<ObjectProperties>
				<TextureVariation>0</TextureVariation>
			</ObjectProperties>
			<OpacityLevel>255</OpacityLevel>
			<LodDistance>16960</LodDistance>
			<IsVisible>true</IsVisible>
			<MaxHealth>1000</MaxHealth>
			<Health>1000</Health>
			<HasGravity>true</HasGravity>
			<IsOnFire>false</IsOnFire>
			<IsInvincible>false</IsInvincible>
			<IsBulletProof>false</IsBulletProof>
			<IsCollisionProof>false</IsCollisionProof>
			<IsExplosionProof>false</IsExplosionProof>
			<IsFireProof>false</IsFireProof>
			<IsMeleeProof>false</IsMeleeProof>
			<IsOnlyDamagedByPlayer>false</IsOnlyDamagedByPlayer>
			<PositionRotation>
				<X>-783.777832</X>
				<Y>-1288.1582</Y>
				<Z>5.41247749</Z>
				<Pitch>89.1054001</Pitch>
				<Roll>-65.2419815</Roll>
				<Yaw>152.519089</Yaw>
			</PositionRotation>
			<Attachment isAttached="true">
				<AttachedTo>613639</AttachedTo>
				<BoneIndex>0</BoneIndex>
				<X>-0.0154869203</X>
				<Y>4.43220139</Y>
				<Z>0.568463147</Z>
				<Pitch>89.1781006</Pitch>
				<Roll>-98.9962769</Roll>
				<Yaw>-82.1708679</Yaw>
			</Attachment>
		</Attachment>
		<Attachment>
			<ModelHash>0x83a5b815</ModelHash>
			<Type>3</Type>
			<Dynamic>false</Dynamic>
			<FrozenPos>true</FrozenPos>
			<HashName>prop_sub_chunk_01</HashName>
			<InitialHandle>199448</InitialHandle>
			<ObjectProperties>
				<TextureVariation>0</TextureVariation>
			</ObjectProperties>
			<OpacityLevel>255</OpacityLevel>
			<LodDistance>16960</LodDistance>
			<IsVisible>true</IsVisible>
			<MaxHealth>1000</MaxHealth>
			<Health>1000</Health>
			<HasGravity>true</HasGravity>
			<IsOnFire>false</IsOnFire>
			<IsInvincible>false</IsInvincible>
			<IsBulletProof>false</IsBulletProof>
			<IsCollisionProof>false</IsCollisionProof>
			<IsExplosionProof>false</IsExplosionProof>
			<IsFireProof>false</IsFireProof>
			<IsMeleeProof>false</IsMeleeProof>
			<IsOnlyDamagedByPlayer>false</IsOnlyDamagedByPlayer>
			<PositionRotation>
				<X>-782.914368</X>
				<Y>-1287.47327</Y>
				<Z>4.94082499</Z>
				<Pitch>-0.0212889928</Pitch>
				<Roll>0.48936066</Roll>
				<Yaw>176.946213</Yaw>
			</PositionRotation>
			<Attachment isAttached="true">
				<AttachedTo>613639</AttachedTo>
				<BoneIndex>0</BoneIndex>
				<X>-0.723759294</X>
				<Y>5.27253246</Y>
				<Z>0.0895321667</Z>
				<Pitch>-0.0177106112</Pitch>
				<Roll>-0.0138328904</Roll>
				<Yaw>-91.4946289</Yaw>
			</Attachment>
		</Attachment>
		<Attachment>
			<ModelHash>0x83a5b815</ModelHash>
			<Type>3</Type>
			<Dynamic>false</Dynamic>
			<FrozenPos>true</FrozenPos>
			<HashName>prop_sub_chunk_01</HashName>
			<InitialHandle>631575</InitialHandle>
			<ObjectProperties>
				<TextureVariation>0</TextureVariation>
			</ObjectProperties>
			<OpacityLevel>255</OpacityLevel>
			<LodDistance>16960</LodDistance>
			<IsVisible>true</IsVisible>
			<MaxHealth>1000</MaxHealth>
			<Health>1000</Health>
			<HasGravity>true</HasGravity>
			<IsOnFire>false</IsOnFire>
			<IsInvincible>false</IsInvincible>
			<IsBulletProof>false</IsBulletProof>
			<IsCollisionProof>false</IsCollisionProof>
			<IsExplosionProof>false</IsExplosionProof>
			<IsFireProof>false</IsFireProof>
			<IsMeleeProof>false</IsMeleeProof>
			<IsOnlyDamagedByPlayer>false</IsOnlyDamagedByPlayer>
			<PositionRotation>
				<X>-782.979736</X>
				<Y>-1288.77197</Y>
				<Z>4.94077873</Z>
				<Pitch>-0.0212889928</Pitch>
				<Roll>0.48936066</Roll>
				<Yaw>176.946213</Yaw>
			</PositionRotation>
			<Attachment isAttached="true">
				<AttachedTo>613639</AttachedTo>
				<BoneIndex>0</BoneIndex>
				<X>0.576240659</X>
				<Y>5.24253178</Y>
				<Z>0.0895321667</Z>
				<Pitch>-0.0177106112</Pitch>
				<Roll>-0.0138328904</Roll>
				<Yaw>-91.4946289</Yaw>
			</Attachment>
		</Attachment>
		<Attachment>
			<ModelHash>0xb0b51271</ModelHash>
			<Type>3</Type>
			<Dynamic>false</Dynamic>
			<FrozenPos>true</FrozenPos>
			<HashName>prop_rub_chassis_03</HashName>
			<InitialHandle>92186</InitialHandle>
			<ObjectProperties>
				<TextureVariation>0</TextureVariation>
			</ObjectProperties>
			<OpacityLevel>255</OpacityLevel>
			<LodDistance>16960</LodDistance>
			<IsVisible>true</IsVisible>
			<MaxHealth>1000</MaxHealth>
			<Health>1000</Health>
			<HasGravity>true</HasGravity>
			<IsOnFire>false</IsOnFire>
			<IsInvincible>false</IsInvincible>
			<IsBulletProof>false</IsBulletProof>
			<IsCollisionProof>false</IsCollisionProof>
			<IsExplosionProof>false</IsExplosionProof>
			<IsFireProof>false</IsFireProof>
			<IsMeleeProof>false</IsMeleeProof>
			<IsOnlyDamagedByPlayer>false</IsOnlyDamagedByPlayer>
			<PositionRotation>
				<X>-783.377991</X>
				<Y>-1288.16907</Y>
				<Z>5.4159894</Z>
				<Pitch>89.1054001</Pitch>
				<Roll>114.758194</Roll>
				<Yaw>152.518875</Yaw>
			</PositionRotation>
			<Attachment isAttached="true">
				<AttachedTo>613639</AttachedTo>
				<BoneIndex>0</BoneIndex>
				<X>-0.0154869203</X>
				<Y>4.832201</Y>
				<Z>0.568463147</Z>
				<Pitch>89.1781006</Pitch>
				<Roll>81.0037231</Roll>
				<Yaw>-82.1708679</Yaw>
			</Attachment>
		</Attachment>
		<Attachment>
			<ModelHash>0xb0b51271</ModelHash>
			<Type>3</Type>
			<Dynamic>false</Dynamic>
			<FrozenPos>true</FrozenPos>
			<HashName>prop_rub_chassis_03</HashName>
			<InitialHandle>577562</InitialHandle>
			<ObjectProperties>
				<TextureVariation>0</TextureVariation>
			</ObjectProperties>
			<OpacityLevel>255</OpacityLevel>
			<LodDistance>16960</LodDistance>
			<IsVisible>true</IsVisible>
			<MaxHealth>1000</MaxHealth>
			<Health>1000</Health>
			<HasGravity>true</HasGravity>
			<IsOnFire>false</IsOnFire>
			<IsInvincible>false</IsInvincible>
			<IsBulletProof>false</IsBulletProof>
			<IsCollisionProof>false</IsCollisionProof>
			<IsExplosionProof>false</IsExplosionProof>
			<IsFireProof>false</IsFireProof>
			<IsMeleeProof>false</IsMeleeProof>
			<IsOnlyDamagedByPlayer>false</IsOnlyDamagedByPlayer>
			<PositionRotation>
				<X>-783.677917</X>
				<Y>-1288.16101</Y>
				<Z>5.41335535</Z>
				<Pitch>89.1054001</Pitch>
				<Roll>114.758194</Roll>
				<Yaw>152.518875</Yaw>
			</PositionRotation>
			<Attachment isAttached="true">
				<AttachedTo>613639</AttachedTo>
				<BoneIndex>0</BoneIndex>
				<X>-0.0154869203</X>
				<Y>4.53220129</Y>
				<Z>0.568463147</Z>
				<Pitch>89.1781006</Pitch>
				<Roll>81.0037231</Roll>
				<Yaw>-82.1708679</Yaw>
			</Attachment>
		</Attachment>
		<Attachment>
			<ModelHash>0xb0b51271</ModelHash>
			<Type>3</Type>
			<Dynamic>false</Dynamic>
			<FrozenPos>true</FrozenPos>
			<HashName>prop_rub_chassis_03</HashName>
			<InitialHandle>727833</InitialHandle>
			<ObjectProperties>
				<TextureVariation>0</TextureVariation>
			</ObjectProperties>
			<OpacityLevel>255</OpacityLevel>
			<LodDistance>16960</LodDistance>
			<IsVisible>true</IsVisible>
			<MaxHealth>1000</MaxHealth>
			<Health>1000</Health>
			<HasGravity>true</HasGravity>
			<IsOnFire>false</IsOnFire>
			<IsInvincible>false</IsInvincible>
			<IsBulletProof>false</IsBulletProof>
			<IsCollisionProof>false</IsCollisionProof>
			<IsExplosionProof>false</IsExplosionProof>
			<IsFireProof>false</IsFireProof>
			<IsMeleeProof>false</IsMeleeProof>
			<IsOnlyDamagedByPlayer>false</IsOnlyDamagedByPlayer>
			<PositionRotation>
				<X>-783.977783</X>
				<Y>-1288.15283</Y>
				<Z>5.41072083</Z>
				<Pitch>89.1054001</Pitch>
				<Roll>114.758194</Roll>
				<Yaw>152.518875</Yaw>
			</PositionRotation>
			<Attachment isAttached="true">
				<AttachedTo>613639</AttachedTo>
				<BoneIndex>0</BoneIndex>
				<X>-0.0154869203</X>
				<Y>4.23220158</Y>
				<Z>0.568463147</Z>
				<Pitch>89.1781006</Pitch>
				<Roll>81.0037231</Roll>
				<Yaw>-82.1708679</Yaw>
			</Attachment>
		</Attachment>
		<Attachment>
			<ModelHash>0xc4cd1a66</ModelHash>
			<Type>3</Type>
			<Dynamic>false</Dynamic>
			<FrozenPos>true</FrozenPos>
			<HashName>prop_byard_machine03</HashName>
			<InitialHandle>129822</InitialHandle>
			<ObjectProperties>
				<TextureVariation>0</TextureVariation>
			</ObjectProperties>
			<OpacityLevel>255</OpacityLevel>
			<LodDistance>16960</LodDistance>
			<IsVisible>true</IsVisible>
			<MaxHealth>1000</MaxHealth>
			<Health>1000</Health>
			<HasGravity>true</HasGravity>
			<IsOnFire>false</IsOnFire>
			<IsInvincible>false</IsInvincible>
			<IsBulletProof>false</IsBulletProof>
			<IsCollisionProof>false</IsCollisionProof>
			<IsExplosionProof>false</IsExplosionProof>
			<IsFireProof>false</IsFireProof>
			<IsMeleeProof>false</IsMeleeProof>
			<IsOnlyDamagedByPlayer>false</IsOnlyDamagedByPlayer>
			<PositionRotation>
				<X>-784.869934</X>
				<Y>-1288.11414</Y>
				<Z>4.73515034</Z>
				<Pitch>0.0427457877</Pitch>
				<Roll>0.567481518</Roll>
				<Yaw>177.599777</Yaw>
			</PositionRotation>
			<Attachment isAttached="true">
				<AttachedTo>613639</AttachedTo>
				<BoneIndex>27</BoneIndex>
				<X>-0.0299772918</X>
				<Y>3.33341575</Y>
				<Z>-0.0992382914</Z>
				<Pitch>0.0405818485</Pitch>
				<Roll>0.064279817</Roll>
				<Yaw>-90.8405151</Yaw>
			</Attachment>
		</Attachment>
		<Attachment>
			<ModelHash>0x099388b6</ModelHash>
			<Type>3</Type>
			<Dynamic>false</Dynamic>
			<FrozenPos>true</FrozenPos>
			<HashName>prop_worklight_02a</HashName>
			<InitialHandle>304160</InitialHandle>
			<ObjectProperties>
				<TextureVariation>0</TextureVariation>
			</ObjectProperties>
			<OpacityLevel>255</OpacityLevel>
			<LodDistance>16960</LodDistance>
			<IsVisible>true</IsVisible>
			<MaxHealth>1000</MaxHealth>
			<Health>1000</Health>
			<HasGravity>true</HasGravity>
			<IsOnFire>false</IsOnFire>
			<IsInvincible>false</IsInvincible>
			<IsBulletProof>false</IsBulletProof>
			<IsCollisionProof>false</IsCollisionProof>
			<IsExplosionProof>false</IsExplosionProof>
			<IsFireProof>false</IsFireProof>
			<IsMeleeProof>false</IsMeleeProof>
			<IsOnlyDamagedByPlayer>false</IsOnlyDamagedByPlayer>
			<PositionRotation>
				<X>-783.270813</X>
				<Y>-1288.89502</Y>
				<Z>5.34571028</Z>
				<Pitch>-0.335621357</Pitch>
				<Roll>-0.0851499289</Roll>
				<Yaw>87.0354309</Yaw>
			</PositionRotation>
			<Attachment isAttached="true">
				<AttachedTo>613639</AttachedTo>
				<BoneIndex>0</BoneIndex>
				<X>0.707227707</X>
				<Y>4.95848608</Y>
				<Z>0.49695152</Z>
				<Pitch>0.167577103</Pitch>
				<Roll>-0.0823558494</Roll>
				<Yaw>178.594757</Yaw>
			</Attachment>
		</Attachment>
		<Attachment>
			<ModelHash>0x099388b6</ModelHash>
			<Type>3</Type>
			<Dynamic>false</Dynamic>
			<FrozenPos>true</FrozenPos>
			<HashName>prop_worklight_02a</HashName>
			<InitialHandle>776992</InitialHandle>
			<ObjectProperties>
				<TextureVariation>0</TextureVariation>
			</ObjectProperties>
			<OpacityLevel>255</OpacityLevel>
			<LodDistance>16960</LodDistance>
			<IsVisible>true</IsVisible>
			<MaxHealth>1000</MaxHealth>
			<Health>1000</Health>
			<HasGravity>true</HasGravity>
			<IsOnFire>false</IsOnFire>
			<IsInvincible>false</IsInvincible>
			<IsBulletProof>false</IsBulletProof>
			<IsCollisionProof>false</IsCollisionProof>
			<IsExplosionProof>false</IsExplosionProof>
			<IsFireProof>false</IsFireProof>
			<IsMeleeProof>false</IsMeleeProof>
			<IsOnlyDamagedByPlayer>false</IsOnlyDamagedByPlayer>
			<PositionRotation>
				<X>-783.200806</X>
				<Y>-1287.42639</Y>
				<Z>5.3457284</Z>
				<Pitch>-0.335621357</Pitch>
				<Roll>-0.0851499289</Roll>
				<Yaw>87.0354309</Yaw>
			</PositionRotation>
			<Attachment isAttached="true">
				<AttachedTo>613639</AttachedTo>
				<BoneIndex>0</BoneIndex>
				<X>-0.762772322</X>
				<Y>4.98848677</Y>
				<Z>0.49695152</Z>
				<Pitch>0.167577103</Pitch>
				<Roll>-0.0823558494</Roll>
				<Yaw>178.594757</Yaw>
			</Attachment>
		</Attachment>
		<Attachment>
			<ModelHash>0xbbbd0cd0</ModelHash>
			<Type>3</Type>
			<Dynamic>false</Dynamic>
			<FrozenPos>true</FrozenPos>
			<HashName>prop_fncsec_01pole</HashName>
			<InitialHandle>335138</InitialHandle>
			<ObjectProperties>
				<TextureVariation>0</TextureVariation>
			</ObjectProperties>
			<OpacityLevel>255</OpacityLevel>
			<LodDistance>16960</LodDistance>
			<IsVisible>true</IsVisible>
			<MaxHealth>1000</MaxHealth>
			<Health>1000</Health>
			<HasGravity>true</HasGravity>
			<IsOnFire>false</IsOnFire>
			<IsInvincible>false</IsInvincible>
			<IsBulletProof>false</IsBulletProof>
			<IsCollisionProof>false</IsCollisionProof>
			<IsExplosionProof>false</IsExplosionProof>
			<IsFireProof>false</IsFireProof>
			<IsMeleeProof>false</IsMeleeProof>
			<IsOnlyDamagedByPlayer>false</IsOnlyDamagedByPlayer>
			<PositionRotation>
				<X>-782.995667</X>
				<Y>-1287.54907</Y>
				<Z>5.39570141</Z>
				<Pitch>0.1632424</Pitch>
				<Roll>90.4208145</Roll>
				<Yaw>176.858398</Yaw>
			</PositionRotation>
			<Attachment isAttached="true">
				<AttachedTo>613639</AttachedTo>
				<BoneIndex>0</BoneIndex>
				<X>-0.645685375</X>
				<Y>5.19733763</Y>
				<Z>0.545072973</Z>
				<Pitch>0.167577744</Pitch>
				<Roll>89.9176407</Roll>
				<Yaw>-91.5808258</Yaw>
			</Attachment>
		</Attachment>
		<Attachment>
			<ModelHash>0xbbbd0cd0</ModelHash>
			<Type>3</Type>
			<Dynamic>false</Dynamic>
			<FrozenPos>true</FrozenPos>
			<HashName>prop_fncsec_01pole</HashName>
			<InitialHandle>431907</InitialHandle>
			<ObjectProperties>
				<TextureVariation>0</TextureVariation>
			</ObjectProperties>
			<OpacityLevel>255</OpacityLevel>
			<LodDistance>16960</LodDistance>
			<IsVisible>true</IsVisible>
			<MaxHealth>1000</MaxHealth>
			<Health>1000</Health>
			<HasGravity>true</HasGravity>
			<IsOnFire>false</IsOnFire>
			<IsInvincible>false</IsInvincible>
			<IsBulletProof>false</IsBulletProof>
			<IsCollisionProof>false</IsCollisionProof>
			<IsExplosionProof>false</IsExplosionProof>
			<IsFireProof>false</IsFireProof>
			<IsMeleeProof>false</IsMeleeProof>
			<IsOnlyDamagedByPlayer>false</IsOnlyDamagedByPlayer>
			<PositionRotation>
				<X>-782.994568</X>
				<Y>-1287.50916</Y>
				<Z>5.39569473</Z>
				<Pitch>0.1632424</Pitch>
				<Roll>90.4208145</Roll>
				<Yaw>176.858398</Yaw>
			</PositionRotation>
			<Attachment isAttached="true">
				<AttachedTo>613639</AttachedTo>
				<BoneIndex>0</BoneIndex>
				<X>-0.685685337</X>
				<Y>5.19733763</Y>
				<Z>0.545072973</Z>
				<Pitch>0.167577744</Pitch>
				<Roll>89.9176407</Roll>
				<Yaw>-91.5808258</Yaw>
			</Attachment>
		</Attachment>
		<Attachment>
			<ModelHash>0xbbbd0cd0</ModelHash>
			<Type>3</Type>
			<Dynamic>false</Dynamic>
			<FrozenPos>true</FrozenPos>
			<HashName>prop_fncsec_01pole</HashName>
			<InitialHandle>551459</InitialHandle>
			<ObjectProperties>
				<TextureVariation>0</TextureVariation>
			</ObjectProperties>
			<OpacityLevel>255</OpacityLevel>
			<LodDistance>16960</LodDistance>
			<IsVisible>true</IsVisible>
			<MaxHealth>1000</MaxHealth>
			<Health>1000</Health>
			<HasGravity>true</HasGravity>
			<IsOnFire>false</IsOnFire>
			<IsInvincible>false</IsInvincible>
			<IsBulletProof>false</IsBulletProof>
			<IsCollisionProof>false</IsCollisionProof>
			<IsExplosionProof>false</IsExplosionProof>
			<IsFireProof>false</IsFireProof>
			<IsMeleeProof>false</IsMeleeProof>
			<IsOnlyDamagedByPlayer>false</IsOnlyDamagedByPlayer>
			<PositionRotation>
				<X>-782.993469</X>
				<Y>-1287.46912</Y>
				<Z>5.39568806</Z>
				<Pitch>0.1632424</Pitch>
				<Roll>90.4208145</Roll>
				<Yaw>176.858398</Yaw>
			</PositionRotation>
			<Attachment isAttached="true">
				<AttachedTo>613639</AttachedTo>
				<BoneIndex>0</BoneIndex>
				<X>-0.725685298</X>
				<Y>5.19733763</Y>
				<Z>0.545072973</Z>
				<Pitch>0.167577744</Pitch>
				<Roll>89.9176407</Roll>
				<Yaw>-91.5808258</Yaw>
			</Attachment>
		</Attachment>
		<Attachment>
			<ModelHash>0xbbbd0cd0</ModelHash>
			<Type>3</Type>
			<Dynamic>false</Dynamic>
			<FrozenPos>true</FrozenPos>
			<HashName>prop_fncsec_01pole</HashName>
			<InitialHandle>713251</InitialHandle>
			<ObjectProperties>
				<TextureVariation>0</TextureVariation>
			</ObjectProperties>
			<OpacityLevel>255</OpacityLevel>
			<LodDistance>16960</LodDistance>
			<IsVisible>true</IsVisible>
			<MaxHealth>1000</MaxHealth>
			<Health>1000</Health>
			<HasGravity>true</HasGravity>
			<IsOnFire>false</IsOnFire>
			<IsInvincible>false</IsInvincible>
			<IsBulletProof>false</IsBulletProof>
			<IsCollisionProof>false</IsCollisionProof>
			<IsExplosionProof>false</IsExplosionProof>
			<IsFireProof>false</IsFireProof>
			<IsMeleeProof>false</IsMeleeProof>
			<IsOnlyDamagedByPlayer>false</IsOnlyDamagedByPlayer>
			<PositionRotation>
				<X>-782.992432</X>
				<Y>-1287.4292</Y>
				<Z>5.39568138</Z>
				<Pitch>0.1632424</Pitch>
				<Roll>90.4208145</Roll>
				<Yaw>176.858398</Yaw>
			</PositionRotation>
			<Attachment isAttached="true">
				<AttachedTo>613639</AttachedTo>
				<BoneIndex>0</BoneIndex>
				<X>-0.76568526</X>
				<Y>5.19733763</Y>
				<Z>0.545072973</Z>
				<Pitch>0.167577744</Pitch>
				<Roll>89.9176407</Roll>
				<Yaw>-91.5808258</Yaw>
			</Attachment>
		</Attachment>
		<Attachment>
			<ModelHash>0xbbbd0cd0</ModelHash>
			<Type>3</Type>
			<Dynamic>false</Dynamic>
			<FrozenPos>true</FrozenPos>
			<HashName>prop_fncsec_01pole</HashName>
			<InitialHandle>166947</InitialHandle>
			<ObjectProperties>
				<TextureVariation>0</TextureVariation>
			</ObjectProperties>
			<OpacityLevel>255</OpacityLevel>
			<LodDistance>16960</LodDistance>
			<IsVisible>true</IsVisible>
			<MaxHealth>1000</MaxHealth>
			<Health>1000</Health>
			<HasGravity>true</HasGravity>
			<IsOnFire>false</IsOnFire>
			<IsInvincible>false</IsInvincible>
			<IsBulletProof>false</IsBulletProof>
			<IsCollisionProof>false</IsCollisionProof>
			<IsExplosionProof>false</IsExplosionProof>
			<IsFireProof>false</IsFireProof>
			<IsMeleeProof>false</IsMeleeProof>
			<IsOnlyDamagedByPlayer>false</IsOnlyDamagedByPlayer>
			<PositionRotation>
				<X>-782.991333</X>
				<Y>-1287.38916</Y>
				<Z>5.39567471</Z>
				<Pitch>0.1632424</Pitch>
				<Roll>90.4208145</Roll>
				<Yaw>176.858398</Yaw>
			</PositionRotation>
			<Attachment isAttached="true">
				<AttachedTo>613639</AttachedTo>
				<BoneIndex>0</BoneIndex>
				<X>-0.805685222</X>
				<Y>5.19733763</Y>
				<Z>0.545072973</Z>
				<Pitch>0.167577744</Pitch>
				<Roll>89.9176407</Roll>
				<Yaw>-91.5808258</Yaw>
			</Attachment>
		</Attachment>
		<Attachment>
			<ModelHash>0xbbbd0cd0</ModelHash>
			<Type>3</Type>
			<Dynamic>false</Dynamic>
			<FrozenPos>true</FrozenPos>
			<HashName>prop_fncsec_01pole</HashName>
			<InitialHandle>599843</InitialHandle>
			<ObjectProperties>
				<TextureVariation>0</TextureVariation>
			</ObjectProperties>
			<OpacityLevel>255</OpacityLevel>
			<LodDistance>16960</LodDistance>
			<IsVisible>true</IsVisible>
			<MaxHealth>1000</MaxHealth>
			<Health>1000</Health>
			<HasGravity>true</HasGravity>
			<IsOnFire>false</IsOnFire>
			<IsInvincible>false</IsInvincible>
			<IsBulletProof>false</IsBulletProof>
			<IsCollisionProof>false</IsCollisionProof>
			<IsExplosionProof>false</IsExplosionProof>
			<IsFireProof>false</IsFireProof>
			<IsMeleeProof>false</IsMeleeProof>
			<IsOnlyDamagedByPlayer>false</IsOnlyDamagedByPlayer>
			<PositionRotation>
				<X>-782.990234</X>
				<Y>-1287.34912</Y>
				<Z>5.39566803</Z>
				<Pitch>0.1632424</Pitch>
				<Roll>90.4208145</Roll>
				<Yaw>176.858398</Yaw>
			</PositionRotation>
			<Attachment isAttached="true">
				<AttachedTo>613639</AttachedTo>
				<BoneIndex>0</BoneIndex>
				<X>-0.845685184</X>
				<Y>5.19733763</Y>
				<Z>0.545072973</Z>
				<Pitch>0.167577744</Pitch>
				<Roll>89.9176407</Roll>
				<Yaw>-91.5808258</Yaw>
			</Attachment>
		</Attachment>
		<Attachment>
			<ModelHash>0xbbbd0cd0</ModelHash>
			<Type>3</Type>
			<Dynamic>false</Dynamic>
			<FrozenPos>true</FrozenPos>
			<HashName>prop_fncsec_01pole</HashName>
			<InitialHandle>99619</InitialHandle>
			<ObjectProperties>
				<TextureVariation>0</TextureVariation>
			</ObjectProperties>
			<OpacityLevel>255</OpacityLevel>
			<LodDistance>16960</LodDistance>
			<IsVisible>true</IsVisible>
			<MaxHealth>1000</MaxHealth>
			<Health>1000</Health>
			<HasGravity>true</HasGravity>
			<IsOnFire>false</IsOnFire>
			<IsInvincible>false</IsInvincible>
			<IsBulletProof>false</IsBulletProof>
			<IsCollisionProof>false</IsCollisionProof>
			<IsExplosionProof>false</IsExplosionProof>
			<IsFireProof>false</IsFireProof>
			<IsMeleeProof>false</IsMeleeProof>
			<IsOnlyDamagedByPlayer>false</IsOnlyDamagedByPlayer>
			<PositionRotation>
				<X>-782.989136</X>
				<Y>-1287.3092</Y>
				<Z>5.39566135</Z>
				<Pitch>0.1632424</Pitch>
				<Roll>90.4208145</Roll>
				<Yaw>176.858398</Yaw>
			</PositionRotation>
			<Attachment isAttached="true">
				<AttachedTo>613639</AttachedTo>
				<BoneIndex>0</BoneIndex>
				<X>-0.885685146</X>
				<Y>5.19733763</Y>
				<Z>0.545072973</Z>
				<Pitch>0.167577744</Pitch>
				<Roll>89.9176407</Roll>
				<Yaw>-91.5808258</Yaw>
			</Attachment>
		</Attachment>
		<Attachment>
			<ModelHash>0xbbbd0cd0</ModelHash>
			<Type>3</Type>
			<Dynamic>false</Dynamic>
			<FrozenPos>true</FrozenPos>
			<HashName>prop_fncsec_01pole</HashName>
			<InitialHandle>580899</InitialHandle>
			<ObjectProperties>
				<TextureVariation>0</TextureVariation>
			</ObjectProperties>
			<OpacityLevel>255</OpacityLevel>
			<LodDistance>16960</LodDistance>
			<IsVisible>true</IsVisible>
			<MaxHealth>1000</MaxHealth>
			<Health>1000</Health>
			<HasGravity>true</HasGravity>
			<IsOnFire>false</IsOnFire>
			<IsInvincible>false</IsInvincible>
			<IsBulletProof>false</IsBulletProof>
			<IsCollisionProof>false</IsCollisionProof>
			<IsExplosionProof>false</IsExplosionProof>
			<IsFireProof>false</IsFireProof>
			<IsMeleeProof>false</IsMeleeProof>
			<IsOnlyDamagedByPlayer>false</IsOnlyDamagedByPlayer>
			<PositionRotation>
				<X>-782.988037</X>
				<Y>-1287.26917</Y>
				<Z>5.39565468</Z>
				<Pitch>0.1632424</Pitch>
				<Roll>90.4208145</Roll>
				<Yaw>176.858398</Yaw>
			</PositionRotation>
			<Attachment isAttached="true">
				<AttachedTo>613639</AttachedTo>
				<BoneIndex>0</BoneIndex>
				<X>-0.925685108</X>
				<Y>5.19733763</Y>
				<Z>0.545072973</Z>
				<Pitch>0.167577744</Pitch>
				<Roll>89.9176407</Roll>
				<Yaw>-91.5808258</Yaw>
			</Attachment>
		</Attachment>
		<Attachment>
			<ModelHash>0xbbbd0cd0</ModelHash>
			<Type>3</Type>
			<Dynamic>false</Dynamic>
			<FrozenPos>true</FrozenPos>
			<HashName>prop_fncsec_01pole</HashName>
			<InitialHandle>449316</InitialHandle>
			<ObjectProperties>
				<TextureVariation>0</TextureVariation>
			</ObjectProperties>
			<OpacityLevel>255</OpacityLevel>
			<LodDistance>16960</LodDistance>
			<IsVisible>true</IsVisible>
			<MaxHealth>1000</MaxHealth>
			<Health>1000</Health>
			<HasGravity>true</HasGravity>
			<IsOnFire>false</IsOnFire>
			<IsInvincible>false</IsInvincible>
			<IsBulletProof>false</IsBulletProof>
			<IsCollisionProof>false</IsCollisionProof>
			<IsExplosionProof>false</IsExplosionProof>
			<IsFireProof>false</IsFireProof>
			<IsMeleeProof>false</IsMeleeProof>
			<IsOnlyDamagedByPlayer>false</IsOnlyDamagedByPlayer>
			<PositionRotation>
				<X>-782.986938</X>
				<Y>-1287.22925</Y>
				<Z>5.395648</Z>
				<Pitch>0.1632424</Pitch>
				<Roll>90.4208145</Roll>
				<Yaw>176.858398</Yaw>
			</PositionRotation>
			<Attachment isAttached="true">
				<AttachedTo>613639</AttachedTo>
				<BoneIndex>0</BoneIndex>
				<X>-0.96568507</X>
				<Y>5.19733763</Y>
				<Z>0.545072973</Z>
				<Pitch>0.167577744</Pitch>
				<Roll>89.9176407</Roll>
				<Yaw>-91.5808258</Yaw>
			</Attachment>
		</Attachment>
		<Attachment>
			<ModelHash>0xbbbd0cd0</ModelHash>
			<Type>3</Type>
			<Dynamic>false</Dynamic>
			<FrozenPos>true</FrozenPos>
			<HashName>prop_fncsec_01pole</HashName>
			<InitialHandle>759074</InitialHandle>
			<ObjectProperties>
				<TextureVariation>0</TextureVariation>
			</ObjectProperties>
			<OpacityLevel>255</OpacityLevel>
			<LodDistance>16960</LodDistance>
			<IsVisible>true</IsVisible>
			<MaxHealth>1000</MaxHealth>
			<Health>1000</Health>
			<HasGravity>true</HasGravity>
			<IsOnFire>false</IsOnFire>
			<IsInvincible>false</IsInvincible>
			<IsBulletProof>false</IsBulletProof>
			<IsCollisionProof>false</IsCollisionProof>
			<IsExplosionProof>false</IsExplosionProof>
			<IsFireProof>false</IsFireProof>
			<IsMeleeProof>false</IsMeleeProof>
			<IsOnlyDamagedByPlayer>false</IsOnlyDamagedByPlayer>
			<PositionRotation>
				<X>-782.985901</X>
				<Y>-1287.18921</Y>
				<Z>5.39564133</Z>
				<Pitch>0.1632424</Pitch>
				<Roll>90.4208145</Roll>
				<Yaw>176.858398</Yaw>
			</PositionRotation>
			<Attachment isAttached="true">
				<AttachedTo>613639</AttachedTo>
				<BoneIndex>0</BoneIndex>
				<X>-1.00568509</X>
				<Y>5.19733763</Y>
				<Z>0.545072973</Z>
				<Pitch>0.167577744</Pitch>
				<Roll>89.9176407</Roll>
				<Yaw>-91.5808258</Yaw>
			</Attachment>
		</Attachment>
		<Attachment>
			<ModelHash>0xbbbd0cd0</ModelHash>
			<Type>3</Type>
			<Dynamic>false</Dynamic>
			<FrozenPos>true</FrozenPos>
			<HashName>prop_fncsec_01pole</HashName>
			<InitialHandle>557092</InitialHandle>
			<ObjectProperties>
				<TextureVariation>0</TextureVariation>
			</ObjectProperties>
			<OpacityLevel>255</OpacityLevel>
			<LodDistance>16960</LodDistance>
			<IsVisible>true</IsVisible>
			<MaxHealth>1000</MaxHealth>
			<Health>1000</Health>
			<HasGravity>true</HasGravity>
			<IsOnFire>false</IsOnFire>
			<IsInvincible>false</IsInvincible>
			<IsBulletProof>false</IsBulletProof>
			<IsCollisionProof>false</IsCollisionProof>
			<IsExplosionProof>false</IsExplosionProof>
			<IsFireProof>false</IsFireProof>
			<IsMeleeProof>false</IsMeleeProof>
			<IsOnlyDamagedByPlayer>false</IsOnlyDamagedByPlayer>
			<PositionRotation>
				<X>-782.984802</X>
				<Y>-1287.14929</Y>
				<Z>5.39563465</Z>
				<Pitch>0.1632424</Pitch>
				<Roll>90.4208145</Roll>
				<Yaw>176.858398</Yaw>
			</PositionRotation>
			<Attachment isAttached="true">
				<AttachedTo>613639</AttachedTo>
				<BoneIndex>0</BoneIndex>
				<X>-1.04568505</X>
				<Y>5.19733763</Y>
				<Z>0.545072973</Z>
				<Pitch>0.167577744</Pitch>
				<Roll>89.9176407</Roll>
				<Yaw>-91.5808258</Yaw>
			</Attachment>
		</Attachment>
		<Attachment>
			<ModelHash>0xbbbd0cd0</ModelHash>
			<Type>3</Type>
			<Dynamic>false</Dynamic>
			<FrozenPos>true</FrozenPos>
			<HashName>prop_fncsec_01pole</HashName>
			<InitialHandle>34341</InitialHandle>
			<ObjectProperties>
				<TextureVariation>0</TextureVariation>
			</ObjectProperties>
			<OpacityLevel>255</OpacityLevel>
			<LodDistance>16960</LodDistance>
			<IsVisible>true</IsVisible>
			<MaxHealth>1000</MaxHealth>
			<Health>1000</Health>
			<HasGravity>true</HasGravity>
			<IsOnFire>false</IsOnFire>
			<IsInvincible>false</IsInvincible>
			<IsBulletProof>false</IsBulletProof>
			<IsCollisionProof>false</IsCollisionProof>
			<IsExplosionProof>false</IsExplosionProof>
			<IsFireProof>false</IsFireProof>
			<IsMeleeProof>false</IsMeleeProof>
			<IsOnlyDamagedByPlayer>false</IsOnlyDamagedByPlayer>
			<PositionRotation>
				<X>-783.060791</X>
				<Y>-1288.83777</Y>
				<Z>5.39565325</Z>
				<Pitch>0.1632424</Pitch>
				<Roll>90.4208145</Roll>
				<Yaw>176.858398</Yaw>
			</PositionRotation>
			<Attachment isAttached="true">
				<AttachedTo>613639</AttachedTo>
				<BoneIndex>0</BoneIndex>
				<X>0.644313931</X>
				<Y>5.16733694</Y>
				<Z>0.545072973</Z>
				<Pitch>0.167577744</Pitch>
				<Roll>89.9176407</Roll>
				<Yaw>-91.5808258</Yaw>
			</Attachment>
		</Attachment>
		<Attachment>
			<ModelHash>0xbbbd0cd0</ModelHash>
			<Type>3</Type>
			<Dynamic>false</Dynamic>
			<FrozenPos>true</FrozenPos>
			<HashName>prop_fncsec_01pole</HashName>
			<InitialHandle>235790</InitialHandle>
			<ObjectProperties>
				<TextureVariation>0</TextureVariation>
			</ObjectProperties>
			<OpacityLevel>255</OpacityLevel>
			<LodDistance>16960</LodDistance>
			<IsVisible>true</IsVisible>
			<MaxHealth>1000</MaxHealth>
			<Health>1000</Health>
			<HasGravity>true</HasGravity>
			<IsOnFire>false</IsOnFire>
			<IsInvincible>false</IsInvincible>
			<IsBulletProof>false</IsBulletProof>
			<IsCollisionProof>false</IsCollisionProof>
			<IsExplosionProof>false</IsExplosionProof>
			<IsFireProof>false</IsFireProof>
			<IsMeleeProof>false</IsMeleeProof>
			<IsOnlyDamagedByPlayer>false</IsOnlyDamagedByPlayer>
			<PositionRotation>
				<X>-783.061829</X>
				<Y>-1288.87781</Y>
				<Z>5.39565992</Z>
				<Pitch>0.1632424</Pitch>
				<Roll>90.4208145</Roll>
				<Yaw>176.858398</Yaw>
			</PositionRotation>
			<Attachment isAttached="true">
				<AttachedTo>613639</AttachedTo>
				<BoneIndex>0</BoneIndex>
				<X>0.684313893</X>
				<Y>5.16733694</Y>
				<Z>0.545072973</Z>
				<Pitch>0.167577744</Pitch>
				<Roll>89.9176407</Roll>
				<Yaw>-91.5808258</Yaw>
			</Attachment>
		</Attachment>
		<Attachment>
			<ModelHash>0xbbbd0cd0</ModelHash>
			<Type>3</Type>
			<Dynamic>false</Dynamic>
			<FrozenPos>true</FrozenPos>
			<HashName>prop_fncsec_01pole</HashName>
			<InitialHandle>400931</InitialHandle>
			<ObjectProperties>
				<TextureVariation>0</TextureVariation>
			</ObjectProperties>
			<OpacityLevel>255</OpacityLevel>
			<LodDistance>16960</LodDistance>
			<IsVisible>true</IsVisible>
			<MaxHealth>1000</MaxHealth>
			<Health>1000</Health>
			<HasGravity>true</HasGravity>
			<IsOnFire>false</IsOnFire>
			<IsInvincible>false</IsInvincible>
			<IsBulletProof>false</IsBulletProof>
			<IsCollisionProof>false</IsCollisionProof>
			<IsExplosionProof>false</IsExplosionProof>
			<IsFireProof>false</IsFireProof>
			<IsMeleeProof>false</IsMeleeProof>
			<IsOnlyDamagedByPlayer>false</IsOnlyDamagedByPlayer>
			<PositionRotation>
				<X>-783.062927</X>
				<Y>-1288.91772</Y>
				<Z>5.3956666</Z>
				<Pitch>0.1632424</Pitch>
				<Roll>90.4208145</Roll>
				<Yaw>176.858398</Yaw>
			</PositionRotation>
			<Attachment isAttached="true">
				<AttachedTo>613639</AttachedTo>
				<BoneIndex>0</BoneIndex>
				<X>0.724313855</X>
				<Y>5.16733694</Y>
				<Z>0.545072973</Z>
				<Pitch>0.167577744</Pitch>
				<Roll>89.9176407</Roll>
				<Yaw>-91.5808258</Yaw>
			</Attachment>
		</Attachment>
		<Attachment>
			<ModelHash>0xbbbd0cd0</ModelHash>
			<Type>3</Type>
			<Dynamic>false</Dynamic>
			<FrozenPos>true</FrozenPos>
			<HashName>prop_fncsec_01pole</HashName>
			<InitialHandle>502821</InitialHandle>
			<ObjectProperties>
				<TextureVariation>0</TextureVariation>
			</ObjectProperties>
			<OpacityLevel>255</OpacityLevel>
			<LodDistance>16960</LodDistance>
			<IsVisible>true</IsVisible>
			<MaxHealth>1000</MaxHealth>
			<Health>1000</Health>
			<HasGravity>true</HasGravity>
			<IsOnFire>false</IsOnFire>
			<IsInvincible>false</IsInvincible>
			<IsBulletProof>false</IsBulletProof>
			<IsCollisionProof>false</IsCollisionProof>
			<IsExplosionProof>false</IsExplosionProof>
			<IsFireProof>false</IsFireProof>
			<IsMeleeProof>false</IsMeleeProof>
			<IsOnlyDamagedByPlayer>false</IsOnlyDamagedByPlayer>
			<PositionRotation>
				<X>-783.064026</X>
				<Y>-1288.95776</Y>
				<Z>5.39567327</Z>
				<Pitch>0.1632424</Pitch>
				<Roll>90.4208145</Roll>
				<Yaw>176.858398</Yaw>
			</PositionRotation>
			<Attachment isAttached="true">
				<AttachedTo>613639</AttachedTo>
				<BoneIndex>0</BoneIndex>
				<X>0.764313817</X>
				<Y>5.16733694</Y>
				<Z>0.545072973</Z>
				<Pitch>0.167577744</Pitch>
				<Roll>89.9176407</Roll>
				<Yaw>-91.5808258</Yaw>
			</Attachment>
		</Attachment>
		<Attachment>
			<ModelHash>0xbbbd0cd0</ModelHash>
			<Type>3</Type>
			<Dynamic>false</Dynamic>
			<FrozenPos>true</FrozenPos>
			<HashName>prop_fncsec_01pole</HashName>
			<InitialHandle>101158</InitialHandle>
			<ObjectProperties>
				<TextureVariation>0</TextureVariation>
			</ObjectProperties>
			<OpacityLevel>255</OpacityLevel>
			<LodDistance>16960</LodDistance>
			<IsVisible>true</IsVisible>
			<MaxHealth>1000</MaxHealth>
			<Health>1000</Health>
			<HasGravity>true</HasGravity>
			<IsOnFire>false</IsOnFire>
			<IsInvincible>false</IsInvincible>
			<IsBulletProof>false</IsBulletProof>
			<IsCollisionProof>false</IsCollisionProof>
			<IsExplosionProof>false</IsExplosionProof>
			<IsFireProof>false</IsFireProof>
			<IsMeleeProof>false</IsMeleeProof>
			<IsOnlyDamagedByPlayer>false</IsOnlyDamagedByPlayer>
			<PositionRotation>
				<X>-783.065125</X>
				<Y>-1288.9978</Y>
				<Z>5.39567995</Z>
				<Pitch>0.1632424</Pitch>
				<Roll>90.4208145</Roll>
				<Yaw>176.858398</Yaw>
			</PositionRotation>
			<Attachment isAttached="true">
				<AttachedTo>613639</AttachedTo>
				<BoneIndex>0</BoneIndex>
				<X>0.804313779</X>
				<Y>5.16733694</Y>
				<Z>0.545072973</Z>
				<Pitch>0.167577744</Pitch>
				<Roll>89.9176407</Roll>
				<Yaw>-91.5808258</Yaw>
			</Attachment>
		</Attachment>
		<Attachment>
			<ModelHash>0xbbbd0cd0</ModelHash>
			<Type>3</Type>
			<Dynamic>false</Dynamic>
			<FrozenPos>true</FrozenPos>
			<HashName>prop_fncsec_01pole</HashName>
			<InitialHandle>143142</InitialHandle>
			<ObjectProperties>
				<TextureVariation>0</TextureVariation>
			</ObjectProperties>
			<OpacityLevel>255</OpacityLevel>
			<LodDistance>16960</LodDistance>
			<IsVisible>true</IsVisible>
			<MaxHealth>1000</MaxHealth>
			<Health>1000</Health>
			<HasGravity>true</HasGravity>
			<IsOnFire>false</IsOnFire>
			<IsInvincible>false</IsInvincible>
			<IsBulletProof>false</IsBulletProof>
			<IsCollisionProof>false</IsCollisionProof>
			<IsExplosionProof>false</IsExplosionProof>
			<IsFireProof>false</IsFireProof>
			<IsMeleeProof>false</IsMeleeProof>
			<IsOnlyDamagedByPlayer>false</IsOnlyDamagedByPlayer>
			<PositionRotation>
				<X>-783.066223</X>
				<Y>-1289.03772</Y>
				<Z>5.39568663</Z>
				<Pitch>0.1632424</Pitch>
				<Roll>90.4208145</Roll>
				<Yaw>176.858398</Yaw>
			</PositionRotation>
			<Attachment isAttached="true">
				<AttachedTo>613639</AttachedTo>
				<BoneIndex>0</BoneIndex>
				<X>0.844313741</X>
				<Y>5.16733694</Y>
				<Z>0.545072973</Z>
				<Pitch>0.167577744</Pitch>
				<Roll>89.9176407</Roll>
				<Yaw>-91.5808258</Yaw>
			</Attachment>
		</Attachment>
		<Attachment>
			<ModelHash>0xbbbd0cd0</ModelHash>
			<Type>3</Type>
			<Dynamic>false</Dynamic>
			<FrozenPos>true</FrozenPos>
			<HashName>prop_fncsec_01pole</HashName>
			<InitialHandle>6671</InitialHandle>
			<ObjectProperties>
				<TextureVariation>0</TextureVariation>
			</ObjectProperties>
			<OpacityLevel>255</OpacityLevel>
			<LodDistance>16960</LodDistance>
			<IsVisible>true</IsVisible>
			<MaxHealth>1000</MaxHealth>
			<Health>1000</Health>
			<HasGravity>true</HasGravity>
			<IsOnFire>false</IsOnFire>
			<IsInvincible>false</IsInvincible>
			<IsBulletProof>false</IsBulletProof>
			<IsCollisionProof>false</IsCollisionProof>
			<IsExplosionProof>false</IsExplosionProof>
			<IsFireProof>false</IsFireProof>
			<IsMeleeProof>false</IsMeleeProof>
			<IsOnlyDamagedByPlayer>false</IsOnlyDamagedByPlayer>
			<PositionRotation>
				<X>-783.077271</X>
				<Y>-1289.07739</Y>
				<Z>5.39560509</Z>
				<Pitch>0.1632424</Pitch>
				<Roll>90.4208145</Roll>
				<Yaw>176.858398</Yaw>
			</PositionRotation>
			<Attachment isAttached="true">
				<AttachedTo>613639</AttachedTo>
				<BoneIndex>0</BoneIndex>
				<X>0.884313703</X>
				<Y>5.15733671</Y>
				<Z>0.545072973</Z>
				<Pitch>0.167577744</Pitch>
				<Roll>89.9176407</Roll>
				<Yaw>-91.5808258</Yaw>
			</Attachment>
		</Attachment>
		<Attachment>
			<ModelHash>0xbbbd0cd0</ModelHash>
			<Type>3</Type>
			<Dynamic>false</Dynamic>
			<FrozenPos>true</FrozenPos>
			<HashName>prop_fncsec_01pole</HashName>
			<InitialHandle>382492</InitialHandle>
			<ObjectProperties>
				<TextureVariation>0</TextureVariation>
			</ObjectProperties>
			<OpacityLevel>255</OpacityLevel>
			<LodDistance>16960</LodDistance>
			<IsVisible>true</IsVisible>
			<MaxHealth>1000</MaxHealth>
			<Health>1000</Health>
			<HasGravity>true</HasGravity>
			<IsOnFire>false</IsOnFire>
			<IsInvincible>false</IsInvincible>
			<IsBulletProof>false</IsBulletProof>
			<IsCollisionProof>false</IsCollisionProof>
			<IsExplosionProof>false</IsExplosionProof>
			<IsFireProof>false</IsFireProof>
			<IsMeleeProof>false</IsMeleeProof>
			<IsOnlyDamagedByPlayer>false</IsOnlyDamagedByPlayer>
			<PositionRotation>
				<X>-783.078369</X>
				<Y>-1289.11743</Y>
				<Z>5.39561176</Z>
				<Pitch>0.1632424</Pitch>
				<Roll>90.4208145</Roll>
				<Yaw>176.858398</Yaw>
			</PositionRotation>
			<Attachment isAttached="true">
				<AttachedTo>613639</AttachedTo>
				<BoneIndex>0</BoneIndex>
				<X>0.924313664</X>
				<Y>5.15733671</Y>
				<Z>0.545072973</Z>
				<Pitch>0.167577744</Pitch>
				<Roll>89.9176407</Roll>
				<Yaw>-91.5808258</Yaw>
			</Attachment>
		</Attachment>
		<Attachment>
			<ModelHash>0xbbbd0cd0</ModelHash>
			<Type>3</Type>
			<Dynamic>false</Dynamic>
			<FrozenPos>true</FrozenPos>
			<HashName>prop_fncsec_01pole</HashName>
			<InitialHandle>498470</InitialHandle>
			<ObjectProperties>
				<TextureVariation>0</TextureVariation>
			</ObjectProperties>
			<OpacityLevel>255</OpacityLevel>
			<LodDistance>16960</LodDistance>
			<IsVisible>true</IsVisible>
			<MaxHealth>1000</MaxHealth>
			<Health>1000</Health>
			<HasGravity>true</HasGravity>
			<IsOnFire>false</IsOnFire>
			<IsInvincible>false</IsInvincible>
			<IsBulletProof>false</IsBulletProof>
			<IsCollisionProof>false</IsCollisionProof>
			<IsExplosionProof>false</IsExplosionProof>
			<IsFireProof>false</IsFireProof>
			<IsMeleeProof>false</IsMeleeProof>
			<IsOnlyDamagedByPlayer>false</IsOnlyDamagedByPlayer>
			<PositionRotation>
				<X>-783.079468</X>
				<Y>-1289.15747</Y>
				<Z>5.39561844</Z>
				<Pitch>0.1632424</Pitch>
				<Roll>90.4208145</Roll>
				<Yaw>176.858398</Yaw>
			</PositionRotation>
			<Attachment isAttached="true">
				<AttachedTo>613639</AttachedTo>
				<BoneIndex>0</BoneIndex>
				<X>0.964313626</X>
				<Y>5.15733671</Y>
				<Z>0.545072973</Z>
				<Pitch>0.167577744</Pitch>
				<Roll>89.9176407</Roll>
				<Yaw>-91.5808258</Yaw>
			</Attachment>
		</Attachment>
		<Attachment>
			<ModelHash>0xbbbd0cd0</ModelHash>
			<Type>3</Type>
			<Dynamic>false</Dynamic>
			<FrozenPos>true</FrozenPos>
			<HashName>prop_fncsec_01pole</HashName>
			<InitialHandle>506916</InitialHandle>
			<ObjectProperties>
				<TextureVariation>0</TextureVariation>
			</ObjectProperties>
			<OpacityLevel>255</OpacityLevel>
			<LodDistance>16960</LodDistance>
			<IsVisible>true</IsVisible>
			<MaxHealth>1000</MaxHealth>
			<Health>1000</Health>
			<HasGravity>true</HasGravity>
			<IsOnFire>false</IsOnFire>
			<IsInvincible>false</IsInvincible>
			<IsBulletProof>false</IsBulletProof>
			<IsCollisionProof>false</IsCollisionProof>
			<IsExplosionProof>false</IsExplosionProof>
			<IsFireProof>false</IsFireProof>
			<IsMeleeProof>false</IsMeleeProof>
			<IsOnlyDamagedByPlayer>false</IsOnlyDamagedByPlayer>
			<PositionRotation>
				<X>-783.080566</X>
				<Y>-1289.19739</Y>
				<Z>5.39562511</Z>
				<Pitch>0.1632424</Pitch>
				<Roll>90.4208145</Roll>
				<Yaw>176.858398</Yaw>
			</PositionRotation>
			<Attachment isAttached="true">
				<AttachedTo>613639</AttachedTo>
				<BoneIndex>0</BoneIndex>
				<X>1.00431359</X>
				<Y>5.15733671</Y>
				<Z>0.545072973</Z>
				<Pitch>0.167577744</Pitch>
				<Roll>89.9176407</Roll>
				<Yaw>-91.5808258</Yaw>
			</Attachment>
		</Attachment>
		<Attachment>
			<ModelHash>0xbbbd0cd0</ModelHash>
			<Type>3</Type>
			<Dynamic>false</Dynamic>
			<FrozenPos>true</FrozenPos>
			<HashName>prop_fncsec_01pole</HashName>
			<InitialHandle>746022</InitialHandle>
			<ObjectProperties>
				<TextureVariation>0</TextureVariation>
			</ObjectProperties>
			<OpacityLevel>255</OpacityLevel>
			<LodDistance>16960</LodDistance>
			<IsVisible>true</IsVisible>
			<MaxHealth>1000</MaxHealth>
			<Health>1000</Health>
			<HasGravity>true</HasGravity>
			<IsOnFire>false</IsOnFire>
			<IsInvincible>false</IsInvincible>
			<IsBulletProof>false</IsBulletProof>
			<IsCollisionProof>false</IsCollisionProof>
			<IsExplosionProof>false</IsExplosionProof>
			<IsFireProof>false</IsFireProof>
			<IsMeleeProof>false</IsMeleeProof>
			<IsOnlyDamagedByPlayer>false</IsOnlyDamagedByPlayer>
			<PositionRotation>
				<X>-783.081665</X>
				<Y>-1289.23743</Y>
				<Z>5.39563179</Z>
				<Pitch>0.1632424</Pitch>
				<Roll>90.4208145</Roll>
				<Yaw>176.858398</Yaw>
			</PositionRotation>
			<Attachment isAttached="true">
				<AttachedTo>613639</AttachedTo>
				<BoneIndex>0</BoneIndex>
				<X>1.04431355</X>
				<Y>5.15733671</Y>
				<Z>0.545072973</Z>
				<Pitch>0.167577744</Pitch>
				<Roll>89.9176407</Roll>
				<Yaw>-91.5808258</Yaw>
			</Attachment>
		</Attachment>
		<Attachment>
			<ModelHash>0x83a5b815</ModelHash>
			<Type>3</Type>
			<Dynamic>false</Dynamic>
			<FrozenPos>true</FrozenPos>
			<HashName>prop_sub_chunk_01</HashName>
			<InitialHandle>145449</InitialHandle>
			<ObjectProperties>
				<TextureVariation>0</TextureVariation>
			</ObjectProperties>
			<OpacityLevel>255</OpacityLevel>
			<LodDistance>16960</LodDistance>
			<IsVisible>true</IsVisible>
			<MaxHealth>1000</MaxHealth>
			<Health>1000</Health>
			<HasGravity>true</HasGravity>
			<IsOnFire>false</IsOnFire>
			<IsInvincible>false</IsInvincible>
			<IsBulletProof>false</IsBulletProof>
			<IsCollisionProof>false</IsCollisionProof>
			<IsExplosionProof>false</IsExplosionProof>
			<IsFireProof>false</IsFireProof>
			<IsMeleeProof>false</IsMeleeProof>
			<IsOnlyDamagedByPlayer>false</IsOnlyDamagedByPlayer>
			<PositionRotation>
				<X>-783.787842</X>
				<Y>-1288.87366</Y>
				<Z>5.70969915</Z>
				<Pitch>0.670575917</Pitch>
				<Roll>-70.0679321</Roll>
				<Yaw>-94.2844467</Yaw>
			</PositionRotation>
			<Attachment isAttached="true">
				<AttachedTo>613639</AttachedTo>
				<BoneIndex>0</BoneIndex>
				<X>0.700019002</X>
				<Y>4.44426727</Y>
				<Z>0.865470886</Z>
				<Pitch>0.167575613</Pitch>
				<Roll>-70.0823364</Roll>
				<Yaw>-2.72502136</Yaw>
			</Attachment>
		</Attachment>
		<Attachment>
			<ModelHash>0x83a5b815</ModelHash>
			<Type>3</Type>
			<Dynamic>false</Dynamic>
			<FrozenPos>true</FrozenPos>
			<HashName>prop_sub_chunk_01</HashName>
			<InitialHandle>782122</InitialHandle>
			<ObjectProperties>
				<TextureVariation>0</TextureVariation>
			</ObjectProperties>
			<OpacityLevel>255</OpacityLevel>
			<LodDistance>16960</LodDistance>
			<IsVisible>true</IsVisible>
			<MaxHealth>1000</MaxHealth>
			<Health>1000</Health>
			<HasGravity>true</HasGravity>
			<IsOnFire>false</IsOnFire>
			<IsInvincible>false</IsInvincible>
			<IsBulletProof>false</IsBulletProof>
			<IsCollisionProof>false</IsCollisionProof>
			<IsExplosionProof>false</IsExplosionProof>
			<IsFireProof>false</IsFireProof>
			<IsMeleeProof>false</IsMeleeProof>
			<IsOnlyDamagedByPlayer>false</IsOnlyDamagedByPlayer>
			<PositionRotation>
				<X>-783.717041</X>
				<Y>-1287.375</Y>
				<Z>5.70971203</Z>
				<Pitch>-0.335424691</Pitch>
				<Roll>-70.0966873</Roll>
				<Yaw>85.7156372</Yaw>
			</PositionRotation>
			<Attachment isAttached="true">
				<AttachedTo>613639</AttachedTo>
				<BoneIndex>0</BoneIndex>
				<X>-0.799980998</X>
				<Y>4.47426796</Y>
				<Z>0.865470886</Z>
				<Pitch>0.167575613</Pitch>
				<Roll>-70.0823364</Roll>
				<Yaw>177.274994</Yaw>
			</Attachment>
		</Attachment>
		<Attachment>
			<ModelHash>0x36dac2c6</ModelHash>
			<Type>3</Type>
			<Dynamic>false</Dynamic>
			<FrozenPos>true</FrozenPos>
			<HashName>prop_gascyl_ramp_door_01</HashName>
			<InitialHandle>749357</InitialHandle>
			<ObjectProperties>
				<TextureVariation>0</TextureVariation>
			</ObjectProperties>
			<OpacityLevel>255</OpacityLevel>
			<LodDistance>16960</LodDistance>
			<IsVisible>true</IsVisible>
			<MaxHealth>1000</MaxHealth>
			<Health>1000</Health>
			<HasGravity>true</HasGravity>
			<IsOnFire>false</IsOnFire>
			<IsInvincible>false</IsInvincible>
			<IsBulletProof>false</IsBulletProof>
			<IsCollisionProof>false</IsCollisionProof>
			<IsExplosionProof>false</IsExplosionProof>
			<IsFireProof>false</IsFireProof>
			<IsMeleeProof>false</IsMeleeProof>
			<IsOnlyDamagedByPlayer>false</IsOnlyDamagedByPlayer>
			<PositionRotation>
				<X>-783.09967</X>
				<Y>-1288.88525</Y>
				<Z>5.37489128</Z>
				<Pitch>-0.335599959</Pitch>
				<Roll>-0.0877713859</Roll>
				<Yaw>86.7369308</Yaw>
			</PositionRotation>
			<Attachment isAttached="true">
				<AttachedTo>613639</AttachedTo>
				<BoneIndex>0</BoneIndex>
				<X>0.692855239</X>
				<Y>5.12958574</Y>
				<Z>0.524633646</Z>
				<Pitch>0.167577103</Pitch>
				<Roll>-0.0823558494</Roll>
				<Yaw>178.296265</Yaw>
			</Attachment>
		</Attachment>
		<Attachment>
			<ModelHash>0x36dac2c6</ModelHash>
			<Type>3</Type>
			<Dynamic>false</Dynamic>
			<FrozenPos>true</FrozenPos>
			<HashName>prop_gascyl_ramp_door_01</HashName>
			<InitialHandle>331822</InitialHandle>
			<ObjectProperties>
				<TextureVariation>0</TextureVariation>
			</ObjectProperties>
			<OpacityLevel>255</OpacityLevel>
			<LodDistance>16960</LodDistance>
			<IsVisible>true</IsVisible>
			<MaxHealth>1000</MaxHealth>
			<Health>1000</Health>
			<HasGravity>true</HasGravity>
			<IsOnFire>false</IsOnFire>
			<IsInvincible>false</IsInvincible>
			<IsBulletProof>false</IsBulletProof>
			<IsCollisionProof>false</IsCollisionProof>
			<IsExplosionProof>false</IsExplosionProof>
			<IsFireProof>false</IsFireProof>
			<IsMeleeProof>false</IsMeleeProof>
			<IsOnlyDamagedByPlayer>false</IsOnlyDamagedByPlayer>
			<PositionRotation>
				<X>-783.030762</X>
				<Y>-1287.45667</Y>
				<Z>5.37491608</Z>
				<Pitch>-0.335599959</Pitch>
				<Roll>-0.0877713859</Roll>
				<Yaw>86.7369308</Yaw>
			</PositionRotation>
			<Attachment isAttached="true">
				<AttachedTo>613639</AttachedTo>
				<BoneIndex>0</BoneIndex>
				<X>-0.737144351</X>
				<Y>5.15958643</Y>
				<Z>0.524633646</Z>
				<Pitch>0.167577103</Pitch>
				<Roll>-0.0823558494</Roll>
				<Yaw>178.296265</Yaw>
			</Attachment>
		</Attachment>
		<Attachment>
			<ModelHash>0x89ba59f5</ModelHash>
			<Type>2</Type>
			<Dynamic>true</Dynamic>
			<FrozenPos>false</FrozenPos>
			<HashName>Havok</HashName>
			<InitialHandle>686130</InitialHandle>
			<VehicleProperties>
				<Colours>
					<Primary>0</Primary>
					<Secondary>111</Secondary>
					<Pearl>10</Pearl>
					<Rim>111</Rim>
					<Mod1_a>6</Mod1_a>
					<Mod1_b>-1</Mod1_b>
					<Mod1_c>-1</Mod1_c>
					<Mod2_a>6</Mod2_a>
					<Mod2_b>-1</Mod2_b>
					<IsPrimaryColourCustom>false</IsPrimaryColourCustom>
					<IsSecondaryColourCustom>false</IsSecondaryColourCustom>
					<tyreSmoke_R>255</tyreSmoke_R>
					<tyreSmoke_G>255</tyreSmoke_G>
					<tyreSmoke_B>255</tyreSmoke_B>
					<LrInterior>111</LrInterior>
					<LrDashboard>0</LrDashboard>
				</Colours>
				<Livery>-1</Livery>
				<NumberPlateText>09EPE062</NumberPlateText>
				<NumberPlateIndex>0</NumberPlateIndex>
				<WheelType>0</WheelType>
				<WheelsInvisible>false</WheelsInvisible>
				<EngineSoundName></EngineSoundName>
				<WindowTint>0</WindowTint>
				<BulletProofTyres>true</BulletProofTyres>
				<DirtLevel>0</DirtLevel>
				<PaintFade>0.298039228</PaintFade>
				<RoofState>0</RoofState>
				<SirenActive>false</SirenActive>
				<EngineOn>false</EngineOn>
				<EngineHealth>1000</EngineHealth>
				<LightsOn>false</LightsOn>
				<IsRadioLoud>0</IsRadioLoud>
				<LockStatus>1</LockStatus>
				<Neons>
					<Left>false</Left>
					<Right>false</Right>
					<Front>false</Front>
					<Back>false</Back>
					<R>255</R>
					<G>0</G>
					<B>255</B>
				</Neons>
				<DoorsOpen>
					<BackLeftDoor>false</BackLeftDoor>
					<BackRightDoor>false</BackRightDoor>
					<FrontLeftDoor>false</FrontLeftDoor>
					<FrontRightDoor>false</FrontRightDoor>
					<Hood>false</Hood>
					<Trunk>false</Trunk>
					<Trunk2>false</Trunk2>
				</DoorsOpen>
				<DoorsBroken>
					<BackLeftDoor>false</BackLeftDoor>
					<BackRightDoor>false</BackRightDoor>
					<FrontLeftDoor>false</FrontLeftDoor>
					<FrontRightDoor>false</FrontRightDoor>
					<Hood>false</Hood>
					<Trunk>false</Trunk>
					<Trunk2>false</Trunk2>
				</DoorsBroken>
				<TyresBursted>
					<FrontLeft>false</FrontLeft>
					<FrontRight>false</FrontRight>
					<_2>false</_2>
					<_3>false</_3>
					<BackLeft>false</BackLeft>
					<BackRight>false</BackRight>
					<_6>false</_6>
					<_7>false</_7>
					<_8>false</_8>
				</TyresBursted>
				<RpmMultiplier>1</RpmMultiplier>
				<TorqueMultiplier>1</TorqueMultiplier>
				<HeadlightIntensity>1</HeadlightIntensity>
				<ModExtras>
					<_1>true</_1>
					<_2>true</_2>
					<_7>true</_7>
				</ModExtras>
				<Mods>
					<_0>-1,0</_0>
					<_1>1,0</_1>
					<_2>-1,0</_2>
					<_3>-1,0</_3>
					<_4>-1,0</_4>
					<_5>-1,0</_5>
					<_6>-1,0</_6>
					<_7>-1,0</_7>
					<_8>-1,0</_8>
					<_9>-1,0</_9>
					<_10>0,0</_10>
					<_11>3,0</_11>
					<_12>2,0</_12>
					<_13>-1,0</_13>
					<_14>-1,0</_14>
					<_15>-1,0</_15>
					<_16>4,0</_16>
					<_17>false</_17>
					<_18>true</_18>
					<_19>false</_19>
					<_20>true</_20>
					<_21>false</_21>
					<_22>true</_22>
					<_23>-1,0</_23>
					<_24>-1,0</_24>
					<_25>-1,0</_25>
					<_26>-1,0</_26>
					<_27>-1,0</_27>
					<_28>-1,0</_28>
					<_29>-1,0</_29>
					<_30>-1,0</_30>
					<_31>-1,0</_31>
					<_32>-1,0</_32>
					<_33>-1,0</_33>
					<_34>-1,0</_34>
					<_35>-1,0</_35>
					<_36>-1,0</_36>
					<_37>-1,0</_37>
					<_38>-1,0</_38>
					<_39>-1,0</_39>
					<_40>-1,0</_40>
					<_41>-1,0</_41>
					<_42>-1,0</_42>
					<_43>-1,0</_43>
					<_44>-1,0</_44>
					<_45>-1,0</_45>
					<_46>-1,0</_46>
					<_47>-1,0</_47>
					<_48>3,0</_48>
				</Mods>
			</VehicleProperties>
			<OpacityLevel>255</OpacityLevel>
			<LodDistance>16960</LodDistance>
			<IsVisible>true</IsVisible>
			<MaxHealth>1000</MaxHealth>
			<Health>1000</Health>
			<HasGravity>true</HasGravity>
			<IsOnFire>false</IsOnFire>
			<IsInvincible>false</IsInvincible>
			<IsBulletProof>false</IsBulletProof>
			<IsCollisionProof>false</IsCollisionProof>
			<IsExplosionProof>false</IsExplosionProof>
			<IsFireProof>false</IsFireProof>
			<IsMeleeProof>false</IsMeleeProof>
			<IsOnlyDamagedByPlayer>false</IsOnlyDamagedByPlayer>
			<PositionRotation>
				<X>-789.260193</X>
				<Y>-1287.96533</Y>
				<Z>9.29337883</Z>
				<Pitch>1.23368502</Pitch>
				<Roll>0.484762996</Roll>
				<Yaw>-92.8540955</Yaw>
			</PositionRotation>
			<Attachment isAttached="true">
				<AttachedTo>613639</AttachedTo>
				<BoneIndex>0</BoneIndex>
				<X>-0.0584477708</X>
				<Y>-1.01907539</Y>
				<Z>4.49738884</Z>
				<Pitch>0.730482519</Pitch>
				<Roll>0.482939303</Roll>
				<Yaw>-1.29473877</Yaw>
			</Attachment>
		</Attachment>
		<Attachment>
			<ModelHash>0xca4b3e46</ModelHash>
			<Type>3</Type>
			<Dynamic>false</Dynamic>
			<FrozenPos>true</FrozenPos>
			<HashName>imp_prop_flatbed_ramp</HashName>
			<InitialHandle>90933</InitialHandle>
			<ObjectProperties>
				<TextureVariation>0</TextureVariation>
			</ObjectProperties>
			<OpacityLevel>255</OpacityLevel>
			<LodDistance>16960</LodDistance>
			<IsVisible>true</IsVisible>
			<MaxHealth>1000</MaxHealth>
			<Health>1000</Health>
			<HasGravity>true</HasGravity>
			<IsOnFire>false</IsOnFire>
			<IsInvincible>false</IsInvincible>
			<IsBulletProof>false</IsBulletProof>
			<IsCollisionProof>false</IsCollisionProof>
			<IsExplosionProof>false</IsExplosionProof>
			<IsFireProof>false</IsFireProof>
			<IsMeleeProof>false</IsMeleeProof>
			<IsOnlyDamagedByPlayer>false</IsOnlyDamagedByPlayer>
			<PositionRotation>
				<X>-788.446594</X>
				<Y>-1288.07068</Y>
				<Z>6.53269243</Z>
				<Pitch>-13.4790735</Pitch>
				<Roll>179.984787</Roll>
				<Yaw>-92.4961624</Yaw>
			</PositionRotation>
			<Attachment isAttached="true">
				<AttachedTo>613639</AttachedTo>
				<BoneIndex>0</BoneIndex>
				<X>0.0242136214</X>
				<Y>-0.227187365</Y>
				<Z>1.72962964</Z>
				<Pitch>-166.017715</Pitch>
				<Roll>-0.013833046</Roll>
				<Yaw>-180.936523</Yaw>
			</Attachment>
		</Attachment>
		<Attachment>
			<ModelHash>0x4a0dab09</ModelHash>
			<Type>3</Type>
			<Dynamic>false</Dynamic>
			<FrozenPos>true</FrozenPos>
			<HashName>prop_byard_gastank02</HashName>
			<InitialHandle>61753</InitialHandle>
			<ObjectProperties>
				<TextureVariation>0</TextureVariation>
			</ObjectProperties>
			<OpacityLevel>255</OpacityLevel>
			<LodDistance>16960</LodDistance>
			<IsVisible>true</IsVisible>
			<MaxHealth>1000</MaxHealth>
			<Health>1000</Health>
			<HasGravity>true</HasGravity>
			<IsOnFire>false</IsOnFire>
			<IsInvincible>false</IsInvincible>
			<IsBulletProof>false</IsBulletProof>
			<IsCollisionProof>false</IsCollisionProof>
			<IsExplosionProof>false</IsExplosionProof>
			<IsFireProof>false</IsFireProof>
			<IsMeleeProof>false</IsMeleeProof>
			<IsOnlyDamagedByPlayer>false</IsOnlyDamagedByPlayer>
			<PositionRotation>
				<X>-786.900146</X>
				<Y>-1288.96973</Y>
				<Z>5.67899704</Z>
				<Pitch>0.149633497</Pitch>
				<Roll>0.420532286</Roll>
				<Yaw>175.309387</Yaw>
			</PositionRotation>
			<Attachment isAttached="true">
				<AttachedTo>613639</AttachedTo>
				<BoneIndex>0</BoneIndex>
				<X>0.880671263</X>
				<Y>1.33561563</Y>
				<Z>0.862035632</Z>
				<Pitch>0.167577103</Pitch>
				<Roll>-0.0823558494</Roll>
				<Yaw>266.870117</Yaw>
			</Attachment>
		</Attachment>
	</SpoonerAttachments>
</Vehicle>
