{
   "传送到标记点快捷键" : 116,
   "向上移动快捷键" : 81,
   "向上选择快捷键" : 104,
   "向下移动快捷键" : 90,
   "向下选择快捷键" : 98,
   "向前加速快捷键" : 105,
   "向前移动快捷键" : 87,
   "向右移动快捷键" : 68,
   "向右选择快捷键" : 102,
   "向后移动快捷键" : 83,
   "向左移动快捷键" : 65,
   "向左选择快捷键" : 100,
   "打开界面快捷键" : 119,
   "瞬间急停快捷键" : 99,
   "确定选择快捷键" : 101,
   "移动速度快捷键" : 16,
   "返回选择快捷键" : 96,
   "键盘控制飞行快捷键" : 114
}
