<?xml version="1.0" encoding="ISO-8859-1"?>
<Vehicle menyoo_ver="1.0.1">
	<ModelHash>0xb39b0ae6</ModelHash>
	<InitialHandle>677690</InitialHandle>
	<VehicleProperties>
		<Colours>
			<Primary>121</Primary>
			<Secondary>21</Secondary>
			<Pearl>8</Pearl>
			<Rim>156</Rim>
			<Mod1_a>6</Mod1_a>
			<Mod1_b>-1</Mod1_b>
			<Mod1_c>-1</Mod1_c>
			<Mod2_a>6</Mod2_a>
			<Mod2_b>-1</Mod2_b>
			<IsPrimaryColourCustom>false</IsPrimaryColourCustom>
			<IsSecondaryColourCustom>false</IsSecondaryColourCustom>
			<tyreSmoke_R>255</tyreSmoke_R>
			<tyreSmoke_G>255</tyreSmoke_G>
			<tyreSmoke_B>255</tyreSmoke_B>
			<LrInterior>0</LrInterior>
			<LrDashboard>0</LrDashboard>
			<LrXenonHeadlights>255</LrXenonHeadlights>
		</Colours>
		<Livery>-1</Livery>
		<NumberPlateText>01XVD951</NumberPlateText>
		<NumberPlateIndex>4</NumberPlateIndex>
		<WheelType>0</WheelType>
		<WheelsInvisible>false</WheelsInvisible>
		<EngineSoundName></EngineSoundName>
		<WindowTint>-1</WindowTint>
		<BulletProofTyres>false</BulletProofTyres>
		<DirtLevel>0.0647087023</DirtLevel>
		<PaintFade>0.298039228</PaintFade>
		<RoofState>0</RoofState>
		<SirenActive>false</SirenActive>
		<EngineOn>true</EngineOn>
		<EngineHealth>1000</EngineHealth>
		<LightsOn>false</LightsOn>
		<IsRadioLoud>0</IsRadioLoud>
		<LockStatus>1</LockStatus>
		<Neons>
			<Left>false</Left>
			<Right>false</Right>
			<Front>false</Front>
			<Back>false</Back>
			<R>255</R>
			<G>0</G>
			<B>255</B>
		</Neons>
		<ModExtras />
		<Mods>
			<_0>-1,0</_0>
			<_1>-1,0</_1>
			<_2>-1,0</_2>
			<_3>-1,0</_3>
			<_4>-1,0</_4>
			<_5>-1,0</_5>
			<_6>-1,0</_6>
			<_7>-1,0</_7>
			<_8>-1,0</_8>
			<_9>-1,0</_9>
			<_10>-1,0</_10>
			<_11>-1,0</_11>
			<_12>-1,0</_12>
			<_13>-1,0</_13>
			<_14>-1,0</_14>
			<_15>-1,0</_15>
			<_16>-1,0</_16>
			<_17>false</_17>
			<_18>false</_18>
			<_19>false</_19>
			<_20>false</_20>
			<_21>false</_21>
			<_22>false</_22>
			<_23>-1,0</_23>
			<_24>-1,0</_24>
			<_25>-1,0</_25>
			<_26>-1,0</_26>
			<_27>-1,0</_27>
			<_28>-1,0</_28>
			<_29>-1,0</_29>
			<_30>-1,0</_30>
			<_31>-1,0</_31>
			<_32>-1,0</_32>
			<_33>-1,0</_33>
			<_34>-1,0</_34>
			<_35>-1,0</_35>
			<_36>-1,0</_36>
			<_37>-1,0</_37>
			<_38>-1,0</_38>
			<_39>-1,0</_39>
			<_40>-1,0</_40>
			<_41>-1,0</_41>
			<_42>-1,0</_42>
			<_43>-1,0</_43>
			<_44>-1,0</_44>
			<_45>-1,0</_45>
			<_46>-1,0</_46>
			<_47>-1,0</_47>
			<_48>-1,0</_48>
		</Mods>
		<DoorsOpen>
			<BackLeftDoor>false</BackLeftDoor>
			<BackRightDoor>false</BackRightDoor>
			<FrontLeftDoor>false</FrontLeftDoor>
			<FrontRightDoor>false</FrontRightDoor>
			<Hood>false</Hood>
			<Trunk>false</Trunk>
			<Trunk2>false</Trunk2>
		</DoorsOpen>
		<DoorsBroken>
			<BackLeftDoor>false</BackLeftDoor>
			<BackRightDoor>false</BackRightDoor>
			<FrontLeftDoor>false</FrontLeftDoor>
			<FrontRightDoor>false</FrontRightDoor>
			<Hood>false</Hood>
			<Trunk>false</Trunk>
			<Trunk2>false</Trunk2>
		</DoorsBroken>
		<TyresBursted>
			<FrontLeft>false</FrontLeft>
			<FrontRight>false</FrontRight>
			<_2>false</_2>
			<_3>false</_3>
			<BackLeft>false</BackLeft>
			<BackRight>false</BackRight>
			<_6>false</_6>
			<_7>false</_7>
			<_8>false</_8>
		</TyresBursted>
	</VehicleProperties>
	<OpacityLevel>255</OpacityLevel>
	<LodDistance>16960</LodDistance>
	<IsVisible>true</IsVisible>
	<IsDriverVisible>true</IsDriverVisible>
	<MaxHealth>1000</MaxHealth>
	<Health>1000</Health>
	<HasGravity>true</HasGravity>
	<IsOnFire>false</IsOnFire>
	<IsInvincible>false</IsInvincible>
	<IsBulletProof>false</IsBulletProof>
	<IsExplosionProof>false</IsExplosionProof>
	<IsFireProof>false</IsFireProof>
	<IsMeleeProof>false</IsMeleeProof>
	<IsOnlyDamagedByPlayer>false</IsOnlyDamagedByPlayer>
	<SpoonerAttachments SetAttachmentsPersistentAndAddToSpoonerDatabase="false" StartTaskSequencesOnLoad="true">
		<Attachment>
			<ModelHash>0xb39b0ae6</ModelHash>
			<Type>2</Type>
			<Dynamic>true</Dynamic>
			<FrozenPos>false</FrozenPos>
			<HashName>P-996 LAZER</HashName>
			<InitialHandle>238392</InitialHandle>
			<VehicleProperties>
				<Colours>
					<Primary>121</Primary>
					<Secondary>21</Secondary>
					<Pearl>8</Pearl>
					<Rim>156</Rim>
					<Mod1_a>6</Mod1_a>
					<Mod1_b>-1</Mod1_b>
					<Mod1_c>-1</Mod1_c>
					<Mod2_a>6</Mod2_a>
					<Mod2_b>-1</Mod2_b>
					<IsPrimaryColourCustom>false</IsPrimaryColourCustom>
					<IsSecondaryColourCustom>false</IsSecondaryColourCustom>
					<tyreSmoke_R>255</tyreSmoke_R>
					<tyreSmoke_G>255</tyreSmoke_G>
					<tyreSmoke_B>255</tyreSmoke_B>
					<LrInterior>0</LrInterior>
					<LrDashboard>0</LrDashboard>
					<LrXenonHeadlights>255</LrXenonHeadlights>
				</Colours>
				<Livery>-1</Livery>
				<NumberPlateText>60QBC405</NumberPlateText>
				<NumberPlateIndex>4</NumberPlateIndex>
				<WheelType>0</WheelType>
				<WheelsInvisible>false</WheelsInvisible>
				<EngineSoundName></EngineSoundName>
				<WindowTint>-1</WindowTint>
				<BulletProofTyres>false</BulletProofTyres>
				<DirtLevel>0</DirtLevel>
				<PaintFade>0.298039228</PaintFade>
				<RoofState>0</RoofState>
				<SirenActive>false</SirenActive>
				<EngineOn>false</EngineOn>
				<EngineHealth>1000</EngineHealth>
				<LightsOn>false</LightsOn>
				<IsRadioLoud>0</IsRadioLoud>
				<LockStatus>1</LockStatus>
				<Neons>
					<Left>false</Left>
					<Right>false</Right>
					<Front>false</Front>
					<Back>false</Back>
					<R>255</R>
					<G>0</G>
					<B>255</B>
				</Neons>
				<DoorsOpen>
					<BackLeftDoor>false</BackLeftDoor>
					<BackRightDoor>false</BackRightDoor>
					<FrontLeftDoor>false</FrontLeftDoor>
					<FrontRightDoor>false</FrontRightDoor>
					<Hood>false</Hood>
					<Trunk>false</Trunk>
					<Trunk2>false</Trunk2>
				</DoorsOpen>
				<DoorsBroken>
					<BackLeftDoor>false</BackLeftDoor>
					<BackRightDoor>false</BackRightDoor>
					<FrontLeftDoor>false</FrontLeftDoor>
					<FrontRightDoor>false</FrontRightDoor>
					<Hood>false</Hood>
					<Trunk>false</Trunk>
					<Trunk2>false</Trunk2>
				</DoorsBroken>
				<TyresBursted>
					<FrontLeft>false</FrontLeft>
					<FrontRight>false</FrontRight>
					<_2>false</_2>
					<_3>false</_3>
					<BackLeft>false</BackLeft>
					<BackRight>false</BackRight>
					<_6>false</_6>
					<_7>false</_7>
					<_8>false</_8>
				</TyresBursted>
				<ModExtras />
				<Mods>
					<_0>-1,0</_0>
					<_1>-1,0</_1>
					<_2>-1,0</_2>
					<_3>-1,0</_3>
					<_4>-1,0</_4>
					<_5>-1,0</_5>
					<_6>-1,0</_6>
					<_7>-1,0</_7>
					<_8>-1,0</_8>
					<_9>-1,0</_9>
					<_10>-1,0</_10>
					<_11>-1,0</_11>
					<_12>-1,0</_12>
					<_13>-1,0</_13>
					<_14>-1,0</_14>
					<_15>-1,0</_15>
					<_16>-1,0</_16>
					<_17>false</_17>
					<_18>false</_18>
					<_19>false</_19>
					<_20>false</_20>
					<_21>false</_21>
					<_22>false</_22>
					<_23>-1,0</_23>
					<_24>-1,0</_24>
					<_25>-1,0</_25>
					<_26>-1,0</_26>
					<_27>-1,0</_27>
					<_28>-1,0</_28>
					<_29>-1,0</_29>
					<_30>-1,0</_30>
					<_31>-1,0</_31>
					<_32>-1,0</_32>
					<_33>-1,0</_33>
					<_34>-1,0</_34>
					<_35>-1,0</_35>
					<_36>-1,0</_36>
					<_37>-1,0</_37>
					<_38>-1,0</_38>
					<_39>-1,0</_39>
					<_40>-1,0</_40>
					<_41>-1,0</_41>
					<_42>-1,0</_42>
					<_43>-1,0</_43>
					<_44>-1,0</_44>
					<_45>-1,0</_45>
					<_46>-1,0</_46>
					<_47>-1,0</_47>
					<_48>-1,0</_48>
				</Mods>
			</VehicleProperties>
			<OpacityLevel>255</OpacityLevel>
			<LodDistance>16960</LodDistance>
			<IsVisible>true</IsVisible>
			<MaxHealth>1000</MaxHealth>
			<Health>1000</Health>
			<HasGravity>true</HasGravity>
			<IsOnFire>false</IsOnFire>
			<IsInvincible>false</IsInvincible>
			<IsBulletProof>false</IsBulletProof>
			<IsCollisionProof>false</IsCollisionProof>
			<IsExplosionProof>false</IsExplosionProof>
			<IsFireProof>false</IsFireProof>
			<IsMeleeProof>false</IsMeleeProof>
			<IsOnlyDamagedByPlayer>false</IsOnlyDamagedByPlayer>
			<PositionRotation>
				<X>-1649.22803</X>
				<Y>-2678.16162</Y>
				<Z>14.4436588</Z>
				<Pitch>0.862920165</Pitch>
				<Roll>0.00306083122</Roll>
				<Yaw>147.541183</Yaw>
			</PositionRotation>
			<Attachment isAttached="true">
				<AttachedTo>677690</AttachedTo>
				<BoneIndex>0</BoneIndex>
				<X>109.999992</X>
				<Y>0</Y>
				<Z>0</Z>
				<Pitch>0</Pitch>
				<Roll>0</Roll>
				<Yaw>0</Yaw>
			</Attachment>
		</Attachment>
		<Attachment>
			<ModelHash>0xb39b0ae6</ModelHash>
			<Type>2</Type>
			<Dynamic>true</Dynamic>
			<FrozenPos>false</FrozenPos>
			<HashName>P-996 LAZER</HashName>
			<InitialHandle>292408</InitialHandle>
			<VehicleProperties>
				<Colours>
					<Primary>121</Primary>
					<Secondary>21</Secondary>
					<Pearl>8</Pearl>
					<Rim>156</Rim>
					<Mod1_a>6</Mod1_a>
					<Mod1_b>-1</Mod1_b>
					<Mod1_c>-1</Mod1_c>
					<Mod2_a>6</Mod2_a>
					<Mod2_b>-1</Mod2_b>
					<IsPrimaryColourCustom>false</IsPrimaryColourCustom>
					<IsSecondaryColourCustom>false</IsSecondaryColourCustom>
					<tyreSmoke_R>255</tyreSmoke_R>
					<tyreSmoke_G>255</tyreSmoke_G>
					<tyreSmoke_B>255</tyreSmoke_B>
					<LrInterior>0</LrInterior>
					<LrDashboard>0</LrDashboard>
					<LrXenonHeadlights>255</LrXenonHeadlights>
				</Colours>
				<Livery>-1</Livery>
				<NumberPlateText>48PHV628</NumberPlateText>
				<NumberPlateIndex>4</NumberPlateIndex>
				<WheelType>0</WheelType>
				<WheelsInvisible>false</WheelsInvisible>
				<EngineSoundName></EngineSoundName>
				<WindowTint>-1</WindowTint>
				<BulletProofTyres>false</BulletProofTyres>
				<DirtLevel>0</DirtLevel>
				<PaintFade>0.298039228</PaintFade>
				<RoofState>0</RoofState>
				<SirenActive>false</SirenActive>
				<EngineOn>false</EngineOn>
				<EngineHealth>648.430725</EngineHealth>
				<LightsOn>false</LightsOn>
				<IsRadioLoud>0</IsRadioLoud>
				<LockStatus>1</LockStatus>
				<Neons>
					<Left>false</Left>
					<Right>false</Right>
					<Front>false</Front>
					<Back>false</Back>
					<R>255</R>
					<G>0</G>
					<B>255</B>
				</Neons>
				<DoorsOpen>
					<BackLeftDoor>false</BackLeftDoor>
					<BackRightDoor>false</BackRightDoor>
					<FrontLeftDoor>false</FrontLeftDoor>
					<FrontRightDoor>false</FrontRightDoor>
					<Hood>false</Hood>
					<Trunk>false</Trunk>
					<Trunk2>false</Trunk2>
				</DoorsOpen>
				<DoorsBroken>
					<BackLeftDoor>false</BackLeftDoor>
					<BackRightDoor>false</BackRightDoor>
					<FrontLeftDoor>false</FrontLeftDoor>
					<FrontRightDoor>false</FrontRightDoor>
					<Hood>false</Hood>
					<Trunk>false</Trunk>
					<Trunk2>false</Trunk2>
				</DoorsBroken>
				<TyresBursted>
					<FrontLeft>false</FrontLeft>
					<FrontRight>false</FrontRight>
					<_2>false</_2>
					<_3>false</_3>
					<BackLeft>false</BackLeft>
					<BackRight>false</BackRight>
					<_6>false</_6>
					<_7>false</_7>
					<_8>false</_8>
				</TyresBursted>
				<ModExtras />
				<Mods>
					<_0>-1,0</_0>
					<_1>-1,0</_1>
					<_2>-1,0</_2>
					<_3>-1,0</_3>
					<_4>-1,0</_4>
					<_5>-1,0</_5>
					<_6>-1,0</_6>
					<_7>-1,0</_7>
					<_8>-1,0</_8>
					<_9>-1,0</_9>
					<_10>-1,0</_10>
					<_11>-1,0</_11>
					<_12>-1,0</_12>
					<_13>-1,0</_13>
					<_14>-1,0</_14>
					<_15>-1,0</_15>
					<_16>-1,0</_16>
					<_17>false</_17>
					<_18>false</_18>
					<_19>false</_19>
					<_20>false</_20>
					<_21>false</_21>
					<_22>false</_22>
					<_23>-1,0</_23>
					<_24>-1,0</_24>
					<_25>-1,0</_25>
					<_26>-1,0</_26>
					<_27>-1,0</_27>
					<_28>-1,0</_28>
					<_29>-1,0</_29>
					<_30>-1,0</_30>
					<_31>-1,0</_31>
					<_32>-1,0</_32>
					<_33>-1,0</_33>
					<_34>-1,0</_34>
					<_35>-1,0</_35>
					<_36>-1,0</_36>
					<_37>-1,0</_37>
					<_38>-1,0</_38>
					<_39>-1,0</_39>
					<_40>-1,0</_40>
					<_41>-1,0</_41>
					<_42>-1,0</_42>
					<_43>-1,0</_43>
					<_44>-1,0</_44>
					<_45>-1,0</_45>
					<_46>-1,0</_46>
					<_47>-1,0</_47>
					<_48>-1,0</_48>
				</Mods>
			</VehicleProperties>
			<OpacityLevel>255</OpacityLevel>
			<LodDistance>16960</LodDistance>
			<IsVisible>true</IsVisible>
			<MaxHealth>1000</MaxHealth>
			<Health>636</Health>
			<HasGravity>true</HasGravity>
			<IsOnFire>false</IsOnFire>
			<IsInvincible>false</IsInvincible>
			<IsBulletProof>false</IsBulletProof>
			<IsCollisionProof>false</IsCollisionProof>
			<IsExplosionProof>false</IsExplosionProof>
			<IsFireProof>false</IsFireProof>
			<IsMeleeProof>false</IsMeleeProof>
			<IsOnlyDamagedByPlayer>false</IsOnlyDamagedByPlayer>
			<PositionRotation>
				<X>-1472.87842</X>
				<Y>-2790.33032</Y>
				<Z>14.4548225</Z>
				<Pitch>0.862920165</Pitch>
				<Roll>0.00306083122</Roll>
				<Yaw>147.541183</Yaw>
			</PositionRotation>
			<Attachment isAttached="true">
				<AttachedTo>677690</AttachedTo>
				<BoneIndex>0</BoneIndex>
				<X>-98.9999924</X>
				<Y>0</Y>
				<Z>0</Z>
				<Pitch>0</Pitch>
				<Roll>0</Roll>
				<Yaw>0</Yaw>
			</Attachment>
		</Attachment>
		<Attachment>
			<ModelHash>0xb39b0ae6</ModelHash>
			<Type>2</Type>
			<Dynamic>true</Dynamic>
			<FrozenPos>false</FrozenPos>
			<HashName>P-996 LAZER</HashName>
			<InitialHandle>422200</InitialHandle>
			<VehicleProperties>
				<Colours>
					<Primary>121</Primary>
					<Secondary>21</Secondary>
					<Pearl>8</Pearl>
					<Rim>156</Rim>
					<Mod1_a>6</Mod1_a>
					<Mod1_b>-1</Mod1_b>
					<Mod1_c>-1</Mod1_c>
					<Mod2_a>6</Mod2_a>
					<Mod2_b>-1</Mod2_b>
					<IsPrimaryColourCustom>false</IsPrimaryColourCustom>
					<IsSecondaryColourCustom>false</IsSecondaryColourCustom>
					<tyreSmoke_R>255</tyreSmoke_R>
					<tyreSmoke_G>255</tyreSmoke_G>
					<tyreSmoke_B>255</tyreSmoke_B>
					<LrInterior>0</LrInterior>
					<LrDashboard>0</LrDashboard>
					<LrXenonHeadlights>255</LrXenonHeadlights>
				</Colours>
				<Livery>-1</Livery>
				<NumberPlateText>49PWL963</NumberPlateText>
				<NumberPlateIndex>4</NumberPlateIndex>
				<WheelType>0</WheelType>
				<WheelsInvisible>false</WheelsInvisible>
				<EngineSoundName></EngineSoundName>
				<WindowTint>-1</WindowTint>
				<BulletProofTyres>false</BulletProofTyres>
				<DirtLevel>0</DirtLevel>
				<PaintFade>0.298039228</PaintFade>
				<RoofState>0</RoofState>
				<SirenActive>false</SirenActive>
				<EngineOn>false</EngineOn>
				<EngineHealth>650</EngineHealth>
				<LightsOn>false</LightsOn>
				<IsRadioLoud>0</IsRadioLoud>
				<LockStatus>1</LockStatus>
				<Neons>
					<Left>false</Left>
					<Right>false</Right>
					<Front>false</Front>
					<Back>false</Back>
					<R>255</R>
					<G>0</G>
					<B>255</B>
				</Neons>
				<DoorsOpen>
					<BackLeftDoor>false</BackLeftDoor>
					<BackRightDoor>false</BackRightDoor>
					<FrontLeftDoor>false</FrontLeftDoor>
					<FrontRightDoor>false</FrontRightDoor>
					<Hood>false</Hood>
					<Trunk>false</Trunk>
					<Trunk2>false</Trunk2>
				</DoorsOpen>
				<DoorsBroken>
					<BackLeftDoor>false</BackLeftDoor>
					<BackRightDoor>false</BackRightDoor>
					<FrontLeftDoor>false</FrontLeftDoor>
					<FrontRightDoor>false</FrontRightDoor>
					<Hood>false</Hood>
					<Trunk>false</Trunk>
					<Trunk2>false</Trunk2>
				</DoorsBroken>
				<TyresBursted>
					<FrontLeft>false</FrontLeft>
					<FrontRight>false</FrontRight>
					<_2>false</_2>
					<_3>false</_3>
					<BackLeft>false</BackLeft>
					<BackRight>false</BackRight>
					<_6>false</_6>
					<_7>false</_7>
					<_8>false</_8>
				</TyresBursted>
				<ModExtras />
				<Mods>
					<_0>-1,0</_0>
					<_1>-1,0</_1>
					<_2>-1,0</_2>
					<_3>-1,0</_3>
					<_4>-1,0</_4>
					<_5>-1,0</_5>
					<_6>-1,0</_6>
					<_7>-1,0</_7>
					<_8>-1,0</_8>
					<_9>-1,0</_9>
					<_10>-1,0</_10>
					<_11>-1,0</_11>
					<_12>-1,0</_12>
					<_13>-1,0</_13>
					<_14>-1,0</_14>
					<_15>-1,0</_15>
					<_16>-1,0</_16>
					<_17>false</_17>
					<_18>false</_18>
					<_19>false</_19>
					<_20>false</_20>
					<_21>false</_21>
					<_22>false</_22>
					<_23>-1,0</_23>
					<_24>-1,0</_24>
					<_25>-1,0</_25>
					<_26>-1,0</_26>
					<_27>-1,0</_27>
					<_28>-1,0</_28>
					<_29>-1,0</_29>
					<_30>-1,0</_30>
					<_31>-1,0</_31>
					<_32>-1,0</_32>
					<_33>-1,0</_33>
					<_34>-1,0</_34>
					<_35>-1,0</_35>
					<_36>-1,0</_36>
					<_37>-1,0</_37>
					<_38>-1,0</_38>
					<_39>-1,0</_39>
					<_40>-1,0</_40>
					<_41>-1,0</_41>
					<_42>-1,0</_42>
					<_43>-1,0</_43>
					<_44>-1,0</_44>
					<_45>-1,0</_45>
					<_46>-1,0</_46>
					<_47>-1,0</_47>
					<_48>-1,0</_48>
				</Mods>
			</VehicleProperties>
			<OpacityLevel>255</OpacityLevel>
			<LodDistance>16960</LodDistance>
			<IsVisible>true</IsVisible>
			<MaxHealth>1000</MaxHealth>
			<Health>650</Health>
			<HasGravity>true</HasGravity>
			<IsOnFire>false</IsOnFire>
			<IsInvincible>false</IsInvincible>
			<IsBulletProof>false</IsBulletProof>
			<IsCollisionProof>false</IsCollisionProof>
			<IsExplosionProof>false</IsExplosionProof>
			<IsFireProof>false</IsFireProof>
			<IsMeleeProof>false</IsMeleeProof>
			<IsOnlyDamagedByPlayer>false</IsOnlyDamagedByPlayer>
			<PositionRotation>
				<X>-1639.94653</X>
				<Y>-2684.06519</Y>
				<Z>14.4442463</Z>
				<Pitch>0.862920165</Pitch>
				<Roll>0.00306083122</Roll>
				<Yaw>147.541183</Yaw>
			</PositionRotation>
			<Attachment isAttached="true">
				<AttachedTo>677690</AttachedTo>
				<BoneIndex>0</BoneIndex>
				<X>98.9999924</X>
				<Y>0</Y>
				<Z>0</Z>
				<Pitch>0</Pitch>
				<Roll>0</Roll>
				<Yaw>0</Yaw>
			</Attachment>
		</Attachment>
		<Attachment>
			<ModelHash>0xb39b0ae6</ModelHash>
			<Type>2</Type>
			<Dynamic>true</Dynamic>
			<FrozenPos>false</FrozenPos>
			<HashName>P-996 LAZER</HashName>
			<InitialHandle>450872</InitialHandle>
			<VehicleProperties>
				<Colours>
					<Primary>121</Primary>
					<Secondary>21</Secondary>
					<Pearl>8</Pearl>
					<Rim>156</Rim>
					<Mod1_a>6</Mod1_a>
					<Mod1_b>-1</Mod1_b>
					<Mod1_c>-1</Mod1_c>
					<Mod2_a>6</Mod2_a>
					<Mod2_b>-1</Mod2_b>
					<IsPrimaryColourCustom>false</IsPrimaryColourCustom>
					<IsSecondaryColourCustom>false</IsSecondaryColourCustom>
					<tyreSmoke_R>255</tyreSmoke_R>
					<tyreSmoke_G>255</tyreSmoke_G>
					<tyreSmoke_B>255</tyreSmoke_B>
					<LrInterior>0</LrInterior>
					<LrDashboard>0</LrDashboard>
					<LrXenonHeadlights>255</LrXenonHeadlights>
				</Colours>
				<Livery>-1</Livery>
				<NumberPlateText>25SBB394</NumberPlateText>
				<NumberPlateIndex>4</NumberPlateIndex>
				<WheelType>0</WheelType>
				<WheelsInvisible>false</WheelsInvisible>
				<EngineSoundName></EngineSoundName>
				<WindowTint>-1</WindowTint>
				<BulletProofTyres>false</BulletProofTyres>
				<DirtLevel>0</DirtLevel>
				<PaintFade>0.298039228</PaintFade>
				<RoofState>0</RoofState>
				<SirenActive>false</SirenActive>
				<EngineOn>false</EngineOn>
				<EngineHealth>1000</EngineHealth>
				<LightsOn>false</LightsOn>
				<IsRadioLoud>0</IsRadioLoud>
				<LockStatus>1</LockStatus>
				<Neons>
					<Left>false</Left>
					<Right>false</Right>
					<Front>false</Front>
					<Back>false</Back>
					<R>255</R>
					<G>0</G>
					<B>255</B>
				</Neons>
				<DoorsOpen>
					<BackLeftDoor>false</BackLeftDoor>
					<BackRightDoor>false</BackRightDoor>
					<FrontLeftDoor>false</FrontLeftDoor>
					<FrontRightDoor>false</FrontRightDoor>
					<Hood>false</Hood>
					<Trunk>false</Trunk>
					<Trunk2>false</Trunk2>
				</DoorsOpen>
				<DoorsBroken>
					<BackLeftDoor>false</BackLeftDoor>
					<BackRightDoor>false</BackRightDoor>
					<FrontLeftDoor>false</FrontLeftDoor>
					<FrontRightDoor>false</FrontRightDoor>
					<Hood>false</Hood>
					<Trunk>false</Trunk>
					<Trunk2>false</Trunk2>
				</DoorsBroken>
				<TyresBursted>
					<FrontLeft>false</FrontLeft>
					<FrontRight>false</FrontRight>
					<_2>false</_2>
					<_3>false</_3>
					<BackLeft>false</BackLeft>
					<BackRight>false</BackRight>
					<_6>false</_6>
					<_7>false</_7>
					<_8>false</_8>
				</TyresBursted>
				<ModExtras />
				<Mods>
					<_0>-1,0</_0>
					<_1>-1,0</_1>
					<_2>-1,0</_2>
					<_3>-1,0</_3>
					<_4>-1,0</_4>
					<_5>-1,0</_5>
					<_6>-1,0</_6>
					<_7>-1,0</_7>
					<_8>-1,0</_8>
					<_9>-1,0</_9>
					<_10>-1,0</_10>
					<_11>-1,0</_11>
					<_12>-1,0</_12>
					<_13>-1,0</_13>
					<_14>-1,0</_14>
					<_15>-1,0</_15>
					<_16>-1,0</_16>
					<_17>false</_17>
					<_18>false</_18>
					<_19>false</_19>
					<_20>false</_20>
					<_21>false</_21>
					<_22>false</_22>
					<_23>-1,0</_23>
					<_24>-1,0</_24>
					<_25>-1,0</_25>
					<_26>-1,0</_26>
					<_27>-1,0</_27>
					<_28>-1,0</_28>
					<_29>-1,0</_29>
					<_30>-1,0</_30>
					<_31>-1,0</_31>
					<_32>-1,0</_32>
					<_33>-1,0</_33>
					<_34>-1,0</_34>
					<_35>-1,0</_35>
					<_36>-1,0</_36>
					<_37>-1,0</_37>
					<_38>-1,0</_38>
					<_39>-1,0</_39>
					<_40>-1,0</_40>
					<_41>-1,0</_41>
					<_42>-1,0</_42>
					<_43>-1,0</_43>
					<_44>-1,0</_44>
					<_45>-1,0</_45>
					<_46>-1,0</_46>
					<_47>-1,0</_47>
					<_48>-1,0</_48>
				</Mods>
			</VehicleProperties>
			<OpacityLevel>255</OpacityLevel>
			<LodDistance>16960</LodDistance>
			<IsVisible>true</IsVisible>
			<MaxHealth>1000</MaxHealth>
			<Health>1000</Health>
			<HasGravity>true</HasGravity>
			<IsOnFire>false</IsOnFire>
			<IsInvincible>false</IsInvincible>
			<IsBulletProof>false</IsBulletProof>
			<IsCollisionProof>false</IsCollisionProof>
			<IsExplosionProof>false</IsExplosionProof>
			<IsFireProof>false</IsFireProof>
			<IsMeleeProof>false</IsMeleeProof>
			<IsOnlyDamagedByPlayer>false</IsOnlyDamagedByPlayer>
			<PositionRotation>
				<X>-1482.16003</X>
				<Y>-2784.42676</Y>
				<Z>14.4542351</Z>
				<Pitch>0.862920165</Pitch>
				<Roll>0.00306083122</Roll>
				<Yaw>147.541183</Yaw>
			</PositionRotation>
			<Attachment isAttached="true">
				<AttachedTo>677690</AttachedTo>
				<BoneIndex>0</BoneIndex>
				<X>-87.9999924</X>
				<Y>0</Y>
				<Z>0</Z>
				<Pitch>0</Pitch>
				<Roll>0</Roll>
				<Yaw>0</Yaw>
			</Attachment>
		</Attachment>
		<Attachment>
			<ModelHash>0xb39b0ae6</ModelHash>
			<Type>2</Type>
			<Dynamic>true</Dynamic>
			<FrozenPos>false</FrozenPos>
			<HashName>P-996 LAZER</HashName>
			<InitialHandle>628790</InitialHandle>
			<VehicleProperties>
				<Colours>
					<Primary>121</Primary>
					<Secondary>21</Secondary>
					<Pearl>8</Pearl>
					<Rim>156</Rim>
					<Mod1_a>6</Mod1_a>
					<Mod1_b>-1</Mod1_b>
					<Mod1_c>-1</Mod1_c>
					<Mod2_a>6</Mod2_a>
					<Mod2_b>-1</Mod2_b>
					<IsPrimaryColourCustom>false</IsPrimaryColourCustom>
					<IsSecondaryColourCustom>false</IsSecondaryColourCustom>
					<tyreSmoke_R>255</tyreSmoke_R>
					<tyreSmoke_G>255</tyreSmoke_G>
					<tyreSmoke_B>255</tyreSmoke_B>
					<LrInterior>0</LrInterior>
					<LrDashboard>0</LrDashboard>
					<LrXenonHeadlights>255</LrXenonHeadlights>
				</Colours>
				<Livery>-1</Livery>
				<NumberPlateText>87NIM400</NumberPlateText>
				<NumberPlateIndex>4</NumberPlateIndex>
				<WheelType>0</WheelType>
				<WheelsInvisible>false</WheelsInvisible>
				<EngineSoundName></EngineSoundName>
				<WindowTint>-1</WindowTint>
				<BulletProofTyres>false</BulletProofTyres>
				<DirtLevel>0</DirtLevel>
				<PaintFade>0.298039228</PaintFade>
				<RoofState>0</RoofState>
				<SirenActive>false</SirenActive>
				<EngineOn>false</EngineOn>
				<EngineHealth>1000</EngineHealth>
				<LightsOn>false</LightsOn>
				<IsRadioLoud>0</IsRadioLoud>
				<LockStatus>1</LockStatus>
				<Neons>
					<Left>false</Left>
					<Right>false</Right>
					<Front>false</Front>
					<Back>false</Back>
					<R>255</R>
					<G>0</G>
					<B>255</B>
				</Neons>
				<DoorsOpen>
					<BackLeftDoor>false</BackLeftDoor>
					<BackRightDoor>false</BackRightDoor>
					<FrontLeftDoor>false</FrontLeftDoor>
					<FrontRightDoor>false</FrontRightDoor>
					<Hood>false</Hood>
					<Trunk>false</Trunk>
					<Trunk2>false</Trunk2>
				</DoorsOpen>
				<DoorsBroken>
					<BackLeftDoor>false</BackLeftDoor>
					<BackRightDoor>false</BackRightDoor>
					<FrontLeftDoor>false</FrontLeftDoor>
					<FrontRightDoor>false</FrontRightDoor>
					<Hood>false</Hood>
					<Trunk>false</Trunk>
					<Trunk2>false</Trunk2>
				</DoorsBroken>
				<TyresBursted>
					<FrontLeft>false</FrontLeft>
					<FrontRight>false</FrontRight>
					<_2>false</_2>
					<_3>false</_3>
					<BackLeft>false</BackLeft>
					<BackRight>false</BackRight>
					<_6>false</_6>
					<_7>false</_7>
					<_8>false</_8>
				</TyresBursted>
				<ModExtras />
				<Mods>
					<_0>-1,0</_0>
					<_1>-1,0</_1>
					<_2>-1,0</_2>
					<_3>-1,0</_3>
					<_4>-1,0</_4>
					<_5>-1,0</_5>
					<_6>-1,0</_6>
					<_7>-1,0</_7>
					<_8>-1,0</_8>
					<_9>-1,0</_9>
					<_10>-1,0</_10>
					<_11>-1,0</_11>
					<_12>-1,0</_12>
					<_13>-1,0</_13>
					<_14>-1,0</_14>
					<_15>-1,0</_15>
					<_16>-1,0</_16>
					<_17>false</_17>
					<_18>false</_18>
					<_19>false</_19>
					<_20>false</_20>
					<_21>false</_21>
					<_22>false</_22>
					<_23>-1,0</_23>
					<_24>-1,0</_24>
					<_25>-1,0</_25>
					<_26>-1,0</_26>
					<_27>-1,0</_27>
					<_28>-1,0</_28>
					<_29>-1,0</_29>
					<_30>-1,0</_30>
					<_31>-1,0</_31>
					<_32>-1,0</_32>
					<_33>-1,0</_33>
					<_34>-1,0</_34>
					<_35>-1,0</_35>
					<_36>-1,0</_36>
					<_37>-1,0</_37>
					<_38>-1,0</_38>
					<_39>-1,0</_39>
					<_40>-1,0</_40>
					<_41>-1,0</_41>
					<_42>-1,0</_42>
					<_43>-1,0</_43>
					<_44>-1,0</_44>
					<_45>-1,0</_45>
					<_46>-1,0</_46>
					<_47>-1,0</_47>
					<_48>-1,0</_48>
				</Mods>
			</VehicleProperties>
			<OpacityLevel>255</OpacityLevel>
			<LodDistance>16960</LodDistance>
			<IsVisible>true</IsVisible>
			<MaxHealth>1000</MaxHealth>
			<Health>1000</Health>
			<HasGravity>true</HasGravity>
			<IsOnFire>false</IsOnFire>
			<IsInvincible>false</IsInvincible>
			<IsBulletProof>false</IsBulletProof>
			<IsCollisionProof>false</IsCollisionProof>
			<IsExplosionProof>false</IsExplosionProof>
			<IsFireProof>false</IsFireProof>
			<IsMeleeProof>false</IsMeleeProof>
			<IsOnlyDamagedByPlayer>false</IsOnlyDamagedByPlayer>
			<PositionRotation>
				<X>-1630.66492</X>
				<Y>-2689.96875</Y>
				<Z>14.4448338</Z>
				<Pitch>0.862920165</Pitch>
				<Roll>0.00306083122</Roll>
				<Yaw>147.541183</Yaw>
			</PositionRotation>
			<Attachment isAttached="true">
				<AttachedTo>677690</AttachedTo>
				<BoneIndex>0</BoneIndex>
				<X>87.9999924</X>
				<Y>0</Y>
				<Z>0</Z>
				<Pitch>0</Pitch>
				<Roll>0</Roll>
				<Yaw>0</Yaw>
			</Attachment>
		</Attachment>
		<Attachment>
			<ModelHash>0xb39b0ae6</ModelHash>
			<Type>2</Type>
			<Dynamic>true</Dynamic>
			<FrozenPos>false</FrozenPos>
			<HashName>P-996 LAZER</HashName>
			<InitialHandle>649273</InitialHandle>
			<VehicleProperties>
				<Colours>
					<Primary>121</Primary>
					<Secondary>21</Secondary>
					<Pearl>8</Pearl>
					<Rim>156</Rim>
					<Mod1_a>6</Mod1_a>
					<Mod1_b>-1</Mod1_b>
					<Mod1_c>-1</Mod1_c>
					<Mod2_a>6</Mod2_a>
					<Mod2_b>-1</Mod2_b>
					<IsPrimaryColourCustom>false</IsPrimaryColourCustom>
					<IsSecondaryColourCustom>false</IsSecondaryColourCustom>
					<tyreSmoke_R>255</tyreSmoke_R>
					<tyreSmoke_G>255</tyreSmoke_G>
					<tyreSmoke_B>255</tyreSmoke_B>
					<LrInterior>0</LrInterior>
					<LrDashboard>0</LrDashboard>
					<LrXenonHeadlights>255</LrXenonHeadlights>
				</Colours>
				<Livery>-1</Livery>
				<NumberPlateText>28MAE986</NumberPlateText>
				<NumberPlateIndex>4</NumberPlateIndex>
				<WheelType>0</WheelType>
				<WheelsInvisible>false</WheelsInvisible>
				<EngineSoundName></EngineSoundName>
				<WindowTint>-1</WindowTint>
				<BulletProofTyres>false</BulletProofTyres>
				<DirtLevel>0</DirtLevel>
				<PaintFade>0.298039228</PaintFade>
				<RoofState>0</RoofState>
				<SirenActive>false</SirenActive>
				<EngineOn>false</EngineOn>
				<EngineHealth>1000</EngineHealth>
				<LightsOn>false</LightsOn>
				<IsRadioLoud>0</IsRadioLoud>
				<LockStatus>1</LockStatus>
				<Neons>
					<Left>false</Left>
					<Right>false</Right>
					<Front>false</Front>
					<Back>false</Back>
					<R>255</R>
					<G>0</G>
					<B>255</B>
				</Neons>
				<DoorsOpen>
					<BackLeftDoor>false</BackLeftDoor>
					<BackRightDoor>false</BackRightDoor>
					<FrontLeftDoor>false</FrontLeftDoor>
					<FrontRightDoor>false</FrontRightDoor>
					<Hood>false</Hood>
					<Trunk>false</Trunk>
					<Trunk2>false</Trunk2>
				</DoorsOpen>
				<DoorsBroken>
					<BackLeftDoor>false</BackLeftDoor>
					<BackRightDoor>false</BackRightDoor>
					<FrontLeftDoor>false</FrontLeftDoor>
					<FrontRightDoor>false</FrontRightDoor>
					<Hood>false</Hood>
					<Trunk>false</Trunk>
					<Trunk2>false</Trunk2>
				</DoorsBroken>
				<TyresBursted>
					<FrontLeft>false</FrontLeft>
					<FrontRight>false</FrontRight>
					<_2>false</_2>
					<_3>false</_3>
					<BackLeft>false</BackLeft>
					<BackRight>false</BackRight>
					<_6>false</_6>
					<_7>false</_7>
					<_8>false</_8>
				</TyresBursted>
				<ModExtras />
				<Mods>
					<_0>-1,0</_0>
					<_1>-1,0</_1>
					<_2>-1,0</_2>
					<_3>-1,0</_3>
					<_4>-1,0</_4>
					<_5>-1,0</_5>
					<_6>-1,0</_6>
					<_7>-1,0</_7>
					<_8>-1,0</_8>
					<_9>-1,0</_9>
					<_10>-1,0</_10>
					<_11>-1,0</_11>
					<_12>-1,0</_12>
					<_13>-1,0</_13>
					<_14>-1,0</_14>
					<_15>-1,0</_15>
					<_16>-1,0</_16>
					<_17>false</_17>
					<_18>false</_18>
					<_19>false</_19>
					<_20>false</_20>
					<_21>false</_21>
					<_22>false</_22>
					<_23>-1,0</_23>
					<_24>-1,0</_24>
					<_25>-1,0</_25>
					<_26>-1,0</_26>
					<_27>-1,0</_27>
					<_28>-1,0</_28>
					<_29>-1,0</_29>
					<_30>-1,0</_30>
					<_31>-1,0</_31>
					<_32>-1,0</_32>
					<_33>-1,0</_33>
					<_34>-1,0</_34>
					<_35>-1,0</_35>
					<_36>-1,0</_36>
					<_37>-1,0</_37>
					<_38>-1,0</_38>
					<_39>-1,0</_39>
					<_40>-1,0</_40>
					<_41>-1,0</_41>
					<_42>-1,0</_42>
					<_43>-1,0</_43>
					<_44>-1,0</_44>
					<_45>-1,0</_45>
					<_46>-1,0</_46>
					<_47>-1,0</_47>
					<_48>-1,0</_48>
				</Mods>
			</VehicleProperties>
			<OpacityLevel>255</OpacityLevel>
			<LodDistance>16960</LodDistance>
			<IsVisible>true</IsVisible>
			<MaxHealth>1000</MaxHealth>
			<Health>1000</Health>
			<HasGravity>true</HasGravity>
			<IsOnFire>false</IsOnFire>
			<IsInvincible>false</IsInvincible>
			<IsBulletProof>false</IsBulletProof>
			<IsCollisionProof>false</IsCollisionProof>
			<IsExplosionProof>false</IsExplosionProof>
			<IsFireProof>false</IsFireProof>
			<IsMeleeProof>false</IsMeleeProof>
			<IsOnlyDamagedByPlayer>false</IsOnlyDamagedByPlayer>
			<PositionRotation>
				<X>-1491.44153</X>
				<Y>-2778.52295</Y>
				<Z>14.4536476</Z>
				<Pitch>0.862920165</Pitch>
				<Roll>0.00306083122</Roll>
				<Yaw>147.541183</Yaw>
			</PositionRotation>
			<Attachment isAttached="true">
				<AttachedTo>677690</AttachedTo>
				<BoneIndex>0</BoneIndex>
				<X>-76.9999924</X>
				<Y>0</Y>
				<Z>0</Z>
				<Pitch>0</Pitch>
				<Roll>0</Roll>
				<Yaw>0</Yaw>
			</Attachment>
		</Attachment>
		<Attachment>
			<ModelHash>0xb39b0ae6</ModelHash>
			<Type>2</Type>
			<Dynamic>true</Dynamic>
			<FrozenPos>false</FrozenPos>
			<HashName>P-996 LAZER</HashName>
			<InitialHandle>709945</InitialHandle>
			<VehicleProperties>
				<Colours>
					<Primary>121</Primary>
					<Secondary>21</Secondary>
					<Pearl>8</Pearl>
					<Rim>156</Rim>
					<Mod1_a>6</Mod1_a>
					<Mod1_b>-1</Mod1_b>
					<Mod1_c>-1</Mod1_c>
					<Mod2_a>6</Mod2_a>
					<Mod2_b>-1</Mod2_b>
					<IsPrimaryColourCustom>false</IsPrimaryColourCustom>
					<IsSecondaryColourCustom>false</IsSecondaryColourCustom>
					<tyreSmoke_R>255</tyreSmoke_R>
					<tyreSmoke_G>255</tyreSmoke_G>
					<tyreSmoke_B>255</tyreSmoke_B>
					<LrInterior>0</LrInterior>
					<LrDashboard>0</LrDashboard>
					<LrXenonHeadlights>255</LrXenonHeadlights>
				</Colours>
				<Livery>-1</Livery>
				<NumberPlateText>08QAX964</NumberPlateText>
				<NumberPlateIndex>4</NumberPlateIndex>
				<WheelType>0</WheelType>
				<WheelsInvisible>false</WheelsInvisible>
				<EngineSoundName></EngineSoundName>
				<WindowTint>-1</WindowTint>
				<BulletProofTyres>false</BulletProofTyres>
				<DirtLevel>0</DirtLevel>
				<PaintFade>0.298039228</PaintFade>
				<RoofState>0</RoofState>
				<SirenActive>false</SirenActive>
				<EngineOn>false</EngineOn>
				<EngineHealth>1000</EngineHealth>
				<LightsOn>false</LightsOn>
				<IsRadioLoud>0</IsRadioLoud>
				<LockStatus>1</LockStatus>
				<Neons>
					<Left>false</Left>
					<Right>false</Right>
					<Front>false</Front>
					<Back>false</Back>
					<R>255</R>
					<G>0</G>
					<B>255</B>
				</Neons>
				<DoorsOpen>
					<BackLeftDoor>false</BackLeftDoor>
					<BackRightDoor>false</BackRightDoor>
					<FrontLeftDoor>false</FrontLeftDoor>
					<FrontRightDoor>false</FrontRightDoor>
					<Hood>false</Hood>
					<Trunk>false</Trunk>
					<Trunk2>false</Trunk2>
				</DoorsOpen>
				<DoorsBroken>
					<BackLeftDoor>false</BackLeftDoor>
					<BackRightDoor>false</BackRightDoor>
					<FrontLeftDoor>false</FrontLeftDoor>
					<FrontRightDoor>false</FrontRightDoor>
					<Hood>false</Hood>
					<Trunk>false</Trunk>
					<Trunk2>false</Trunk2>
				</DoorsBroken>
				<TyresBursted>
					<FrontLeft>false</FrontLeft>
					<FrontRight>false</FrontRight>
					<_2>false</_2>
					<_3>false</_3>
					<BackLeft>false</BackLeft>
					<BackRight>false</BackRight>
					<_6>false</_6>
					<_7>false</_7>
					<_8>false</_8>
				</TyresBursted>
				<ModExtras />
				<Mods>
					<_0>-1,0</_0>
					<_1>-1,0</_1>
					<_2>-1,0</_2>
					<_3>-1,0</_3>
					<_4>-1,0</_4>
					<_5>-1,0</_5>
					<_6>-1,0</_6>
					<_7>-1,0</_7>
					<_8>-1,0</_8>
					<_9>-1,0</_9>
					<_10>-1,0</_10>
					<_11>-1,0</_11>
					<_12>-1,0</_12>
					<_13>-1,0</_13>
					<_14>-1,0</_14>
					<_15>-1,0</_15>
					<_16>-1,0</_16>
					<_17>false</_17>
					<_18>false</_18>
					<_19>false</_19>
					<_20>false</_20>
					<_21>false</_21>
					<_22>false</_22>
					<_23>-1,0</_23>
					<_24>-1,0</_24>
					<_25>-1,0</_25>
					<_26>-1,0</_26>
					<_27>-1,0</_27>
					<_28>-1,0</_28>
					<_29>-1,0</_29>
					<_30>-1,0</_30>
					<_31>-1,0</_31>
					<_32>-1,0</_32>
					<_33>-1,0</_33>
					<_34>-1,0</_34>
					<_35>-1,0</_35>
					<_36>-1,0</_36>
					<_37>-1,0</_37>
					<_38>-1,0</_38>
					<_39>-1,0</_39>
					<_40>-1,0</_40>
					<_41>-1,0</_41>
					<_42>-1,0</_42>
					<_43>-1,0</_43>
					<_44>-1,0</_44>
					<_45>-1,0</_45>
					<_46>-1,0</_46>
					<_47>-1,0</_47>
					<_48>-1,0</_48>
				</Mods>
			</VehicleProperties>
			<OpacityLevel>255</OpacityLevel>
			<LodDistance>16960</LodDistance>
			<IsVisible>true</IsVisible>
			<MaxHealth>1000</MaxHealth>
			<Health>1000</Health>
			<HasGravity>true</HasGravity>
			<IsOnFire>false</IsOnFire>
			<IsInvincible>false</IsInvincible>
			<IsBulletProof>false</IsBulletProof>
			<IsCollisionProof>false</IsCollisionProof>
			<IsExplosionProof>false</IsExplosionProof>
			<IsFireProof>false</IsFireProof>
			<IsMeleeProof>false</IsMeleeProof>
			<IsOnlyDamagedByPlayer>false</IsOnlyDamagedByPlayer>
			<PositionRotation>
				<X>-1621.38342</X>
				<Y>-2695.87256</Y>
				<Z>14.4454212</Z>
				<Pitch>0.862920165</Pitch>
				<Roll>0.00306083122</Roll>
				<Yaw>147.541183</Yaw>
			</PositionRotation>
			<Attachment isAttached="true">
				<AttachedTo>677690</AttachedTo>
				<BoneIndex>0</BoneIndex>
				<X>76.9999924</X>
				<Y>0</Y>
				<Z>0</Z>
				<Pitch>0</Pitch>
				<Roll>0</Roll>
				<Yaw>0</Yaw>
			</Attachment>
		</Attachment>
		<Attachment>
			<ModelHash>0xb39b0ae6</ModelHash>
			<Type>2</Type>
			<Dynamic>true</Dynamic>
			<FrozenPos>false</FrozenPos>
			<HashName>P-996 LAZER</HashName>
			<InitialHandle>772665</InitialHandle>
			<VehicleProperties>
				<Colours>
					<Primary>121</Primary>
					<Secondary>21</Secondary>
					<Pearl>8</Pearl>
					<Rim>156</Rim>
					<Mod1_a>6</Mod1_a>
					<Mod1_b>-1</Mod1_b>
					<Mod1_c>-1</Mod1_c>
					<Mod2_a>6</Mod2_a>
					<Mod2_b>-1</Mod2_b>
					<IsPrimaryColourCustom>false</IsPrimaryColourCustom>
					<IsSecondaryColourCustom>false</IsSecondaryColourCustom>
					<tyreSmoke_R>255</tyreSmoke_R>
					<tyreSmoke_G>255</tyreSmoke_G>
					<tyreSmoke_B>255</tyreSmoke_B>
					<LrInterior>0</LrInterior>
					<LrDashboard>0</LrDashboard>
					<LrXenonHeadlights>255</LrXenonHeadlights>
				</Colours>
				<Livery>-1</Livery>
				<NumberPlateText>09PLE278</NumberPlateText>
				<NumberPlateIndex>4</NumberPlateIndex>
				<WheelType>0</WheelType>
				<WheelsInvisible>false</WheelsInvisible>
				<EngineSoundName></EngineSoundName>
				<WindowTint>-1</WindowTint>
				<BulletProofTyres>false</BulletProofTyres>
				<DirtLevel>0</DirtLevel>
				<PaintFade>0.298039228</PaintFade>
				<RoofState>0</RoofState>
				<SirenActive>false</SirenActive>
				<EngineOn>false</EngineOn>
				<EngineHealth>1000</EngineHealth>
				<LightsOn>false</LightsOn>
				<IsRadioLoud>0</IsRadioLoud>
				<LockStatus>1</LockStatus>
				<Neons>
					<Left>false</Left>
					<Right>false</Right>
					<Front>false</Front>
					<Back>false</Back>
					<R>255</R>
					<G>0</G>
					<B>255</B>
				</Neons>
				<DoorsOpen>
					<BackLeftDoor>false</BackLeftDoor>
					<BackRightDoor>false</BackRightDoor>
					<FrontLeftDoor>false</FrontLeftDoor>
					<FrontRightDoor>false</FrontRightDoor>
					<Hood>false</Hood>
					<Trunk>false</Trunk>
					<Trunk2>false</Trunk2>
				</DoorsOpen>
				<DoorsBroken>
					<BackLeftDoor>false</BackLeftDoor>
					<BackRightDoor>false</BackRightDoor>
					<FrontLeftDoor>false</FrontLeftDoor>
					<FrontRightDoor>false</FrontRightDoor>
					<Hood>false</Hood>
					<Trunk>false</Trunk>
					<Trunk2>false</Trunk2>
				</DoorsBroken>
				<TyresBursted>
					<FrontLeft>false</FrontLeft>
					<FrontRight>false</FrontRight>
					<_2>false</_2>
					<_3>false</_3>
					<BackLeft>false</BackLeft>
					<BackRight>false</BackRight>
					<_6>false</_6>
					<_7>false</_7>
					<_8>false</_8>
				</TyresBursted>
				<ModExtras />
				<Mods>
					<_0>-1,0</_0>
					<_1>-1,0</_1>
					<_2>-1,0</_2>
					<_3>-1,0</_3>
					<_4>-1,0</_4>
					<_5>-1,0</_5>
					<_6>-1,0</_6>
					<_7>-1,0</_7>
					<_8>-1,0</_8>
					<_9>-1,0</_9>
					<_10>-1,0</_10>
					<_11>-1,0</_11>
					<_12>-1,0</_12>
					<_13>-1,0</_13>
					<_14>-1,0</_14>
					<_15>-1,0</_15>
					<_16>-1,0</_16>
					<_17>false</_17>
					<_18>false</_18>
					<_19>false</_19>
					<_20>false</_20>
					<_21>false</_21>
					<_22>false</_22>
					<_23>-1,0</_23>
					<_24>-1,0</_24>
					<_25>-1,0</_25>
					<_26>-1,0</_26>
					<_27>-1,0</_27>
					<_28>-1,0</_28>
					<_29>-1,0</_29>
					<_30>-1,0</_30>
					<_31>-1,0</_31>
					<_32>-1,0</_32>
					<_33>-1,0</_33>
					<_34>-1,0</_34>
					<_35>-1,0</_35>
					<_36>-1,0</_36>
					<_37>-1,0</_37>
					<_38>-1,0</_38>
					<_39>-1,0</_39>
					<_40>-1,0</_40>
					<_41>-1,0</_41>
					<_42>-1,0</_42>
					<_43>-1,0</_43>
					<_44>-1,0</_44>
					<_45>-1,0</_45>
					<_46>-1,0</_46>
					<_47>-1,0</_47>
					<_48>-1,0</_48>
				</Mods>
			</VehicleProperties>
			<OpacityLevel>255</OpacityLevel>
			<LodDistance>16960</LodDistance>
			<IsVisible>true</IsVisible>
			<MaxHealth>1000</MaxHealth>
			<Health>1000</Health>
			<HasGravity>true</HasGravity>
			<IsOnFire>false</IsOnFire>
			<IsInvincible>false</IsInvincible>
			<IsBulletProof>false</IsBulletProof>
			<IsCollisionProof>false</IsCollisionProof>
			<IsExplosionProof>false</IsExplosionProof>
			<IsFireProof>false</IsFireProof>
			<IsMeleeProof>false</IsMeleeProof>
			<IsOnlyDamagedByPlayer>false</IsOnlyDamagedByPlayer>
			<PositionRotation>
				<X>-1500.72314</X>
				<Y>-2772.61938</Y>
				<Z>14.4530602</Z>
				<Pitch>0.862920165</Pitch>
				<Roll>0.00306083122</Roll>
				<Yaw>147.541183</Yaw>
			</PositionRotation>
			<Attachment isAttached="true">
				<AttachedTo>677690</AttachedTo>
				<BoneIndex>0</BoneIndex>
				<X>-65.9999924</X>
				<Y>0</Y>
				<Z>0</Z>
				<Pitch>0</Pitch>
				<Roll>0</Roll>
				<Yaw>0</Yaw>
			</Attachment>
		</Attachment>
		<Attachment>
			<ModelHash>0xb39b0ae6</ModelHash>
			<Type>2</Type>
			<Dynamic>true</Dynamic>
			<FrozenPos>false</FrozenPos>
			<HashName>P-996 LAZER</HashName>
			<InitialHandle>119866</InitialHandle>
			<VehicleProperties>
				<Colours>
					<Primary>121</Primary>
					<Secondary>21</Secondary>
					<Pearl>8</Pearl>
					<Rim>156</Rim>
					<Mod1_a>6</Mod1_a>
					<Mod1_b>-1</Mod1_b>
					<Mod1_c>-1</Mod1_c>
					<Mod2_a>6</Mod2_a>
					<Mod2_b>-1</Mod2_b>
					<IsPrimaryColourCustom>false</IsPrimaryColourCustom>
					<IsSecondaryColourCustom>false</IsSecondaryColourCustom>
					<tyreSmoke_R>255</tyreSmoke_R>
					<tyreSmoke_G>255</tyreSmoke_G>
					<tyreSmoke_B>255</tyreSmoke_B>
					<LrInterior>0</LrInterior>
					<LrDashboard>0</LrDashboard>
					<LrXenonHeadlights>255</LrXenonHeadlights>
				</Colours>
				<Livery>-1</Livery>
				<NumberPlateText>29HDU208</NumberPlateText>
				<NumberPlateIndex>4</NumberPlateIndex>
				<WheelType>0</WheelType>
				<WheelsInvisible>false</WheelsInvisible>
				<EngineSoundName></EngineSoundName>
				<WindowTint>-1</WindowTint>
				<BulletProofTyres>false</BulletProofTyres>
				<DirtLevel>0</DirtLevel>
				<PaintFade>0.298039228</PaintFade>
				<RoofState>0</RoofState>
				<SirenActive>false</SirenActive>
				<EngineOn>false</EngineOn>
				<EngineHealth>1000</EngineHealth>
				<LightsOn>false</LightsOn>
				<IsRadioLoud>0</IsRadioLoud>
				<LockStatus>1</LockStatus>
				<Neons>
					<Left>false</Left>
					<Right>false</Right>
					<Front>false</Front>
					<Back>false</Back>
					<R>255</R>
					<G>0</G>
					<B>255</B>
				</Neons>
				<DoorsOpen>
					<BackLeftDoor>false</BackLeftDoor>
					<BackRightDoor>false</BackRightDoor>
					<FrontLeftDoor>false</FrontLeftDoor>
					<FrontRightDoor>false</FrontRightDoor>
					<Hood>false</Hood>
					<Trunk>false</Trunk>
					<Trunk2>false</Trunk2>
				</DoorsOpen>
				<DoorsBroken>
					<BackLeftDoor>false</BackLeftDoor>
					<BackRightDoor>false</BackRightDoor>
					<FrontLeftDoor>false</FrontLeftDoor>
					<FrontRightDoor>false</FrontRightDoor>
					<Hood>false</Hood>
					<Trunk>false</Trunk>
					<Trunk2>false</Trunk2>
				</DoorsBroken>
				<TyresBursted>
					<FrontLeft>false</FrontLeft>
					<FrontRight>false</FrontRight>
					<_2>false</_2>
					<_3>false</_3>
					<BackLeft>false</BackLeft>
					<BackRight>false</BackRight>
					<_6>false</_6>
					<_7>false</_7>
					<_8>false</_8>
				</TyresBursted>
				<ModExtras />
				<Mods>
					<_0>-1,0</_0>
					<_1>-1,0</_1>
					<_2>-1,0</_2>
					<_3>-1,0</_3>
					<_4>-1,0</_4>
					<_5>-1,0</_5>
					<_6>-1,0</_6>
					<_7>-1,0</_7>
					<_8>-1,0</_8>
					<_9>-1,0</_9>
					<_10>-1,0</_10>
					<_11>-1,0</_11>
					<_12>-1,0</_12>
					<_13>-1,0</_13>
					<_14>-1,0</_14>
					<_15>-1,0</_15>
					<_16>-1,0</_16>
					<_17>false</_17>
					<_18>false</_18>
					<_19>false</_19>
					<_20>false</_20>
					<_21>false</_21>
					<_22>false</_22>
					<_23>-1,0</_23>
					<_24>-1,0</_24>
					<_25>-1,0</_25>
					<_26>-1,0</_26>
					<_27>-1,0</_27>
					<_28>-1,0</_28>
					<_29>-1,0</_29>
					<_30>-1,0</_30>
					<_31>-1,0</_31>
					<_32>-1,0</_32>
					<_33>-1,0</_33>
					<_34>-1,0</_34>
					<_35>-1,0</_35>
					<_36>-1,0</_36>
					<_37>-1,0</_37>
					<_38>-1,0</_38>
					<_39>-1,0</_39>
					<_40>-1,0</_40>
					<_41>-1,0</_41>
					<_42>-1,0</_42>
					<_43>-1,0</_43>
					<_44>-1,0</_44>
					<_45>-1,0</_45>
					<_46>-1,0</_46>
					<_47>-1,0</_47>
					<_48>-1,0</_48>
				</Mods>
			</VehicleProperties>
			<OpacityLevel>255</OpacityLevel>
			<LodDistance>16960</LodDistance>
			<IsVisible>true</IsVisible>
			<MaxHealth>1000</MaxHealth>
			<Health>1000</Health>
			<HasGravity>true</HasGravity>
			<IsOnFire>false</IsOnFire>
			<IsInvincible>false</IsInvincible>
			<IsBulletProof>false</IsBulletProof>
			<IsCollisionProof>false</IsCollisionProof>
			<IsExplosionProof>false</IsExplosionProof>
			<IsFireProof>false</IsFireProof>
			<IsMeleeProof>false</IsMeleeProof>
			<IsOnlyDamagedByPlayer>false</IsOnlyDamagedByPlayer>
			<PositionRotation>
				<X>-1612.10181</X>
				<Y>-2701.77612</Y>
				<Z>14.4460087</Z>
				<Pitch>0.862920165</Pitch>
				<Roll>0.00306083122</Roll>
				<Yaw>147.541183</Yaw>
			</PositionRotation>
			<Attachment isAttached="true">
				<AttachedTo>677690</AttachedTo>
				<BoneIndex>0</BoneIndex>
				<X>65.9999924</X>
				<Y>0</Y>
				<Z>0</Z>
				<Pitch>0</Pitch>
				<Roll>0</Roll>
				<Yaw>0</Yaw>
			</Attachment>
		</Attachment>
		<Attachment>
			<ModelHash>0xb39b0ae6</ModelHash>
			<Type>2</Type>
			<Dynamic>true</Dynamic>
			<FrozenPos>false</FrozenPos>
			<HashName>P-996 LAZER</HashName>
			<InitialHandle>320058</InitialHandle>
			<VehicleProperties>
				<Colours>
					<Primary>121</Primary>
					<Secondary>21</Secondary>
					<Pearl>8</Pearl>
					<Rim>156</Rim>
					<Mod1_a>6</Mod1_a>
					<Mod1_b>-1</Mod1_b>
					<Mod1_c>-1</Mod1_c>
					<Mod2_a>6</Mod2_a>
					<Mod2_b>-1</Mod2_b>
					<IsPrimaryColourCustom>false</IsPrimaryColourCustom>
					<IsSecondaryColourCustom>false</IsSecondaryColourCustom>
					<tyreSmoke_R>255</tyreSmoke_R>
					<tyreSmoke_G>255</tyreSmoke_G>
					<tyreSmoke_B>255</tyreSmoke_B>
					<LrInterior>0</LrInterior>
					<LrDashboard>0</LrDashboard>
					<LrXenonHeadlights>255</LrXenonHeadlights>
				</Colours>
				<Livery>-1</Livery>
				<NumberPlateText>66IUR862</NumberPlateText>
				<NumberPlateIndex>4</NumberPlateIndex>
				<WheelType>0</WheelType>
				<WheelsInvisible>false</WheelsInvisible>
				<EngineSoundName></EngineSoundName>
				<WindowTint>-1</WindowTint>
				<BulletProofTyres>false</BulletProofTyres>
				<DirtLevel>0</DirtLevel>
				<PaintFade>0.298039228</PaintFade>
				<RoofState>0</RoofState>
				<SirenActive>false</SirenActive>
				<EngineOn>false</EngineOn>
				<EngineHealth>1000</EngineHealth>
				<LightsOn>false</LightsOn>
				<IsRadioLoud>0</IsRadioLoud>
				<LockStatus>1</LockStatus>
				<Neons>
					<Left>false</Left>
					<Right>false</Right>
					<Front>false</Front>
					<Back>false</Back>
					<R>255</R>
					<G>0</G>
					<B>255</B>
				</Neons>
				<DoorsOpen>
					<BackLeftDoor>false</BackLeftDoor>
					<BackRightDoor>false</BackRightDoor>
					<FrontLeftDoor>false</FrontLeftDoor>
					<FrontRightDoor>false</FrontRightDoor>
					<Hood>false</Hood>
					<Trunk>false</Trunk>
					<Trunk2>false</Trunk2>
				</DoorsOpen>
				<DoorsBroken>
					<BackLeftDoor>false</BackLeftDoor>
					<BackRightDoor>false</BackRightDoor>
					<FrontLeftDoor>false</FrontLeftDoor>
					<FrontRightDoor>false</FrontRightDoor>
					<Hood>false</Hood>
					<Trunk>false</Trunk>
					<Trunk2>false</Trunk2>
				</DoorsBroken>
				<TyresBursted>
					<FrontLeft>false</FrontLeft>
					<FrontRight>false</FrontRight>
					<_2>false</_2>
					<_3>false</_3>
					<BackLeft>false</BackLeft>
					<BackRight>false</BackRight>
					<_6>false</_6>
					<_7>false</_7>
					<_8>false</_8>
				</TyresBursted>
				<ModExtras />
				<Mods>
					<_0>-1,0</_0>
					<_1>-1,0</_1>
					<_2>-1,0</_2>
					<_3>-1,0</_3>
					<_4>-1,0</_4>
					<_5>-1,0</_5>
					<_6>-1,0</_6>
					<_7>-1,0</_7>
					<_8>-1,0</_8>
					<_9>-1,0</_9>
					<_10>-1,0</_10>
					<_11>-1,0</_11>
					<_12>-1,0</_12>
					<_13>-1,0</_13>
					<_14>-1,0</_14>
					<_15>-1,0</_15>
					<_16>-1,0</_16>
					<_17>false</_17>
					<_18>false</_18>
					<_19>false</_19>
					<_20>false</_20>
					<_21>false</_21>
					<_22>false</_22>
					<_23>-1,0</_23>
					<_24>-1,0</_24>
					<_25>-1,0</_25>
					<_26>-1,0</_26>
					<_27>-1,0</_27>
					<_28>-1,0</_28>
					<_29>-1,0</_29>
					<_30>-1,0</_30>
					<_31>-1,0</_31>
					<_32>-1,0</_32>
					<_33>-1,0</_33>
					<_34>-1,0</_34>
					<_35>-1,0</_35>
					<_36>-1,0</_36>
					<_37>-1,0</_37>
					<_38>-1,0</_38>
					<_39>-1,0</_39>
					<_40>-1,0</_40>
					<_41>-1,0</_41>
					<_42>-1,0</_42>
					<_43>-1,0</_43>
					<_44>-1,0</_44>
					<_45>-1,0</_45>
					<_46>-1,0</_46>
					<_47>-1,0</_47>
					<_48>-1,0</_48>
				</Mods>
			</VehicleProperties>
			<OpacityLevel>255</OpacityLevel>
			<LodDistance>16960</LodDistance>
			<IsVisible>true</IsVisible>
			<MaxHealth>1000</MaxHealth>
			<Health>1000</Health>
			<HasGravity>true</HasGravity>
			<IsOnFire>false</IsOnFire>
			<IsInvincible>false</IsInvincible>
			<IsBulletProof>false</IsBulletProof>
			<IsCollisionProof>false</IsCollisionProof>
			<IsExplosionProof>false</IsExplosionProof>
			<IsFireProof>false</IsFireProof>
			<IsMeleeProof>false</IsMeleeProof>
			<IsOnlyDamagedByPlayer>false</IsOnlyDamagedByPlayer>
			<PositionRotation>
				<X>-1510.00464</X>
				<Y>-2766.71582</Y>
				<Z>14.4524717</Z>
				<Pitch>0.862920165</Pitch>
				<Roll>0.00306083122</Roll>
				<Yaw>147.541183</Yaw>
			</PositionRotation>
			<Attachment isAttached="true">
				<AttachedTo>677690</AttachedTo>
				<BoneIndex>0</BoneIndex>
				<X>-54.9999924</X>
				<Y>0</Y>
				<Z>0</Z>
				<Pitch>0</Pitch>
				<Roll>0</Roll>
				<Yaw>0</Yaw>
			</Attachment>
		</Attachment>
		<Attachment>
			<ModelHash>0xb39b0ae6</ModelHash>
			<Type>2</Type>
			<Dynamic>true</Dynamic>
			<FrozenPos>false</FrozenPos>
			<HashName>P-996 LAZER</HashName>
			<InitialHandle>389946</InitialHandle>
			<VehicleProperties>
				<Colours>
					<Primary>121</Primary>
					<Secondary>21</Secondary>
					<Pearl>8</Pearl>
					<Rim>156</Rim>
					<Mod1_a>6</Mod1_a>
					<Mod1_b>-1</Mod1_b>
					<Mod1_c>-1</Mod1_c>
					<Mod2_a>6</Mod2_a>
					<Mod2_b>-1</Mod2_b>
					<IsPrimaryColourCustom>false</IsPrimaryColourCustom>
					<IsSecondaryColourCustom>false</IsSecondaryColourCustom>
					<tyreSmoke_R>255</tyreSmoke_R>
					<tyreSmoke_G>255</tyreSmoke_G>
					<tyreSmoke_B>255</tyreSmoke_B>
					<LrInterior>0</LrInterior>
					<LrDashboard>0</LrDashboard>
					<LrXenonHeadlights>255</LrXenonHeadlights>
				</Colours>
				<Livery>-1</Livery>
				<NumberPlateText>64RTE344</NumberPlateText>
				<NumberPlateIndex>4</NumberPlateIndex>
				<WheelType>0</WheelType>
				<WheelsInvisible>false</WheelsInvisible>
				<EngineSoundName></EngineSoundName>
				<WindowTint>-1</WindowTint>
				<BulletProofTyres>false</BulletProofTyres>
				<DirtLevel>0</DirtLevel>
				<PaintFade>0.298039228</PaintFade>
				<RoofState>0</RoofState>
				<SirenActive>false</SirenActive>
				<EngineOn>false</EngineOn>
				<EngineHealth>1000</EngineHealth>
				<LightsOn>false</LightsOn>
				<IsRadioLoud>0</IsRadioLoud>
				<LockStatus>1</LockStatus>
				<Neons>
					<Left>false</Left>
					<Right>false</Right>
					<Front>false</Front>
					<Back>false</Back>
					<R>255</R>
					<G>0</G>
					<B>255</B>
				</Neons>
				<DoorsOpen>
					<BackLeftDoor>false</BackLeftDoor>
					<BackRightDoor>false</BackRightDoor>
					<FrontLeftDoor>false</FrontLeftDoor>
					<FrontRightDoor>false</FrontRightDoor>
					<Hood>false</Hood>
					<Trunk>false</Trunk>
					<Trunk2>false</Trunk2>
				</DoorsOpen>
				<DoorsBroken>
					<BackLeftDoor>false</BackLeftDoor>
					<BackRightDoor>false</BackRightDoor>
					<FrontLeftDoor>false</FrontLeftDoor>
					<FrontRightDoor>false</FrontRightDoor>
					<Hood>false</Hood>
					<Trunk>false</Trunk>
					<Trunk2>false</Trunk2>
				</DoorsBroken>
				<TyresBursted>
					<FrontLeft>false</FrontLeft>
					<FrontRight>false</FrontRight>
					<_2>false</_2>
					<_3>false</_3>
					<BackLeft>false</BackLeft>
					<BackRight>false</BackRight>
					<_6>false</_6>
					<_7>false</_7>
					<_8>false</_8>
				</TyresBursted>
				<ModExtras />
				<Mods>
					<_0>-1,0</_0>
					<_1>-1,0</_1>
					<_2>-1,0</_2>
					<_3>-1,0</_3>
					<_4>-1,0</_4>
					<_5>-1,0</_5>
					<_6>-1,0</_6>
					<_7>-1,0</_7>
					<_8>-1,0</_8>
					<_9>-1,0</_9>
					<_10>-1,0</_10>
					<_11>-1,0</_11>
					<_12>-1,0</_12>
					<_13>-1,0</_13>
					<_14>-1,0</_14>
					<_15>-1,0</_15>
					<_16>-1,0</_16>
					<_17>false</_17>
					<_18>false</_18>
					<_19>false</_19>
					<_20>false</_20>
					<_21>false</_21>
					<_22>false</_22>
					<_23>-1,0</_23>
					<_24>-1,0</_24>
					<_25>-1,0</_25>
					<_26>-1,0</_26>
					<_27>-1,0</_27>
					<_28>-1,0</_28>
					<_29>-1,0</_29>
					<_30>-1,0</_30>
					<_31>-1,0</_31>
					<_32>-1,0</_32>
					<_33>-1,0</_33>
					<_34>-1,0</_34>
					<_35>-1,0</_35>
					<_36>-1,0</_36>
					<_37>-1,0</_37>
					<_38>-1,0</_38>
					<_39>-1,0</_39>
					<_40>-1,0</_40>
					<_41>-1,0</_41>
					<_42>-1,0</_42>
					<_43>-1,0</_43>
					<_44>-1,0</_44>
					<_45>-1,0</_45>
					<_46>-1,0</_46>
					<_47>-1,0</_47>
					<_48>-1,0</_48>
				</Mods>
			</VehicleProperties>
			<OpacityLevel>255</OpacityLevel>
			<LodDistance>16960</LodDistance>
			<IsVisible>true</IsVisible>
			<MaxHealth>1000</MaxHealth>
			<Health>1000</Health>
			<HasGravity>true</HasGravity>
			<IsOnFire>false</IsOnFire>
			<IsInvincible>false</IsInvincible>
			<IsBulletProof>false</IsBulletProof>
			<IsCollisionProof>false</IsCollisionProof>
			<IsExplosionProof>false</IsExplosionProof>
			<IsFireProof>false</IsFireProof>
			<IsMeleeProof>false</IsMeleeProof>
			<IsOnlyDamagedByPlayer>false</IsOnlyDamagedByPlayer>
			<PositionRotation>
				<X>-1602.82031</X>
				<Y>-2707.67969</Y>
				<Z>14.4465971</Z>
				<Pitch>0.862920165</Pitch>
				<Roll>0.00306083122</Roll>
				<Yaw>147.541183</Yaw>
			</PositionRotation>
			<Attachment isAttached="true">
				<AttachedTo>677690</AttachedTo>
				<BoneIndex>0</BoneIndex>
				<X>54.9999962</X>
				<Y>0</Y>
				<Z>0</Z>
				<Pitch>0</Pitch>
				<Roll>0</Roll>
				<Yaw>0</Yaw>
			</Attachment>
		</Attachment>
		<Attachment>
			<ModelHash>0xb39b0ae6</ModelHash>
			<Type>2</Type>
			<Dynamic>true</Dynamic>
			<FrozenPos>false</FrozenPos>
			<HashName>P-996 LAZER</HashName>
			<InitialHandle>453434</InitialHandle>
			<VehicleProperties>
				<Colours>
					<Primary>121</Primary>
					<Secondary>21</Secondary>
					<Pearl>8</Pearl>
					<Rim>156</Rim>
					<Mod1_a>6</Mod1_a>
					<Mod1_b>-1</Mod1_b>
					<Mod1_c>-1</Mod1_c>
					<Mod2_a>6</Mod2_a>
					<Mod2_b>-1</Mod2_b>
					<IsPrimaryColourCustom>false</IsPrimaryColourCustom>
					<IsSecondaryColourCustom>false</IsSecondaryColourCustom>
					<tyreSmoke_R>255</tyreSmoke_R>
					<tyreSmoke_G>255</tyreSmoke_G>
					<tyreSmoke_B>255</tyreSmoke_B>
					<LrInterior>0</LrInterior>
					<LrDashboard>0</LrDashboard>
					<LrXenonHeadlights>255</LrXenonHeadlights>
				</Colours>
				<Livery>-1</Livery>
				<NumberPlateText>25JCU421</NumberPlateText>
				<NumberPlateIndex>4</NumberPlateIndex>
				<WheelType>0</WheelType>
				<WheelsInvisible>false</WheelsInvisible>
				<EngineSoundName></EngineSoundName>
				<WindowTint>-1</WindowTint>
				<BulletProofTyres>false</BulletProofTyres>
				<DirtLevel>0</DirtLevel>
				<PaintFade>0.298039228</PaintFade>
				<RoofState>0</RoofState>
				<SirenActive>false</SirenActive>
				<EngineOn>false</EngineOn>
				<EngineHealth>1000</EngineHealth>
				<LightsOn>false</LightsOn>
				<IsRadioLoud>0</IsRadioLoud>
				<LockStatus>1</LockStatus>
				<Neons>
					<Left>false</Left>
					<Right>false</Right>
					<Front>false</Front>
					<Back>false</Back>
					<R>255</R>
					<G>0</G>
					<B>255</B>
				</Neons>
				<DoorsOpen>
					<BackLeftDoor>false</BackLeftDoor>
					<BackRightDoor>false</BackRightDoor>
					<FrontLeftDoor>false</FrontLeftDoor>
					<FrontRightDoor>false</FrontRightDoor>
					<Hood>false</Hood>
					<Trunk>false</Trunk>
					<Trunk2>false</Trunk2>
				</DoorsOpen>
				<DoorsBroken>
					<BackLeftDoor>false</BackLeftDoor>
					<BackRightDoor>false</BackRightDoor>
					<FrontLeftDoor>false</FrontLeftDoor>
					<FrontRightDoor>false</FrontRightDoor>
					<Hood>false</Hood>
					<Trunk>false</Trunk>
					<Trunk2>false</Trunk2>
				</DoorsBroken>
				<TyresBursted>
					<FrontLeft>false</FrontLeft>
					<FrontRight>false</FrontRight>
					<_2>false</_2>
					<_3>false</_3>
					<BackLeft>false</BackLeft>
					<BackRight>false</BackRight>
					<_6>false</_6>
					<_7>false</_7>
					<_8>false</_8>
				</TyresBursted>
				<ModExtras />
				<Mods>
					<_0>-1,0</_0>
					<_1>-1,0</_1>
					<_2>-1,0</_2>
					<_3>-1,0</_3>
					<_4>-1,0</_4>
					<_5>-1,0</_5>
					<_6>-1,0</_6>
					<_7>-1,0</_7>
					<_8>-1,0</_8>
					<_9>-1,0</_9>
					<_10>-1,0</_10>
					<_11>-1,0</_11>
					<_12>-1,0</_12>
					<_13>-1,0</_13>
					<_14>-1,0</_14>
					<_15>-1,0</_15>
					<_16>-1,0</_16>
					<_17>false</_17>
					<_18>false</_18>
					<_19>false</_19>
					<_20>false</_20>
					<_21>false</_21>
					<_22>false</_22>
					<_23>-1,0</_23>
					<_24>-1,0</_24>
					<_25>-1,0</_25>
					<_26>-1,0</_26>
					<_27>-1,0</_27>
					<_28>-1,0</_28>
					<_29>-1,0</_29>
					<_30>-1,0</_30>
					<_31>-1,0</_31>
					<_32>-1,0</_32>
					<_33>-1,0</_33>
					<_34>-1,0</_34>
					<_35>-1,0</_35>
					<_36>-1,0</_36>
					<_37>-1,0</_37>
					<_38>-1,0</_38>
					<_39>-1,0</_39>
					<_40>-1,0</_40>
					<_41>-1,0</_41>
					<_42>-1,0</_42>
					<_43>-1,0</_43>
					<_44>-1,0</_44>
					<_45>-1,0</_45>
					<_46>-1,0</_46>
					<_47>-1,0</_47>
					<_48>-1,0</_48>
				</Mods>
			</VehicleProperties>
			<OpacityLevel>255</OpacityLevel>
			<LodDistance>16960</LodDistance>
			<IsVisible>true</IsVisible>
			<MaxHealth>1000</MaxHealth>
			<Health>1000</Health>
			<HasGravity>true</HasGravity>
			<IsOnFire>false</IsOnFire>
			<IsInvincible>false</IsInvincible>
			<IsBulletProof>false</IsBulletProof>
			<IsCollisionProof>false</IsCollisionProof>
			<IsExplosionProof>false</IsExplosionProof>
			<IsFireProof>false</IsFireProof>
			<IsMeleeProof>false</IsMeleeProof>
			<IsOnlyDamagedByPlayer>false</IsOnlyDamagedByPlayer>
			<PositionRotation>
				<X>-1519.28625</X>
				<Y>-2760.81226</Y>
				<Z>14.4518843</Z>
				<Pitch>0.862920165</Pitch>
				<Roll>0.00306083122</Roll>
				<Yaw>147.541183</Yaw>
			</PositionRotation>
			<Attachment isAttached="true">
				<AttachedTo>677690</AttachedTo>
				<BoneIndex>0</BoneIndex>
				<X>-43.9999962</X>
				<Y>0</Y>
				<Z>0</Z>
				<Pitch>0</Pitch>
				<Roll>0</Roll>
				<Yaw>0</Yaw>
			</Attachment>
		</Attachment>
		<Attachment>
			<ModelHash>0xb39b0ae6</ModelHash>
			<Type>2</Type>
			<Dynamic>true</Dynamic>
			<FrozenPos>false</FrozenPos>
			<HashName>P-996 LAZER</HashName>
			<InitialHandle>482618</InitialHandle>
			<VehicleProperties>
				<Colours>
					<Primary>121</Primary>
					<Secondary>21</Secondary>
					<Pearl>8</Pearl>
					<Rim>156</Rim>
					<Mod1_a>6</Mod1_a>
					<Mod1_b>-1</Mod1_b>
					<Mod1_c>-1</Mod1_c>
					<Mod2_a>6</Mod2_a>
					<Mod2_b>-1</Mod2_b>
					<IsPrimaryColourCustom>false</IsPrimaryColourCustom>
					<IsSecondaryColourCustom>false</IsSecondaryColourCustom>
					<tyreSmoke_R>255</tyreSmoke_R>
					<tyreSmoke_G>255</tyreSmoke_G>
					<tyreSmoke_B>255</tyreSmoke_B>
					<LrInterior>0</LrInterior>
					<LrDashboard>0</LrDashboard>
					<LrXenonHeadlights>255</LrXenonHeadlights>
				</Colours>
				<Livery>-1</Livery>
				<NumberPlateText>40ZCL752</NumberPlateText>
				<NumberPlateIndex>4</NumberPlateIndex>
				<WheelType>0</WheelType>
				<WheelsInvisible>false</WheelsInvisible>
				<EngineSoundName></EngineSoundName>
				<WindowTint>-1</WindowTint>
				<BulletProofTyres>false</BulletProofTyres>
				<DirtLevel>0</DirtLevel>
				<PaintFade>0.298039228</PaintFade>
				<RoofState>0</RoofState>
				<SirenActive>false</SirenActive>
				<EngineOn>false</EngineOn>
				<EngineHealth>1000</EngineHealth>
				<LightsOn>false</LightsOn>
				<IsRadioLoud>0</IsRadioLoud>
				<LockStatus>1</LockStatus>
				<Neons>
					<Left>false</Left>
					<Right>false</Right>
					<Front>false</Front>
					<Back>false</Back>
					<R>255</R>
					<G>0</G>
					<B>255</B>
				</Neons>
				<DoorsOpen>
					<BackLeftDoor>false</BackLeftDoor>
					<BackRightDoor>false</BackRightDoor>
					<FrontLeftDoor>false</FrontLeftDoor>
					<FrontRightDoor>false</FrontRightDoor>
					<Hood>false</Hood>
					<Trunk>false</Trunk>
					<Trunk2>false</Trunk2>
				</DoorsOpen>
				<DoorsBroken>
					<BackLeftDoor>false</BackLeftDoor>
					<BackRightDoor>false</BackRightDoor>
					<FrontLeftDoor>false</FrontLeftDoor>
					<FrontRightDoor>false</FrontRightDoor>
					<Hood>false</Hood>
					<Trunk>false</Trunk>
					<Trunk2>false</Trunk2>
				</DoorsBroken>
				<TyresBursted>
					<FrontLeft>false</FrontLeft>
					<FrontRight>false</FrontRight>
					<_2>false</_2>
					<_3>false</_3>
					<BackLeft>false</BackLeft>
					<BackRight>false</BackRight>
					<_6>false</_6>
					<_7>false</_7>
					<_8>false</_8>
				</TyresBursted>
				<ModExtras />
				<Mods>
					<_0>-1,0</_0>
					<_1>-1,0</_1>
					<_2>-1,0</_2>
					<_3>-1,0</_3>
					<_4>-1,0</_4>
					<_5>-1,0</_5>
					<_6>-1,0</_6>
					<_7>-1,0</_7>
					<_8>-1,0</_8>
					<_9>-1,0</_9>
					<_10>-1,0</_10>
					<_11>-1,0</_11>
					<_12>-1,0</_12>
					<_13>-1,0</_13>
					<_14>-1,0</_14>
					<_15>-1,0</_15>
					<_16>-1,0</_16>
					<_17>false</_17>
					<_18>false</_18>
					<_19>false</_19>
					<_20>false</_20>
					<_21>false</_21>
					<_22>false</_22>
					<_23>-1,0</_23>
					<_24>-1,0</_24>
					<_25>-1,0</_25>
					<_26>-1,0</_26>
					<_27>-1,0</_27>
					<_28>-1,0</_28>
					<_29>-1,0</_29>
					<_30>-1,0</_30>
					<_31>-1,0</_31>
					<_32>-1,0</_32>
					<_33>-1,0</_33>
					<_34>-1,0</_34>
					<_35>-1,0</_35>
					<_36>-1,0</_36>
					<_37>-1,0</_37>
					<_38>-1,0</_38>
					<_39>-1,0</_39>
					<_40>-1,0</_40>
					<_41>-1,0</_41>
					<_42>-1,0</_42>
					<_43>-1,0</_43>
					<_44>-1,0</_44>
					<_45>-1,0</_45>
					<_46>-1,0</_46>
					<_47>-1,0</_47>
					<_48>-1,0</_48>
				</Mods>
			</VehicleProperties>
			<OpacityLevel>255</OpacityLevel>
			<LodDistance>16960</LodDistance>
			<IsVisible>true</IsVisible>
			<MaxHealth>1000</MaxHealth>
			<Health>1000</Health>
			<HasGravity>true</HasGravity>
			<IsOnFire>false</IsOnFire>
			<IsInvincible>false</IsInvincible>
			<IsBulletProof>false</IsBulletProof>
			<IsCollisionProof>false</IsCollisionProof>
			<IsExplosionProof>false</IsExplosionProof>
			<IsFireProof>false</IsFireProof>
			<IsMeleeProof>false</IsMeleeProof>
			<IsOnlyDamagedByPlayer>false</IsOnlyDamagedByPlayer>
			<PositionRotation>
				<X>-1593.5387</X>
				<Y>-2713.58325</Y>
				<Z>14.4471846</Z>
				<Pitch>0.862920165</Pitch>
				<Roll>0.00306083122</Roll>
				<Yaw>147.541183</Yaw>
			</PositionRotation>
			<Attachment isAttached="true">
				<AttachedTo>677690</AttachedTo>
				<BoneIndex>0</BoneIndex>
				<X>43.9999962</X>
				<Y>0</Y>
				<Z>0</Z>
				<Pitch>0</Pitch>
				<Roll>0</Roll>
				<Yaw>0</Yaw>
			</Attachment>
		</Attachment>
		<Attachment>
			<ModelHash>0xb39b0ae6</ModelHash>
			<Type>2</Type>
			<Dynamic>true</Dynamic>
			<FrozenPos>false</FrozenPos>
			<HashName>P-996 LAZER</HashName>
			<InitialHandle>193550</InitialHandle>
			<VehicleProperties>
				<Colours>
					<Primary>121</Primary>
					<Secondary>21</Secondary>
					<Pearl>8</Pearl>
					<Rim>156</Rim>
					<Mod1_a>6</Mod1_a>
					<Mod1_b>-1</Mod1_b>
					<Mod1_c>-1</Mod1_c>
					<Mod2_a>6</Mod2_a>
					<Mod2_b>-1</Mod2_b>
					<IsPrimaryColourCustom>false</IsPrimaryColourCustom>
					<IsSecondaryColourCustom>false</IsSecondaryColourCustom>
					<tyreSmoke_R>255</tyreSmoke_R>
					<tyreSmoke_G>255</tyreSmoke_G>
					<tyreSmoke_B>255</tyreSmoke_B>
					<LrInterior>0</LrInterior>
					<LrDashboard>0</LrDashboard>
					<LrXenonHeadlights>255</LrXenonHeadlights>
				</Colours>
				<Livery>-1</Livery>
				<NumberPlateText>67VPP793</NumberPlateText>
				<NumberPlateIndex>4</NumberPlateIndex>
				<WheelType>0</WheelType>
				<WheelsInvisible>false</WheelsInvisible>
				<EngineSoundName></EngineSoundName>
				<WindowTint>-1</WindowTint>
				<BulletProofTyres>false</BulletProofTyres>
				<DirtLevel>0</DirtLevel>
				<PaintFade>0.298039228</PaintFade>
				<RoofState>0</RoofState>
				<SirenActive>false</SirenActive>
				<EngineOn>false</EngineOn>
				<EngineHealth>1000</EngineHealth>
				<LightsOn>false</LightsOn>
				<IsRadioLoud>0</IsRadioLoud>
				<LockStatus>1</LockStatus>
				<Neons>
					<Left>false</Left>
					<Right>false</Right>
					<Front>false</Front>
					<Back>false</Back>
					<R>255</R>
					<G>0</G>
					<B>255</B>
				</Neons>
				<DoorsOpen>
					<BackLeftDoor>false</BackLeftDoor>
					<BackRightDoor>false</BackRightDoor>
					<FrontLeftDoor>false</FrontLeftDoor>
					<FrontRightDoor>false</FrontRightDoor>
					<Hood>false</Hood>
					<Trunk>false</Trunk>
					<Trunk2>false</Trunk2>
				</DoorsOpen>
				<DoorsBroken>
					<BackLeftDoor>false</BackLeftDoor>
					<BackRightDoor>false</BackRightDoor>
					<FrontLeftDoor>false</FrontLeftDoor>
					<FrontRightDoor>false</FrontRightDoor>
					<Hood>false</Hood>
					<Trunk>false</Trunk>
					<Trunk2>false</Trunk2>
				</DoorsBroken>
				<TyresBursted>
					<FrontLeft>false</FrontLeft>
					<FrontRight>false</FrontRight>
					<_2>false</_2>
					<_3>false</_3>
					<BackLeft>false</BackLeft>
					<BackRight>false</BackRight>
					<_6>false</_6>
					<_7>false</_7>
					<_8>false</_8>
				</TyresBursted>
				<ModExtras />
				<Mods>
					<_0>-1,0</_0>
					<_1>-1,0</_1>
					<_2>-1,0</_2>
					<_3>-1,0</_3>
					<_4>-1,0</_4>
					<_5>-1,0</_5>
					<_6>-1,0</_6>
					<_7>-1,0</_7>
					<_8>-1,0</_8>
					<_9>-1,0</_9>
					<_10>-1,0</_10>
					<_11>-1,0</_11>
					<_12>-1,0</_12>
					<_13>-1,0</_13>
					<_14>-1,0</_14>
					<_15>-1,0</_15>
					<_16>-1,0</_16>
					<_17>false</_17>
					<_18>false</_18>
					<_19>false</_19>
					<_20>false</_20>
					<_21>false</_21>
					<_22>false</_22>
					<_23>-1,0</_23>
					<_24>-1,0</_24>
					<_25>-1,0</_25>
					<_26>-1,0</_26>
					<_27>-1,0</_27>
					<_28>-1,0</_28>
					<_29>-1,0</_29>
					<_30>-1,0</_30>
					<_31>-1,0</_31>
					<_32>-1,0</_32>
					<_33>-1,0</_33>
					<_34>-1,0</_34>
					<_35>-1,0</_35>
					<_36>-1,0</_36>
					<_37>-1,0</_37>
					<_38>-1,0</_38>
					<_39>-1,0</_39>
					<_40>-1,0</_40>
					<_41>-1,0</_41>
					<_42>-1,0</_42>
					<_43>-1,0</_43>
					<_44>-1,0</_44>
					<_45>-1,0</_45>
					<_46>-1,0</_46>
					<_47>-1,0</_47>
					<_48>-1,0</_48>
				</Mods>
			</VehicleProperties>
			<OpacityLevel>255</OpacityLevel>
			<LodDistance>16960</LodDistance>
			<IsVisible>true</IsVisible>
			<MaxHealth>1000</MaxHealth>
			<Health>1000</Health>
			<HasGravity>true</HasGravity>
			<IsOnFire>false</IsOnFire>
			<IsInvincible>false</IsInvincible>
			<IsBulletProof>false</IsBulletProof>
			<IsCollisionProof>false</IsCollisionProof>
			<IsExplosionProof>false</IsExplosionProof>
			<IsFireProof>false</IsFireProof>
			<IsMeleeProof>false</IsMeleeProof>
			<IsOnlyDamagedByPlayer>false</IsOnlyDamagedByPlayer>
			<PositionRotation>
				<X>-1528.56775</X>
				<Y>-2754.90869</Y>
				<Z>14.4512968</Z>
				<Pitch>0.862920165</Pitch>
				<Roll>0.00306083122</Roll>
				<Yaw>147.541183</Yaw>
			</PositionRotation>
			<Attachment isAttached="true">
				<AttachedTo>677690</AttachedTo>
				<BoneIndex>0</BoneIndex>
				<X>-32.9999962</X>
				<Y>0</Y>
				<Z>0</Z>
				<Pitch>0</Pitch>
				<Roll>0</Roll>
				<Yaw>0</Yaw>
			</Attachment>
		</Attachment>
		<Attachment>
			<ModelHash>0xb39b0ae6</ModelHash>
			<Type>2</Type>
			<Dynamic>true</Dynamic>
			<FrozenPos>false</FrozenPos>
			<HashName>P-996 LAZER</HashName>
			<InitialHandle>710970</InitialHandle>
			<VehicleProperties>
				<Colours>
					<Primary>121</Primary>
					<Secondary>21</Secondary>
					<Pearl>8</Pearl>
					<Rim>156</Rim>
					<Mod1_a>6</Mod1_a>
					<Mod1_b>-1</Mod1_b>
					<Mod1_c>-1</Mod1_c>
					<Mod2_a>6</Mod2_a>
					<Mod2_b>-1</Mod2_b>
					<IsPrimaryColourCustom>false</IsPrimaryColourCustom>
					<IsSecondaryColourCustom>false</IsSecondaryColourCustom>
					<tyreSmoke_R>255</tyreSmoke_R>
					<tyreSmoke_G>255</tyreSmoke_G>
					<tyreSmoke_B>255</tyreSmoke_B>
					<LrInterior>0</LrInterior>
					<LrDashboard>0</LrDashboard>
					<LrXenonHeadlights>255</LrXenonHeadlights>
				</Colours>
				<Livery>-1</Livery>
				<NumberPlateText>09YMC993</NumberPlateText>
				<NumberPlateIndex>4</NumberPlateIndex>
				<WheelType>0</WheelType>
				<WheelsInvisible>false</WheelsInvisible>
				<EngineSoundName></EngineSoundName>
				<WindowTint>-1</WindowTint>
				<BulletProofTyres>false</BulletProofTyres>
				<DirtLevel>0</DirtLevel>
				<PaintFade>0.298039228</PaintFade>
				<RoofState>0</RoofState>
				<SirenActive>false</SirenActive>
				<EngineOn>false</EngineOn>
				<EngineHealth>1000</EngineHealth>
				<LightsOn>false</LightsOn>
				<IsRadioLoud>0</IsRadioLoud>
				<LockStatus>1</LockStatus>
				<Neons>
					<Left>false</Left>
					<Right>false</Right>
					<Front>false</Front>
					<Back>false</Back>
					<R>255</R>
					<G>0</G>
					<B>255</B>
				</Neons>
				<DoorsOpen>
					<BackLeftDoor>false</BackLeftDoor>
					<BackRightDoor>false</BackRightDoor>
					<FrontLeftDoor>false</FrontLeftDoor>
					<FrontRightDoor>false</FrontRightDoor>
					<Hood>false</Hood>
					<Trunk>false</Trunk>
					<Trunk2>false</Trunk2>
				</DoorsOpen>
				<DoorsBroken>
					<BackLeftDoor>false</BackLeftDoor>
					<BackRightDoor>false</BackRightDoor>
					<FrontLeftDoor>false</FrontLeftDoor>
					<FrontRightDoor>false</FrontRightDoor>
					<Hood>false</Hood>
					<Trunk>false</Trunk>
					<Trunk2>false</Trunk2>
				</DoorsBroken>
				<TyresBursted>
					<FrontLeft>false</FrontLeft>
					<FrontRight>false</FrontRight>
					<_2>false</_2>
					<_3>false</_3>
					<BackLeft>false</BackLeft>
					<BackRight>false</BackRight>
					<_6>false</_6>
					<_7>false</_7>
					<_8>false</_8>
				</TyresBursted>
				<ModExtras />
				<Mods>
					<_0>-1,0</_0>
					<_1>-1,0</_1>
					<_2>-1,0</_2>
					<_3>-1,0</_3>
					<_4>-1,0</_4>
					<_5>-1,0</_5>
					<_6>-1,0</_6>
					<_7>-1,0</_7>
					<_8>-1,0</_8>
					<_9>-1,0</_9>
					<_10>-1,0</_10>
					<_11>-1,0</_11>
					<_12>-1,0</_12>
					<_13>-1,0</_13>
					<_14>-1,0</_14>
					<_15>-1,0</_15>
					<_16>-1,0</_16>
					<_17>false</_17>
					<_18>false</_18>
					<_19>false</_19>
					<_20>false</_20>
					<_21>false</_21>
					<_22>false</_22>
					<_23>-1,0</_23>
					<_24>-1,0</_24>
					<_25>-1,0</_25>
					<_26>-1,0</_26>
					<_27>-1,0</_27>
					<_28>-1,0</_28>
					<_29>-1,0</_29>
					<_30>-1,0</_30>
					<_31>-1,0</_31>
					<_32>-1,0</_32>
					<_33>-1,0</_33>
					<_34>-1,0</_34>
					<_35>-1,0</_35>
					<_36>-1,0</_36>
					<_37>-1,0</_37>
					<_38>-1,0</_38>
					<_39>-1,0</_39>
					<_40>-1,0</_40>
					<_41>-1,0</_41>
					<_42>-1,0</_42>
					<_43>-1,0</_43>
					<_44>-1,0</_44>
					<_45>-1,0</_45>
					<_46>-1,0</_46>
					<_47>-1,0</_47>
					<_48>-1,0</_48>
				</Mods>
			</VehicleProperties>
			<OpacityLevel>255</OpacityLevel>
			<LodDistance>16960</LodDistance>
			<IsVisible>true</IsVisible>
			<MaxHealth>1000</MaxHealth>
			<Health>1000</Health>
			<HasGravity>true</HasGravity>
			<IsOnFire>false</IsOnFire>
			<IsInvincible>false</IsInvincible>
			<IsBulletProof>false</IsBulletProof>
			<IsCollisionProof>false</IsCollisionProof>
			<IsExplosionProof>false</IsExplosionProof>
			<IsFireProof>false</IsFireProof>
			<IsMeleeProof>false</IsMeleeProof>
			<IsOnlyDamagedByPlayer>false</IsOnlyDamagedByPlayer>
			<PositionRotation>
				<X>-1584.2572</X>
				<Y>-2719.48682</Y>
				<Z>14.447772</Z>
				<Pitch>0.862920165</Pitch>
				<Roll>0.00306083122</Roll>
				<Yaw>147.541183</Yaw>
			</PositionRotation>
			<Attachment isAttached="true">
				<AttachedTo>677690</AttachedTo>
				<BoneIndex>0</BoneIndex>
				<X>32.9999962</X>
				<Y>0</Y>
				<Z>0</Z>
				<Pitch>0</Pitch>
				<Roll>0</Roll>
				<Yaw>0</Yaw>
			</Attachment>
		</Attachment>
		<Attachment>
			<ModelHash>0xb39b0ae6</ModelHash>
			<Type>2</Type>
			<Dynamic>true</Dynamic>
			<FrozenPos>false</FrozenPos>
			<HashName>P-996 LAZER</HashName>
			<InitialHandle>201252</InitialHandle>
			<VehicleProperties>
				<Colours>
					<Primary>121</Primary>
					<Secondary>21</Secondary>
					<Pearl>8</Pearl>
					<Rim>156</Rim>
					<Mod1_a>6</Mod1_a>
					<Mod1_b>-1</Mod1_b>
					<Mod1_c>-1</Mod1_c>
					<Mod2_a>6</Mod2_a>
					<Mod2_b>-1</Mod2_b>
					<IsPrimaryColourCustom>false</IsPrimaryColourCustom>
					<IsSecondaryColourCustom>false</IsSecondaryColourCustom>
					<tyreSmoke_R>255</tyreSmoke_R>
					<tyreSmoke_G>255</tyreSmoke_G>
					<tyreSmoke_B>255</tyreSmoke_B>
					<LrInterior>0</LrInterior>
					<LrDashboard>0</LrDashboard>
					<LrXenonHeadlights>255</LrXenonHeadlights>
				</Colours>
				<Livery>-1</Livery>
				<NumberPlateText>05MRD483</NumberPlateText>
				<NumberPlateIndex>4</NumberPlateIndex>
				<WheelType>0</WheelType>
				<WheelsInvisible>false</WheelsInvisible>
				<EngineSoundName></EngineSoundName>
				<WindowTint>-1</WindowTint>
				<BulletProofTyres>false</BulletProofTyres>
				<DirtLevel>0</DirtLevel>
				<PaintFade>0.298039228</PaintFade>
				<RoofState>0</RoofState>
				<SirenActive>false</SirenActive>
				<EngineOn>false</EngineOn>
				<EngineHealth>1000</EngineHealth>
				<LightsOn>false</LightsOn>
				<IsRadioLoud>0</IsRadioLoud>
				<LockStatus>1</LockStatus>
				<Neons>
					<Left>false</Left>
					<Right>false</Right>
					<Front>false</Front>
					<Back>false</Back>
					<R>255</R>
					<G>0</G>
					<B>255</B>
				</Neons>
				<DoorsOpen>
					<BackLeftDoor>false</BackLeftDoor>
					<BackRightDoor>false</BackRightDoor>
					<FrontLeftDoor>false</FrontLeftDoor>
					<FrontRightDoor>false</FrontRightDoor>
					<Hood>false</Hood>
					<Trunk>false</Trunk>
					<Trunk2>false</Trunk2>
				</DoorsOpen>
				<DoorsBroken>
					<BackLeftDoor>false</BackLeftDoor>
					<BackRightDoor>false</BackRightDoor>
					<FrontLeftDoor>false</FrontLeftDoor>
					<FrontRightDoor>false</FrontRightDoor>
					<Hood>false</Hood>
					<Trunk>false</Trunk>
					<Trunk2>false</Trunk2>
				</DoorsBroken>
				<TyresBursted>
					<FrontLeft>false</FrontLeft>
					<FrontRight>false</FrontRight>
					<_2>false</_2>
					<_3>false</_3>
					<BackLeft>false</BackLeft>
					<BackRight>false</BackRight>
					<_6>false</_6>
					<_7>false</_7>
					<_8>false</_8>
				</TyresBursted>
				<ModExtras />
				<Mods>
					<_0>-1,0</_0>
					<_1>-1,0</_1>
					<_2>-1,0</_2>
					<_3>-1,0</_3>
					<_4>-1,0</_4>
					<_5>-1,0</_5>
					<_6>-1,0</_6>
					<_7>-1,0</_7>
					<_8>-1,0</_8>
					<_9>-1,0</_9>
					<_10>-1,0</_10>
					<_11>-1,0</_11>
					<_12>-1,0</_12>
					<_13>-1,0</_13>
					<_14>-1,0</_14>
					<_15>-1,0</_15>
					<_16>-1,0</_16>
					<_17>false</_17>
					<_18>false</_18>
					<_19>false</_19>
					<_20>false</_20>
					<_21>false</_21>
					<_22>false</_22>
					<_23>-1,0</_23>
					<_24>-1,0</_24>
					<_25>-1,0</_25>
					<_26>-1,0</_26>
					<_27>-1,0</_27>
					<_28>-1,0</_28>
					<_29>-1,0</_29>
					<_30>-1,0</_30>
					<_31>-1,0</_31>
					<_32>-1,0</_32>
					<_33>-1,0</_33>
					<_34>-1,0</_34>
					<_35>-1,0</_35>
					<_36>-1,0</_36>
					<_37>-1,0</_37>
					<_38>-1,0</_38>
					<_39>-1,0</_39>
					<_40>-1,0</_40>
					<_41>-1,0</_41>
					<_42>-1,0</_42>
					<_43>-1,0</_43>
					<_44>-1,0</_44>
					<_45>-1,0</_45>
					<_46>-1,0</_46>
					<_47>-1,0</_47>
					<_48>-1,0</_48>
				</Mods>
			</VehicleProperties>
			<OpacityLevel>255</OpacityLevel>
			<LodDistance>16960</LodDistance>
			<IsVisible>true</IsVisible>
			<MaxHealth>1000</MaxHealth>
			<Health>1000</Health>
			<HasGravity>true</HasGravity>
			<IsOnFire>false</IsOnFire>
			<IsInvincible>false</IsInvincible>
			<IsBulletProof>false</IsBulletProof>
			<IsCollisionProof>false</IsCollisionProof>
			<IsExplosionProof>false</IsExplosionProof>
			<IsFireProof>false</IsFireProof>
			<IsMeleeProof>false</IsMeleeProof>
			<IsOnlyDamagedByPlayer>false</IsOnlyDamagedByPlayer>
			<PositionRotation>
				<X>-1537.84937</X>
				<Y>-2749.00488</Y>
				<Z>14.4507093</Z>
				<Pitch>0.862920165</Pitch>
				<Roll>0.00306083122</Roll>
				<Yaw>147.541183</Yaw>
			</PositionRotation>
			<Attachment isAttached="true">
				<AttachedTo>677690</AttachedTo>
				<BoneIndex>0</BoneIndex>
				<X>-21.9999981</X>
				<Y>0</Y>
				<Z>0</Z>
				<Pitch>0</Pitch>
				<Roll>0</Roll>
				<Yaw>0</Yaw>
			</Attachment>
		</Attachment>
		<Attachment>
			<ModelHash>0xb39b0ae6</ModelHash>
			<Type>2</Type>
			<Dynamic>true</Dynamic>
			<FrozenPos>false</FrozenPos>
			<HashName>P-996 LAZER</HashName>
			<InitialHandle>776504</InitialHandle>
			<VehicleProperties>
				<Colours>
					<Primary>121</Primary>
					<Secondary>21</Secondary>
					<Pearl>8</Pearl>
					<Rim>156</Rim>
					<Mod1_a>6</Mod1_a>
					<Mod1_b>-1</Mod1_b>
					<Mod1_c>-1</Mod1_c>
					<Mod2_a>6</Mod2_a>
					<Mod2_b>-1</Mod2_b>
					<IsPrimaryColourCustom>false</IsPrimaryColourCustom>
					<IsSecondaryColourCustom>false</IsSecondaryColourCustom>
					<tyreSmoke_R>255</tyreSmoke_R>
					<tyreSmoke_G>255</tyreSmoke_G>
					<tyreSmoke_B>255</tyreSmoke_B>
					<LrInterior>0</LrInterior>
					<LrDashboard>0</LrDashboard>
					<LrXenonHeadlights>255</LrXenonHeadlights>
				</Colours>
				<Livery>-1</Livery>
				<NumberPlateText>86UZT189</NumberPlateText>
				<NumberPlateIndex>4</NumberPlateIndex>
				<WheelType>0</WheelType>
				<WheelsInvisible>false</WheelsInvisible>
				<EngineSoundName></EngineSoundName>
				<WindowTint>-1</WindowTint>
				<BulletProofTyres>false</BulletProofTyres>
				<DirtLevel>0</DirtLevel>
				<PaintFade>0.298039228</PaintFade>
				<RoofState>0</RoofState>
				<SirenActive>false</SirenActive>
				<EngineOn>false</EngineOn>
				<EngineHealth>1000</EngineHealth>
				<LightsOn>false</LightsOn>
				<IsRadioLoud>0</IsRadioLoud>
				<LockStatus>1</LockStatus>
				<Neons>
					<Left>false</Left>
					<Right>false</Right>
					<Front>false</Front>
					<Back>false</Back>
					<R>255</R>
					<G>0</G>
					<B>255</B>
				</Neons>
				<DoorsOpen>
					<BackLeftDoor>false</BackLeftDoor>
					<BackRightDoor>false</BackRightDoor>
					<FrontLeftDoor>false</FrontLeftDoor>
					<FrontRightDoor>false</FrontRightDoor>
					<Hood>false</Hood>
					<Trunk>false</Trunk>
					<Trunk2>false</Trunk2>
				</DoorsOpen>
				<DoorsBroken>
					<BackLeftDoor>false</BackLeftDoor>
					<BackRightDoor>false</BackRightDoor>
					<FrontLeftDoor>false</FrontLeftDoor>
					<FrontRightDoor>false</FrontRightDoor>
					<Hood>false</Hood>
					<Trunk>false</Trunk>
					<Trunk2>false</Trunk2>
				</DoorsBroken>
				<TyresBursted>
					<FrontLeft>false</FrontLeft>
					<FrontRight>false</FrontRight>
					<_2>false</_2>
					<_3>false</_3>
					<BackLeft>false</BackLeft>
					<BackRight>false</BackRight>
					<_6>false</_6>
					<_7>false</_7>
					<_8>false</_8>
				</TyresBursted>
				<ModExtras />
				<Mods>
					<_0>-1,0</_0>
					<_1>-1,0</_1>
					<_2>-1,0</_2>
					<_3>-1,0</_3>
					<_4>-1,0</_4>
					<_5>-1,0</_5>
					<_6>-1,0</_6>
					<_7>-1,0</_7>
					<_8>-1,0</_8>
					<_9>-1,0</_9>
					<_10>-1,0</_10>
					<_11>-1,0</_11>
					<_12>-1,0</_12>
					<_13>-1,0</_13>
					<_14>-1,0</_14>
					<_15>-1,0</_15>
					<_16>-1,0</_16>
					<_17>false</_17>
					<_18>false</_18>
					<_19>false</_19>
					<_20>false</_20>
					<_21>false</_21>
					<_22>false</_22>
					<_23>-1,0</_23>
					<_24>-1,0</_24>
					<_25>-1,0</_25>
					<_26>-1,0</_26>
					<_27>-1,0</_27>
					<_28>-1,0</_28>
					<_29>-1,0</_29>
					<_30>-1,0</_30>
					<_31>-1,0</_31>
					<_32>-1,0</_32>
					<_33>-1,0</_33>
					<_34>-1,0</_34>
					<_35>-1,0</_35>
					<_36>-1,0</_36>
					<_37>-1,0</_37>
					<_38>-1,0</_38>
					<_39>-1,0</_39>
					<_40>-1,0</_40>
					<_41>-1,0</_41>
					<_42>-1,0</_42>
					<_43>-1,0</_43>
					<_44>-1,0</_44>
					<_45>-1,0</_45>
					<_46>-1,0</_46>
					<_47>-1,0</_47>
					<_48>-1,0</_48>
				</Mods>
			</VehicleProperties>
			<OpacityLevel>255</OpacityLevel>
			<LodDistance>16960</LodDistance>
			<IsVisible>true</IsVisible>
			<MaxHealth>1000</MaxHealth>
			<Health>1000</Health>
			<HasGravity>true</HasGravity>
			<IsOnFire>false</IsOnFire>
			<IsInvincible>false</IsInvincible>
			<IsBulletProof>false</IsBulletProof>
			<IsCollisionProof>false</IsCollisionProof>
			<IsExplosionProof>false</IsExplosionProof>
			<IsFireProof>false</IsFireProof>
			<IsMeleeProof>false</IsMeleeProof>
			<IsOnlyDamagedByPlayer>false</IsOnlyDamagedByPlayer>
			<PositionRotation>
				<X>-1574.97559</X>
				<Y>-2725.39063</Y>
				<Z>14.4483595</Z>
				<Pitch>0.862920165</Pitch>
				<Roll>0.00306083122</Roll>
				<Yaw>147.541183</Yaw>
			</PositionRotation>
			<Attachment isAttached="true">
				<AttachedTo>677690</AttachedTo>
				<BoneIndex>0</BoneIndex>
				<X>21.9999981</X>
				<Y>0</Y>
				<Z>0</Z>
				<Pitch>0</Pitch>
				<Roll>0</Roll>
				<Yaw>0</Yaw>
			</Attachment>
		</Attachment>
		<Attachment>
			<ModelHash>0xb39b0ae6</ModelHash>
			<Type>2</Type>
			<Dynamic>true</Dynamic>
			<FrozenPos>false</FrozenPos>
			<HashName>P-996 LAZER</HashName>
			<InitialHandle>67387</InitialHandle>
			<VehicleProperties>
				<Colours>
					<Primary>121</Primary>
					<Secondary>21</Secondary>
					<Pearl>8</Pearl>
					<Rim>156</Rim>
					<Mod1_a>6</Mod1_a>
					<Mod1_b>-1</Mod1_b>
					<Mod1_c>-1</Mod1_c>
					<Mod2_a>6</Mod2_a>
					<Mod2_b>-1</Mod2_b>
					<IsPrimaryColourCustom>false</IsPrimaryColourCustom>
					<IsSecondaryColourCustom>false</IsSecondaryColourCustom>
					<tyreSmoke_R>255</tyreSmoke_R>
					<tyreSmoke_G>255</tyreSmoke_G>
					<tyreSmoke_B>255</tyreSmoke_B>
					<LrInterior>0</LrInterior>
					<LrDashboard>0</LrDashboard>
					<LrXenonHeadlights>255</LrXenonHeadlights>
				</Colours>
				<Livery>-1</Livery>
				<NumberPlateText>01REB276</NumberPlateText>
				<NumberPlateIndex>4</NumberPlateIndex>
				<WheelType>0</WheelType>
				<WheelsInvisible>false</WheelsInvisible>
				<EngineSoundName></EngineSoundName>
				<WindowTint>-1</WindowTint>
				<BulletProofTyres>false</BulletProofTyres>
				<DirtLevel>0</DirtLevel>
				<PaintFade>0.298039228</PaintFade>
				<RoofState>0</RoofState>
				<SirenActive>false</SirenActive>
				<EngineOn>false</EngineOn>
				<EngineHealth>1000</EngineHealth>
				<LightsOn>false</LightsOn>
				<IsRadioLoud>0</IsRadioLoud>
				<LockStatus>1</LockStatus>
				<Neons>
					<Left>false</Left>
					<Right>false</Right>
					<Front>false</Front>
					<Back>false</Back>
					<R>255</R>
					<G>0</G>
					<B>255</B>
				</Neons>
				<DoorsOpen>
					<BackLeftDoor>false</BackLeftDoor>
					<BackRightDoor>false</BackRightDoor>
					<FrontLeftDoor>false</FrontLeftDoor>
					<FrontRightDoor>false</FrontRightDoor>
					<Hood>false</Hood>
					<Trunk>false</Trunk>
					<Trunk2>false</Trunk2>
				</DoorsOpen>
				<DoorsBroken>
					<BackLeftDoor>false</BackLeftDoor>
					<BackRightDoor>false</BackRightDoor>
					<FrontLeftDoor>false</FrontLeftDoor>
					<FrontRightDoor>false</FrontRightDoor>
					<Hood>false</Hood>
					<Trunk>false</Trunk>
					<Trunk2>false</Trunk2>
				</DoorsBroken>
				<TyresBursted>
					<FrontLeft>false</FrontLeft>
					<FrontRight>false</FrontRight>
					<_2>false</_2>
					<_3>false</_3>
					<BackLeft>false</BackLeft>
					<BackRight>false</BackRight>
					<_6>false</_6>
					<_7>false</_7>
					<_8>false</_8>
				</TyresBursted>
				<ModExtras />
				<Mods>
					<_0>-1,0</_0>
					<_1>-1,0</_1>
					<_2>-1,0</_2>
					<_3>-1,0</_3>
					<_4>-1,0</_4>
					<_5>-1,0</_5>
					<_6>-1,0</_6>
					<_7>-1,0</_7>
					<_8>-1,0</_8>
					<_9>-1,0</_9>
					<_10>-1,0</_10>
					<_11>-1,0</_11>
					<_12>-1,0</_12>
					<_13>-1,0</_13>
					<_14>-1,0</_14>
					<_15>-1,0</_15>
					<_16>-1,0</_16>
					<_17>false</_17>
					<_18>false</_18>
					<_19>false</_19>
					<_20>false</_20>
					<_21>false</_21>
					<_22>false</_22>
					<_23>-1,0</_23>
					<_24>-1,0</_24>
					<_25>-1,0</_25>
					<_26>-1,0</_26>
					<_27>-1,0</_27>
					<_28>-1,0</_28>
					<_29>-1,0</_29>
					<_30>-1,0</_30>
					<_31>-1,0</_31>
					<_32>-1,0</_32>
					<_33>-1,0</_33>
					<_34>-1,0</_34>
					<_35>-1,0</_35>
					<_36>-1,0</_36>
					<_37>-1,0</_37>
					<_38>-1,0</_38>
					<_39>-1,0</_39>
					<_40>-1,0</_40>
					<_41>-1,0</_41>
					<_42>-1,0</_42>
					<_43>-1,0</_43>
					<_44>-1,0</_44>
					<_45>-1,0</_45>
					<_46>-1,0</_46>
					<_47>-1,0</_47>
					<_48>-1,0</_48>
				</Mods>
			</VehicleProperties>
			<OpacityLevel>255</OpacityLevel>
			<LodDistance>16960</LodDistance>
			<IsVisible>true</IsVisible>
			<MaxHealth>1000</MaxHealth>
			<Health>1000</Health>
			<HasGravity>true</HasGravity>
			<IsOnFire>false</IsOnFire>
			<IsInvincible>false</IsInvincible>
			<IsBulletProof>false</IsBulletProof>
			<IsCollisionProof>false</IsCollisionProof>
			<IsExplosionProof>false</IsExplosionProof>
			<IsFireProof>false</IsFireProof>
			<IsMeleeProof>false</IsMeleeProof>
			<IsOnlyDamagedByPlayer>false</IsOnlyDamagedByPlayer>
			<PositionRotation>
				<X>-1547.13086</X>
				<Y>-2743.10132</Y>
				<Z>14.4501219</Z>
				<Pitch>0.862920165</Pitch>
				<Roll>0.00306083122</Roll>
				<Yaw>147.541183</Yaw>
			</PositionRotation>
			<Attachment isAttached="true">
				<AttachedTo>677690</AttachedTo>
				<BoneIndex>0</BoneIndex>
				<X>-10.999999</X>
				<Y>0</Y>
				<Z>0</Z>
				<Pitch>0</Pitch>
				<Roll>0</Roll>
				<Yaw>0</Yaw>
			</Attachment>
		</Attachment>
		<Attachment>
			<ModelHash>0xb39b0ae6</ModelHash>
			<Type>2</Type>
			<Dynamic>true</Dynamic>
			<FrozenPos>false</FrozenPos>
			<HashName>P-996 LAZER</HashName>
			<InitialHandle>33339</InitialHandle>
			<VehicleProperties>
				<Colours>
					<Primary>121</Primary>
					<Secondary>21</Secondary>
					<Pearl>8</Pearl>
					<Rim>156</Rim>
					<Mod1_a>6</Mod1_a>
					<Mod1_b>-1</Mod1_b>
					<Mod1_c>-1</Mod1_c>
					<Mod2_a>6</Mod2_a>
					<Mod2_b>-1</Mod2_b>
					<IsPrimaryColourCustom>false</IsPrimaryColourCustom>
					<IsSecondaryColourCustom>false</IsSecondaryColourCustom>
					<tyreSmoke_R>255</tyreSmoke_R>
					<tyreSmoke_G>255</tyreSmoke_G>
					<tyreSmoke_B>255</tyreSmoke_B>
					<LrInterior>0</LrInterior>
					<LrDashboard>0</LrDashboard>
					<LrXenonHeadlights>255</LrXenonHeadlights>
				</Colours>
				<Livery>-1</Livery>
				<NumberPlateText>86KLH560</NumberPlateText>
				<NumberPlateIndex>4</NumberPlateIndex>
				<WheelType>0</WheelType>
				<WheelsInvisible>false</WheelsInvisible>
				<EngineSoundName></EngineSoundName>
				<WindowTint>-1</WindowTint>
				<BulletProofTyres>false</BulletProofTyres>
				<DirtLevel>0</DirtLevel>
				<PaintFade>0.298039228</PaintFade>
				<RoofState>0</RoofState>
				<SirenActive>false</SirenActive>
				<EngineOn>false</EngineOn>
				<EngineHealth>1000</EngineHealth>
				<LightsOn>false</LightsOn>
				<IsRadioLoud>0</IsRadioLoud>
				<LockStatus>1</LockStatus>
				<Neons>
					<Left>false</Left>
					<Right>false</Right>
					<Front>false</Front>
					<Back>false</Back>
					<R>255</R>
					<G>0</G>
					<B>255</B>
				</Neons>
				<DoorsOpen>
					<BackLeftDoor>false</BackLeftDoor>
					<BackRightDoor>false</BackRightDoor>
					<FrontLeftDoor>false</FrontLeftDoor>
					<FrontRightDoor>false</FrontRightDoor>
					<Hood>false</Hood>
					<Trunk>false</Trunk>
					<Trunk2>false</Trunk2>
				</DoorsOpen>
				<DoorsBroken>
					<BackLeftDoor>false</BackLeftDoor>
					<BackRightDoor>false</BackRightDoor>
					<FrontLeftDoor>false</FrontLeftDoor>
					<FrontRightDoor>false</FrontRightDoor>
					<Hood>false</Hood>
					<Trunk>false</Trunk>
					<Trunk2>false</Trunk2>
				</DoorsBroken>
				<TyresBursted>
					<FrontLeft>false</FrontLeft>
					<FrontRight>false</FrontRight>
					<_2>false</_2>
					<_3>false</_3>
					<BackLeft>false</BackLeft>
					<BackRight>false</BackRight>
					<_6>false</_6>
					<_7>false</_7>
					<_8>false</_8>
				</TyresBursted>
				<ModExtras />
				<Mods>
					<_0>-1,0</_0>
					<_1>-1,0</_1>
					<_2>-1,0</_2>
					<_3>-1,0</_3>
					<_4>-1,0</_4>
					<_5>-1,0</_5>
					<_6>-1,0</_6>
					<_7>-1,0</_7>
					<_8>-1,0</_8>
					<_9>-1,0</_9>
					<_10>-1,0</_10>
					<_11>-1,0</_11>
					<_12>-1,0</_12>
					<_13>-1,0</_13>
					<_14>-1,0</_14>
					<_15>-1,0</_15>
					<_16>-1,0</_16>
					<_17>false</_17>
					<_18>false</_18>
					<_19>false</_19>
					<_20>false</_20>
					<_21>false</_21>
					<_22>false</_22>
					<_23>-1,0</_23>
					<_24>-1,0</_24>
					<_25>-1,0</_25>
					<_26>-1,0</_26>
					<_27>-1,0</_27>
					<_28>-1,0</_28>
					<_29>-1,0</_29>
					<_30>-1,0</_30>
					<_31>-1,0</_31>
					<_32>-1,0</_32>
					<_33>-1,0</_33>
					<_34>-1,0</_34>
					<_35>-1,0</_35>
					<_36>-1,0</_36>
					<_37>-1,0</_37>
					<_38>-1,0</_38>
					<_39>-1,0</_39>
					<_40>-1,0</_40>
					<_41>-1,0</_41>
					<_42>-1,0</_42>
					<_43>-1,0</_43>
					<_44>-1,0</_44>
					<_45>-1,0</_45>
					<_46>-1,0</_46>
					<_47>-1,0</_47>
					<_48>-1,0</_48>
				</Mods>
			</VehicleProperties>
			<OpacityLevel>255</OpacityLevel>
			<LodDistance>16960</LodDistance>
			<IsVisible>true</IsVisible>
			<MaxHealth>1000</MaxHealth>
			<Health>1000</Health>
			<HasGravity>true</HasGravity>
			<IsOnFire>false</IsOnFire>
			<IsInvincible>false</IsInvincible>
			<IsBulletProof>false</IsBulletProof>
			<IsCollisionProof>false</IsCollisionProof>
			<IsExplosionProof>false</IsExplosionProof>
			<IsFireProof>false</IsFireProof>
			<IsMeleeProof>false</IsMeleeProof>
			<IsOnlyDamagedByPlayer>false</IsOnlyDamagedByPlayer>
			<PositionRotation>
				<X>-1565.69409</X>
				<Y>-2731.29419</Y>
				<Z>14.448947</Z>
				<Pitch>0.862920165</Pitch>
				<Roll>0.00306083122</Roll>
				<Yaw>147.541183</Yaw>
			</PositionRotation>
			<Attachment isAttached="true">
				<AttachedTo>677690</AttachedTo>
				<BoneIndex>0</BoneIndex>
				<X>10.999999</X>
				<Y>0</Y>
				<Z>0</Z>
				<Pitch>0</Pitch>
				<Roll>0</Roll>
				<Yaw>0</Yaw>
			</Attachment>
		</Attachment>
		<Attachment>
			<ModelHash>0xb39b0ae6</ModelHash>
			<Type>2</Type>
			<Dynamic>true</Dynamic>
			<FrozenPos>false</FrozenPos>
			<HashName>P-996 LAZER</HashName>
			<InitialHandle>448329</InitialHandle>
			<VehicleProperties>
				<Colours>
					<Primary>121</Primary>
					<Secondary>21</Secondary>
					<Pearl>8</Pearl>
					<Rim>156</Rim>
					<Mod1_a>6</Mod1_a>
					<Mod1_b>-1</Mod1_b>
					<Mod1_c>-1</Mod1_c>
					<Mod2_a>6</Mod2_a>
					<Mod2_b>-1</Mod2_b>
					<IsPrimaryColourCustom>false</IsPrimaryColourCustom>
					<IsSecondaryColourCustom>false</IsSecondaryColourCustom>
					<tyreSmoke_R>255</tyreSmoke_R>
					<tyreSmoke_G>255</tyreSmoke_G>
					<tyreSmoke_B>255</tyreSmoke_B>
					<LrInterior>0</LrInterior>
					<LrDashboard>0</LrDashboard>
					<LrXenonHeadlights>255</LrXenonHeadlights>
				</Colours>
				<Livery>-1</Livery>
				<NumberPlateText>89QSX843</NumberPlateText>
				<NumberPlateIndex>4</NumberPlateIndex>
				<WheelType>0</WheelType>
				<WheelsInvisible>false</WheelsInvisible>
				<EngineSoundName></EngineSoundName>
				<WindowTint>-1</WindowTint>
				<BulletProofTyres>false</BulletProofTyres>
				<DirtLevel>0</DirtLevel>
				<PaintFade>0.298039228</PaintFade>
				<RoofState>0</RoofState>
				<SirenActive>false</SirenActive>
				<EngineOn>false</EngineOn>
				<EngineHealth>944.683411</EngineHealth>
				<LightsOn>false</LightsOn>
				<IsRadioLoud>0</IsRadioLoud>
				<LockStatus>1</LockStatus>
				<Neons>
					<Left>false</Left>
					<Right>false</Right>
					<Front>false</Front>
					<Back>false</Back>
					<R>255</R>
					<G>0</G>
					<B>255</B>
				</Neons>
				<DoorsOpen>
					<BackLeftDoor>false</BackLeftDoor>
					<BackRightDoor>false</BackRightDoor>
					<FrontLeftDoor>false</FrontLeftDoor>
					<FrontRightDoor>false</FrontRightDoor>
					<Hood>false</Hood>
					<Trunk>false</Trunk>
					<Trunk2>false</Trunk2>
				</DoorsOpen>
				<DoorsBroken>
					<BackLeftDoor>false</BackLeftDoor>
					<BackRightDoor>false</BackRightDoor>
					<FrontLeftDoor>false</FrontLeftDoor>
					<FrontRightDoor>false</FrontRightDoor>
					<Hood>false</Hood>
					<Trunk>false</Trunk>
					<Trunk2>false</Trunk2>
				</DoorsBroken>
				<TyresBursted>
					<FrontLeft>false</FrontLeft>
					<FrontRight>false</FrontRight>
					<_2>false</_2>
					<_3>false</_3>
					<BackLeft>false</BackLeft>
					<BackRight>false</BackRight>
					<_6>false</_6>
					<_7>false</_7>
					<_8>false</_8>
				</TyresBursted>
				<ModExtras />
				<Mods>
					<_0>-1,0</_0>
					<_1>-1,0</_1>
					<_2>-1,0</_2>
					<_3>-1,0</_3>
					<_4>-1,0</_4>
					<_5>-1,0</_5>
					<_6>-1,0</_6>
					<_7>-1,0</_7>
					<_8>-1,0</_8>
					<_9>-1,0</_9>
					<_10>-1,0</_10>
					<_11>-1,0</_11>
					<_12>-1,0</_12>
					<_13>-1,0</_13>
					<_14>-1,0</_14>
					<_15>-1,0</_15>
					<_16>-1,0</_16>
					<_17>false</_17>
					<_18>false</_18>
					<_19>false</_19>
					<_20>false</_20>
					<_21>false</_21>
					<_22>false</_22>
					<_23>-1,0</_23>
					<_24>-1,0</_24>
					<_25>-1,0</_25>
					<_26>-1,0</_26>
					<_27>-1,0</_27>
					<_28>-1,0</_28>
					<_29>-1,0</_29>
					<_30>-1,0</_30>
					<_31>-1,0</_31>
					<_32>-1,0</_32>
					<_33>-1,0</_33>
					<_34>-1,0</_34>
					<_35>-1,0</_35>
					<_36>-1,0</_36>
					<_37>-1,0</_37>
					<_38>-1,0</_38>
					<_39>-1,0</_39>
					<_40>-1,0</_40>
					<_41>-1,0</_41>
					<_42>-1,0</_42>
					<_43>-1,0</_43>
					<_44>-1,0</_44>
					<_45>-1,0</_45>
					<_46>-1,0</_46>
					<_47>-1,0</_47>
					<_48>-1,0</_48>
				</Mods>
			</VehicleProperties>
			<OpacityLevel>255</OpacityLevel>
			<LodDistance>16960</LodDistance>
			<IsVisible>true</IsVisible>
			<MaxHealth>1000</MaxHealth>
			<Health>884</Health>
			<HasGravity>true</HasGravity>
			<IsOnFire>false</IsOnFire>
			<IsInvincible>false</IsInvincible>
			<IsBulletProof>false</IsBulletProof>
			<IsCollisionProof>false</IsCollisionProof>
			<IsExplosionProof>false</IsExplosionProof>
			<IsFireProof>false</IsFireProof>
			<IsMeleeProof>false</IsMeleeProof>
			<IsOnlyDamagedByPlayer>false</IsOnlyDamagedByPlayer>
			<PositionRotation>
				<X>-1463.59692</X>
				<Y>-2796.23389</Y>
				<Z>14.45541</Z>
				<Pitch>0.862920165</Pitch>
				<Roll>0.00306083122</Roll>
				<Yaw>147.541183</Yaw>
			</PositionRotation>
			<Attachment isAttached="true">
				<AttachedTo>677690</AttachedTo>
				<BoneIndex>-1</BoneIndex>
				<X>-109.999992</X>
				<Y>0</Y>
				<Z>0</Z>
				<Pitch>0</Pitch>
				<Roll>0</Roll>
				<Yaw>0</Yaw>
			</Attachment>
		</Attachment>
	</SpoonerAttachments>
</Vehicle>
