<?xml version="1.0"?>
<Vehicle menyoo_ver="0.9998744b">
	<ModelHash>0x809aa4cb</ModelHash>
	<InitialHandle>63791</InitialHandle>
	<VehicleProperties>
		<Colours>
			<Primary>153</Primary>
			<Secondary>0</Secondary>
			<Pearl>0</Pearl>
			<Rim>156</Rim>
			<Mod1_a>0</Mod1_a>
			<Mod1_b>1</Mod1_b>
			<Mod1_c>6357106</Mod1_c>
			<Mod2_a>2097260</Mod2_a>
			<Mod2_b>7667781</Mod2_b>
			<IsPrimaryColourCustom>false</IsPrimaryColourCustom>
			<IsSecondaryColourCustom>false</IsSecondaryColourCustom>
			<tyreSmoke_R>255</tyreSmoke_R>
			<tyreSmoke_G>255</tyreSmoke_G>
			<tyreSmoke_B>255</tyreSmoke_B>
			<LrInterior>0</LrInterior>
			<LrDashboard>0</LrDashboard>
		</Colours>
		<Livery>-1</Livery>
		<NumberPlateText>29QQU981</NumberPlateText>
		<NumberPlateIndex>0</NumberPlateIndex>
		<WheelType>0</WheelType>
		<WheelsInvisible>false</WheelsInvisible>
		<EngineSoundName>TRACTOR</EngineSoundName>
		<WindowTint>-1</WindowTint>
		<BulletProofTyres>false</BulletProofTyres>
		<DirtLevel>9.39923</DirtLevel>
		<PaintFade>1</PaintFade>
		<RoofState>0</RoofState>
		<SirenActive>false</SirenActive>
		<EngineOn>true</EngineOn>
		<EngineHealth>1250</EngineHealth>
		<LightsOn>false</LightsOn>
		<IsRadioLoud>0</IsRadioLoud>
		<LockStatus>0</LockStatus>
		<Neons>
			<Left>false</Left>
			<Right>false</Right>
			<Front>false</Front>
			<Back>false</Back>
			<R>255</R>
			<G>0</G>
			<B>255</B>
		</Neons>
		<ModExtras />
		<Mods>
			<_0>-1,0</_0>
			<_1>-1,0</_1>
			<_2>-1,0</_2>
			<_3>-1,0</_3>
			<_4>-1,0</_4>
			<_5>-1,0</_5>
			<_6>-1,0</_6>
			<_7>-1,0</_7>
			<_8>-1,0</_8>
			<_9>-1,0</_9>
			<_10>-1,0</_10>
			<_11>-1,0</_11>
			<_12>-1,0</_12>
			<_13>-1,0</_13>
			<_14>-1,0</_14>
			<_15>-1,0</_15>
			<_16>-1,0</_16>
			<_17>false</_17>
			<_18>false</_18>
			<_19>false</_19>
			<_20>false</_20>
			<_21>false</_21>
			<_22>false</_22>
			<_23>-1,0</_23>
			<_24>-1,0</_24>
			<_25>-1,0</_25>
			<_26>-1,0</_26>
			<_27>-1,0</_27>
			<_28>-1,0</_28>
			<_29>-1,0</_29>
			<_30>-1,0</_30>
			<_31>-1,0</_31>
			<_32>-1,0</_32>
			<_33>-1,0</_33>
			<_34>-1,0</_34>
			<_35>-1,0</_35>
			<_36>-1,0</_36>
			<_37>-1,0</_37>
			<_38>-1,0</_38>
			<_39>-1,0</_39>
			<_40>-1,0</_40>
			<_41>-1,0</_41>
			<_42>-1,0</_42>
			<_43>-1,0</_43>
			<_44>-1,0</_44>
			<_45>-1,0</_45>
			<_46>-1,0</_46>
			<_47>-1,0</_47>
			<_48>-1,0</_48>
		</Mods>
		<DoorsOpen>
			<BackLeftDoor>false</BackLeftDoor>
			<BackRightDoor>false</BackRightDoor>
			<FrontLeftDoor>false</FrontLeftDoor>
			<FrontRightDoor>false</FrontRightDoor>
			<Hood>false</Hood>
			<Trunk>false</Trunk>
			<Trunk2>false</Trunk2>
		</DoorsOpen>
		<DoorsBroken>
			<BackLeftDoor>false</BackLeftDoor>
			<BackRightDoor>false</BackRightDoor>
			<FrontLeftDoor>false</FrontLeftDoor>
			<FrontRightDoor>false</FrontRightDoor>
			<Hood>false</Hood>
			<Trunk>false</Trunk>
			<Trunk2>false</Trunk2>
		</DoorsBroken>
		<TyresBursted>
			<FrontLeft>false</FrontLeft>
			<FrontRight>false</FrontRight>
			<_2>false</_2>
			<_3>false</_3>
			<BackLeft>false</BackLeft>
			<BackRight>false</BackRight>
			<_6>false</_6>
			<_7>false</_7>
			<_8>false</_8>
		</TyresBursted>
		<RpmMultiplier>1</RpmMultiplier>
		<TorqueMultiplier>1</TorqueMultiplier>
		<HeadlightIntensity>1</HeadlightIntensity>
	</VehicleProperties>
	<OpacityLevel>0</OpacityLevel>
	<LodDistance>16960</LodDistance>
	<IsVisible>true</IsVisible>
	<IsDriverVisible>true</IsDriverVisible>
	<MaxHealth>1000</MaxHealth>
	<Health>1000</Health>
	<HasGravity>true</HasGravity>
	<IsOnFire>false</IsOnFire>
	<IsInvincible>false</IsInvincible>
	<IsBulletProof>false</IsBulletProof>
	<IsExplosionProof>false</IsExplosionProof>
	<IsFireProof>false</IsFireProof>
	<IsMeleeProof>false</IsMeleeProof>
	<IsOnlyDamagedByPlayer>false</IsOnlyDamagedByPlayer>
	<SpoonerAttachments SetAttachmentsPersistentAndAddToSpoonerDatabase="true" StartTaskSequencesOnLoad="true">
		<Attachment>
			<ModelHash>0xfa7bcf6a</ModelHash>
			<Type>3</Type>
			<Dynamic>false</Dynamic>
			<FrozenPos>true</FrozenPos>
			<HashName>prop_rub_trukwreck_1</HashName>
			<InitialHandle>64047</InitialHandle>
			<ObjectProperties>
				<TextureVariation>0</TextureVariation>
			</ObjectProperties>
			<OpacityLevel>255</OpacityLevel>
			<LodDistance>16960</LodDistance>
			<IsVisible>true</IsVisible>
			<MaxHealth>1000</MaxHealth>
			<Health>1000</Health>
			<HasGravity>true</HasGravity>
			<IsOnFire>false</IsOnFire>
			<IsInvincible>false</IsInvincible>
			<IsBulletProof>false</IsBulletProof>
			<IsCollisionProof>true</IsCollisionProof>
			<IsExplosionProof>false</IsExplosionProof>
			<IsFireProof>false</IsFireProof>
			<IsMeleeProof>false</IsMeleeProof>
			<IsOnlyDamagedByPlayer>false</IsOnlyDamagedByPlayer>
			<PositionRotation>
				<X>1326.46924</X>
				<Y>3145.15186</Y>
				<Z>40.6111374</Z>
				<Pitch>0.31226179</Pitch>
				<Roll>0.010740431</Roll>
				<Yaw>103.556572</Yaw>
			</PositionRotation>
			<Attachment isAttached="true">
				<AttachedTo>63791</AttachedTo>
				<BoneIndex>0</BoneIndex>
				<X>0</X>
				<Y>0.0399999991</Y>
				<Z>0.12999998</Z>
				<Pitch>0</Pitch>
				<Roll>0</Roll>
				<Yaw>0</Yaw>
			</Attachment>
		</Attachment>
		<Attachment>
			<ModelHash>0xf69bf55a</ModelHash>
			<Type>3</Type>
			<Dynamic>false</Dynamic>
			<FrozenPos>true</FrozenPos>
			<HashName>prop_cartwheel_01</HashName>
			<InitialHandle>386609</InitialHandle>
			<ObjectProperties>
				<TextureVariation>0</TextureVariation>
			</ObjectProperties>
			<OpacityLevel>255</OpacityLevel>
			<LodDistance>16960</LodDistance>
			<IsVisible>true</IsVisible>
			<MaxHealth>1000</MaxHealth>
			<Health>1000</Health>
			<HasGravity>true</HasGravity>
			<IsOnFire>false</IsOnFire>
			<IsInvincible>false</IsInvincible>
			<IsBulletProof>false</IsBulletProof>
			<IsCollisionProof>false</IsCollisionProof>
			<IsExplosionProof>false</IsExplosionProof>
			<IsFireProof>false</IsFireProof>
			<IsMeleeProof>false</IsMeleeProof>
			<IsOnlyDamagedByPlayer>false</IsOnlyDamagedByPlayer>
			<PositionRotation>
				<X>1323.09619</X>
				<Y>3143.16895</Y>
				<Z>39.9729118</Z>
				<Pitch>80.2900009</Pitch>
				<Roll>-95.2906876</Roll>
				<Yaw>108.767044</Yaw>
			</PositionRotation>
			<Attachment isAttached="true">
				<AttachedTo>63791</AttachedTo>
				<BoneIndex>26</BoneIndex>
				<X>0</X>
				<Y>0</Y>
				<Z>0</Z>
				<Pitch>0</Pitch>
				<Roll>-89.9999924</Roll>
				<Yaw>1.90734863e-06</Yaw>
			</Attachment>
		</Attachment>
		<Attachment>
			<ModelHash>0xf69bf55a</ModelHash>
			<Type>3</Type>
			<Dynamic>false</Dynamic>
			<FrozenPos>true</FrozenPos>
			<HashName>prop_cartwheel_01</HashName>
			<InitialHandle>783408</InitialHandle>
			<ObjectProperties>
				<TextureVariation>0</TextureVariation>
			</ObjectProperties>
			<OpacityLevel>255</OpacityLevel>
			<LodDistance>16960</LodDistance>
			<IsVisible>true</IsVisible>
			<MaxHealth>1000</MaxHealth>
			<Health>1000</Health>
			<HasGravity>true</HasGravity>
			<IsOnFire>false</IsOnFire>
			<IsInvincible>false</IsInvincible>
			<IsBulletProof>false</IsBulletProof>
			<IsCollisionProof>false</IsCollisionProof>
			<IsExplosionProof>false</IsExplosionProof>
			<IsFireProof>false</IsFireProof>
			<IsMeleeProof>false</IsMeleeProof>
			<IsOnlyDamagedByPlayer>false</IsOnlyDamagedByPlayer>
			<PositionRotation>
				<X>1322.56567</X>
				<Y>3145.36938</Y>
				<Z>39.9728851</Z>
				<Pitch>-32.8515358</Pitch>
				<Roll>91.0721664</Roll>
				<Yaw>104.143135</Yaw>
			</PositionRotation>
			<Attachment isAttached="true">
				<AttachedTo>63791</AttachedTo>
				<BoneIndex>37</BoneIndex>
				<X>0</X>
				<Y>0</Y>
				<Z>0</Z>
				<Pitch>0</Pitch>
				<Roll>-89.9999924</Roll>
				<Yaw>1.90734863e-06</Yaw>
			</Attachment>
		</Attachment>
		<Attachment>
			<ModelHash>0xf69bf55a</ModelHash>
			<Type>3</Type>
			<Dynamic>false</Dynamic>
			<FrozenPos>true</FrozenPos>
			<HashName>prop_cartwheel_01</HashName>
			<InitialHandle>726066</InitialHandle>
			<ObjectProperties>
				<TextureVariation>0</TextureVariation>
			</ObjectProperties>
			<OpacityLevel>255</OpacityLevel>
			<LodDistance>16960</LodDistance>
			<IsVisible>true</IsVisible>
			<MaxHealth>1000</MaxHealth>
			<Health>1000</Health>
			<HasGravity>true</HasGravity>
			<IsOnFire>false</IsOnFire>
			<IsInvincible>false</IsInvincible>
			<IsBulletProof>false</IsBulletProof>
			<IsCollisionProof>false</IsCollisionProof>
			<IsExplosionProof>false</IsExplosionProof>
			<IsFireProof>false</IsFireProof>
			<IsMeleeProof>false</IsMeleeProof>
			<IsOnlyDamagedByPlayer>false</IsOnlyDamagedByPlayer>
			<PositionRotation>
				<X>1329.03235</X>
				<Y>3144.90869</Y>
				<Z>39.9300079</Z>
				<Pitch>9.22557831</Pitch>
				<Roll>-90.7736435</Roll>
				<Yaw>103.676445</Yaw>
			</PositionRotation>
			<Attachment isAttached="true">
				<AttachedTo>63791</AttachedTo>
				<BoneIndex>31</BoneIndex>
				<X>0.399999976</X>
				<Y>0</Y>
				<Z>0</Z>
				<Pitch>0</Pitch>
				<Roll>-89.9999924</Roll>
				<Yaw>1.90734863e-06</Yaw>
			</Attachment>
		</Attachment>
		<Attachment>
			<ModelHash>0xf69bf55a</ModelHash>
			<Type>3</Type>
			<Dynamic>false</Dynamic>
			<FrozenPos>true</FrozenPos>
			<HashName>prop_cartwheel_01</HashName>
			<InitialHandle>283699</InitialHandle>
			<ObjectProperties>
				<TextureVariation>0</TextureVariation>
			</ObjectProperties>
			<OpacityLevel>255</OpacityLevel>
			<LodDistance>16960</LodDistance>
			<IsVisible>true</IsVisible>
			<MaxHealth>1000</MaxHealth>
			<Health>1000</Health>
			<HasGravity>true</HasGravity>
			<IsOnFire>false</IsOnFire>
			<IsInvincible>false</IsInvincible>
			<IsBulletProof>false</IsBulletProof>
			<IsCollisionProof>false</IsCollisionProof>
			<IsExplosionProof>false</IsExplosionProof>
			<IsFireProof>false</IsFireProof>
			<IsMeleeProof>false</IsMeleeProof>
			<IsOnlyDamagedByPlayer>false</IsOnlyDamagedByPlayer>
			<PositionRotation>
				<X>1328.64233</X>
				<Y>3146.52612</Y>
				<Z>39.9300346</Z>
				<Pitch>-29.326952</Pitch>
				<Roll>-90.8847351</Roll>
				<Yaw>-76.8725891</Yaw>
			</PositionRotation>
			<Attachment isAttached="true">
				<AttachedTo>63791</AttachedTo>
				<BoneIndex>39</BoneIndex>
				<X>0.399999976</X>
				<Y>0</Y>
				<Z>0</Z>
				<Pitch>0</Pitch>
				<Roll>-89.9999924</Roll>
				<Yaw>1.90734863e-06</Yaw>
			</Attachment>
		</Attachment>
		<Attachment>
			<ModelHash>0xf69bf55a</ModelHash>
			<Type>3</Type>
			<Dynamic>false</Dynamic>
			<FrozenPos>true</FrozenPos>
			<HashName>prop_cartwheel_01</HashName>
			<InitialHandle>634419</InitialHandle>
			<ObjectProperties>
				<TextureVariation>0</TextureVariation>
			</ObjectProperties>
			<OpacityLevel>255</OpacityLevel>
			<LodDistance>16960</LodDistance>
			<IsVisible>true</IsVisible>
			<MaxHealth>1000</MaxHealth>
			<Health>1000</Health>
			<HasGravity>true</HasGravity>
			<IsOnFire>false</IsOnFire>
			<IsInvincible>false</IsInvincible>
			<IsBulletProof>false</IsBulletProof>
			<IsCollisionProof>false</IsCollisionProof>
			<IsExplosionProof>false</IsExplosionProof>
			<IsFireProof>false</IsFireProof>
			<IsMeleeProof>false</IsMeleeProof>
			<IsOnlyDamagedByPlayer>false</IsOnlyDamagedByPlayer>
			<PositionRotation>
				<X>1329.98962</X>
				<Y>3146.84473</Y>
				<Z>39.9300613</Z>
				<Pitch>-45.3602257</Pitch>
				<Roll>91.1032639</Roll>
				<Yaw>104.345848</Yaw>
			</PositionRotation>
			<Attachment isAttached="true">
				<AttachedTo>63791</AttachedTo>
				<BoneIndex>38</BoneIndex>
				<X>0.399999976</X>
				<Y>0</Y>
				<Z>0</Z>
				<Pitch>0</Pitch>
				<Roll>-89.9999924</Roll>
				<Yaw>1.90734863e-06</Yaw>
			</Attachment>
		</Attachment>
		<Attachment>
			<ModelHash>0xf69bf55a</ModelHash>
			<Type>3</Type>
			<Dynamic>false</Dynamic>
			<FrozenPos>true</FrozenPos>
			<HashName>prop_cartwheel_01</HashName>
			<InitialHandle>646962</InitialHandle>
			<ObjectProperties>
				<TextureVariation>0</TextureVariation>
			</ObjectProperties>
			<OpacityLevel>255</OpacityLevel>
			<LodDistance>16960</LodDistance>
			<IsVisible>true</IsVisible>
			<MaxHealth>1000</MaxHealth>
			<Health>1000</Health>
			<HasGravity>true</HasGravity>
			<IsOnFire>false</IsOnFire>
			<IsInvincible>false</IsInvincible>
			<IsBulletProof>false</IsBulletProof>
			<IsCollisionProof>false</IsCollisionProof>
			<IsExplosionProof>false</IsExplosionProof>
			<IsFireProof>false</IsFireProof>
			<IsMeleeProof>false</IsMeleeProof>
			<IsOnlyDamagedByPlayer>false</IsOnlyDamagedByPlayer>
			<PositionRotation>
				<X>1330.37683</X>
				<Y>3145.23926</Y>
				<Z>39.9300308</Z>
				<Pitch>-23.8443394</Pitch>
				<Roll>-90.8390274</Roll>
				<Yaw>103.213181</Yaw>
			</PositionRotation>
			<Attachment isAttached="true">
				<AttachedTo>63791</AttachedTo>
				<BoneIndex>32</BoneIndex>
				<X>0.399999976</X>
				<Y>0</Y>
				<Z>0</Z>
				<Pitch>0</Pitch>
				<Roll>-89.9999924</Roll>
				<Yaw>1.90734863e-06</Yaw>
			</Attachment>
		</Attachment>
		<Attachment>
			<ModelHash>0x6f9939c7</ModelHash>
			<Type>3</Type>
			<Dynamic>false</Dynamic>
			<FrozenPos>true</FrozenPos>
			<HashName>prop_ld_toilet_01</HashName>
			<InitialHandle>49208</InitialHandle>
			<TaskSequence>
				<Task>
					<Type>39</Type>
					<Duration>1000</Duration>
					<KeepTaskRunningAfterTime>-2</KeepTaskRunningAfterTime>
					<IsLoopedTask>true</IsLoopedTask>
					<Delay>500</Delay>
					<AssetName>scr_finale1</AssetName>
					<EffectName>scr_fin_trev_car_impact</EffectName>
					<Scale>0.800000012</Scale>
					<Colour R="255" G="255" B="255" A="255" />
					<RelativePosition X="0" Y="0" Z="0" />
					<RelativeRotation X="0" Y="0" Z="0" />
				</Task>
			</TaskSequence>
			<ObjectProperties>
				<TextureVariation>0</TextureVariation>
			</ObjectProperties>
			<OpacityLevel>255</OpacityLevel>
			<LodDistance>16960</LodDistance>
			<IsVisible>true</IsVisible>
			<MaxHealth>1000</MaxHealth>
			<Health>1000</Health>
			<HasGravity>true</HasGravity>
			<IsOnFire>false</IsOnFire>
			<IsInvincible>false</IsInvincible>
			<IsBulletProof>false</IsBulletProof>
			<IsCollisionProof>false</IsCollisionProof>
			<IsExplosionProof>false</IsExplosionProof>
			<IsFireProof>false</IsFireProof>
			<IsMeleeProof>false</IsMeleeProof>
			<IsOnlyDamagedByPlayer>false</IsOnlyDamagedByPlayer>
			<PositionRotation>
				<X>1329.27771</X>
				<Y>3145.79761</Y>
				<Z>41.2579651</Z>
				<Pitch>0.153275192</Pitch>
				<Roll>-0.296003073</Roll>
				<Yaw>102.367599</Yaw>
			</PositionRotation>
			<Attachment isAttached="true">
				<AttachedTo>63791</AttachedTo>
				<BoneIndex>4</BoneIndex>
				<X>-0.0171789527</X>
				<Y>-6.46597195</Y>
				<Z>0.0917444527</Z>
				<Pitch>-0.158696532</Pitch>
				<Roll>-0.313220739</Roll>
				<Yaw>-1.18900299</Yaw>
			</Attachment>
		</Attachment>
		<Attachment>
			<ModelHash>0x9b810fa2</ModelHash>
			<Type>1</Type>
			<Dynamic>false</Dynamic>
			<FrozenPos>true</FrozenPos>
			<HashName>Trevor</HashName>
			<InitialHandle>709689</InitialHandle>
			<TaskSequence>
				<Task>
					<Type>4</Type>
					<Duration>10000</Duration>
					<KeepTaskRunningAfterTime>0</KeepTaskRunningAfterTime>
					<IsLoopedTask>false</IsLoopedTask>
				</Task>
				<Task>
					<Type>16</Type>
					<Duration>-2</Duration>
					<KeepTaskRunningAfterTime>-2</KeepTaskRunningAfterTime>
					<IsLoopedTask>false</IsLoopedTask>
					<SpeechName>BUDDY_SEES_MICHAEL_DEATH</SpeechName>
					<VoiceName>TREVOR_NORMAL</VoiceName>
					<ParamName>SPEECH_PARAMS_FORCE</ParamName>
				</Task>
				<Task>
					<Type>16</Type>
					<Duration>-2</Duration>
					<KeepTaskRunningAfterTime>-2</KeepTaskRunningAfterTime>
					<IsLoopedTask>false</IsLoopedTask>
					<SpeechName>BUDDY_SEES_FRANKLIN_DEATH</SpeechName>
					<VoiceName>TREVOR_NORMAL</VoiceName>
					<ParamName>SPEECH_PARAMS_FORCE</ParamName>
				</Task>
				<Task>
					<Type>16</Type>
					<Duration>-2</Duration>
					<KeepTaskRunningAfterTime>-2</KeepTaskRunningAfterTime>
					<IsLoopedTask>false</IsLoopedTask>
					<SpeechName>SUPER_HIGH_FALL</SpeechName>
					<VoiceName>WAVELOAD_PAIN_MALE</VoiceName>
					<ParamName>SPEECH_PARAMS_FORCE_SHOUTED</ParamName>
				</Task>
			</TaskSequence>
			<PedProperties>
				<IsStill>true</IsStill>
				<CanRagdoll>false</CanRagdoll>
				<HasShortHeight>false</HasShortHeight>
				<CurrentWeapon>0xa2719263</CurrentWeapon>
				<PedProps>
					<_0>-1,-1</_0>
					<_1>-1,-1</_1>
					<_2>-1,-1</_2>
					<_3>-1,-1</_3>
					<_4>-1,-1</_4>
					<_5>-1,-1</_5>
					<_6>-1,-1</_6>
					<_7>-1,-1</_7>
					<_8>-1,-1</_8>
					<_9>-1,-1</_9>
				</PedProps>
				<PedComps>
					<_0>0,0</_0>
					<_1>0,0</_1>
					<_2>0,0</_2>
					<_3>24,0</_3>
					<_4>25,0</_4>
					<_5>0,0</_5>
					<_6>0,0</_6>
					<_7>0,0</_7>
					<_8>12,0</_8>
					<_9>0,0</_9>
					<_10>0,0</_10>
					<_11>0,0</_11>
				</PedComps>
				<TattooLogoDecals />
				<DamagePacks />
				<RelationshipGroupAltered>false</RelationshipGroupAltered>
				<RelationshipGroup>0x6f0783f5</RelationshipGroup>
				<ScenarioActive>false</ScenarioActive>
				<AnimActive>true</AnimActive>
				<AnimDict>timetable@trevor@on_the_toilet</AnimDict>
				<AnimName>trevonlav_struggleloop</AnimName>
			</PedProperties>
			<OpacityLevel>255</OpacityLevel>
			<LodDistance>16960</LodDistance>
			<IsVisible>true</IsVisible>
			<MaxHealth>200</MaxHealth>
			<Health>200</Health>
			<HasGravity>true</HasGravity>
			<IsOnFire>false</IsOnFire>
			<IsInvincible>true</IsInvincible>
			<IsBulletProof>false</IsBulletProof>
			<IsCollisionProof>false</IsCollisionProof>
			<IsExplosionProof>true</IsExplosionProof>
			<IsFireProof>false</IsFireProof>
			<IsMeleeProof>true</IsMeleeProof>
			<IsOnlyDamagedByPlayer>false</IsOnlyDamagedByPlayer>
			<PositionRotation>
				<X>1330.2959</X>
				<Y>3146.17578</Y>
				<Z>41.9187202</Z>
				<Pitch>-0.311672598</Pitch>
				<Roll>0.027742805</Roll>
				<Yaw>-69.3978958</Yaw>
			</PositionRotation>
			<Attachment isAttached="true">
				<AttachedTo>63791</AttachedTo>
				<BoneIndex>4</BoneIndex>
				<X>0.111551195</X>
				<Y>-7.54078817</Y>
				<Z>0.758453012</Z>
				<Pitch>-0.149668798</Pitch>
				<Roll>-0.316270739</Roll>
				<Yaw>-173.270874</Yaw>
			</Attachment>
		</Attachment>
		<Attachment>
			<ModelHash>0xa76744d8</ModelHash>
			<Type>3</Type>
			<Dynamic>false</Dynamic>
			<FrozenPos>true</FrozenPos>
			<HashName>prop_snow_streetlight01</HashName>
			<InitialHandle>268881</InitialHandle>
			<ObjectProperties>
				<TextureVariation>0</TextureVariation>
			</ObjectProperties>
			<OpacityLevel>255</OpacityLevel>
			<LodDistance>16960</LodDistance>
			<IsVisible>true</IsVisible>
			<MaxHealth>1000</MaxHealth>
			<Health>1000</Health>
			<HasGravity>true</HasGravity>
			<IsOnFire>false</IsOnFire>
			<IsInvincible>false</IsInvincible>
			<IsBulletProof>false</IsBulletProof>
			<IsCollisionProof>false</IsCollisionProof>
			<IsExplosionProof>false</IsExplosionProof>
			<IsFireProof>false</IsFireProof>
			<IsMeleeProof>false</IsMeleeProof>
			<IsOnlyDamagedByPlayer>false</IsOnlyDamagedByPlayer>
			<PositionRotation>
				<X>1326.99194</X>
				<Y>3145.25513</Y>
				<Z>34.2337303</Z>
				<Pitch>-0.0131499711</Pitch>
				<Roll>0.00273057027</Roll>
				<Yaw>103.167297</Yaw>
			</PositionRotation>
			<Attachment isAttached="true">
				<AttachedTo>63791</AttachedTo>
				<BoneIndex>4</BoneIndex>
				<X>-0.00735726953</X>
				<Y>-4.15506077</Y>
				<Z>-6.94518805</Z>
				<Pitch>-0.325331599</Pitch>
				<Roll>-0.0101313079</Roll>
				<Yaw>-0.389335632</Yaw>
			</Attachment>
		</Attachment>
	</SpoonerAttachments>
</Vehicle>
