<?xml version="1.0" encoding="ISO-8859-1"?>
<Vehicle menyoo_ver="0.999871b">
	<ModelHash>0x50b0215a</ModelHash>
	<InitialHandle>115536</InitialHandle>
	<VehicleProperties>
		<Colours>
			<Primary>12</Primary>
			<Secondary>12</Secondary>
			<Pearl>0</Pearl>
			<Rim>156</Rim>
			<Mod1_a>0</Mod1_a>
			<Mod1_b>0</Mod1_b>
			<Mod1_c>0</Mod1_c>
			<Mod2_a>0</Mod2_a>
			<Mod2_b>0</Mod2_b>
			<IsPrimaryColourCustom>false</IsPrimaryColourCustom>
			<IsSecondaryColourCustom>false</IsSecondaryColourCustom>
			<tyreSmoke_R>255</tyreSmoke_R>
			<tyreSmoke_G>255</tyreSmoke_G>
			<tyreSmoke_B>255</tyreSmoke_B>
			<LrInterior>0</LrInterior>
			<LrDashboard>0</LrDashboard>
		</Colours>
		<Livery>-1</Livery>
		<NumberPlateText>FLATBED </NumberPlateText>
		<NumberPlateIndex>1</NumberPlateIndex>
		<WheelType>0</WheelType>
		<WheelsInvisible>false</WheelsInvisible>
		<EngineSoundName></EngineSoundName>
		<WindowTint>1</WindowTint>
		<BulletProofTyres>true</BulletProofTyres>
		<DirtLevel>0.0142786223</DirtLevel>
		<PaintFade>0.298039228</PaintFade>
		<RoofState>0</RoofState>
		<SirenActive>false</SirenActive>
		<EngineOn>true</EngineOn>
		<EngineHealth>1250</EngineHealth>
		<LightsOn>false</LightsOn>
		<IsRadioLoud>0</IsRadioLoud>
		<Neons>
			<Left>false</Left>
			<Right>false</Right>
			<Front>false</Front>
			<Back>false</Back>
			<R>255</R>
			<G>0</G>
			<B>255</B>
		</Neons>
		<ModExtras />
		<Mods>
			<_0>-1,0</_0>
			<_1>-1,0</_1>
			<_2>-1,0</_2>
			<_3>-1,0</_3>
			<_4>-1,0</_4>
			<_5>-1,0</_5>
			<_6>-1,0</_6>
			<_7>-1,0</_7>
			<_8>-1,0</_8>
			<_9>-1,0</_9>
			<_10>-1,0</_10>
			<_11>-1,0</_11>
			<_12>-1,0</_12>
			<_13>-1,0</_13>
			<_14>-1,0</_14>
			<_15>-1,0</_15>
			<_16>-1,0</_16>
			<_17>false</_17>
			<_18>true</_18>
			<_19>false</_19>
			<_20>true</_20>
			<_21>false</_21>
			<_22>true</_22>
			<_23>-1,0</_23>
			<_24>-1,0</_24>
			<_25>-1,0</_25>
			<_26>-1,0</_26>
			<_27>-1,0</_27>
			<_28>-1,0</_28>
			<_29>-1,0</_29>
			<_30>-1,0</_30>
			<_31>-1,0</_31>
			<_32>-1,0</_32>
			<_33>-1,0</_33>
			<_34>-1,0</_34>
			<_35>-1,0</_35>
			<_36>-1,0</_36>
			<_37>-1,0</_37>
			<_38>-1,0</_38>
			<_39>-1,0</_39>
			<_40>-1,0</_40>
			<_41>-1,0</_41>
			<_42>-1,0</_42>
			<_43>-1,0</_43>
			<_44>-1,0</_44>
			<_45>-1,0</_45>
			<_46>-1,0</_46>
			<_47>-1,0</_47>
			<_48>-1,0</_48>
		</Mods>
		<DoorsOpen>
			<BackLeftDoor>false</BackLeftDoor>
			<BackRightDoor>false</BackRightDoor>
			<FrontLeftDoor>false</FrontLeftDoor>
			<FrontRightDoor>false</FrontRightDoor>
			<Hood>false</Hood>
			<Trunk>false</Trunk>
			<Trunk2>false</Trunk2>
		</DoorsOpen>
		<DoorsBroken>
			<BackLeftDoor>false</BackLeftDoor>
			<BackRightDoor>false</BackRightDoor>
			<FrontLeftDoor>false</FrontLeftDoor>
			<FrontRightDoor>false</FrontRightDoor>
			<Hood>false</Hood>
			<Trunk>false</Trunk>
			<Trunk2>false</Trunk2>
		</DoorsBroken>
		<TyresBursted>
			<FrontLeft>false</FrontLeft>
			<FrontRight>false</FrontRight>
			<_2>false</_2>
			<_3>false</_3>
			<BackLeft>false</BackLeft>
			<BackRight>false</BackRight>
			<_6>false</_6>
			<_7>false</_7>
			<_8>false</_8>
		</TyresBursted>
		<RpmMultiplier>1</RpmMultiplier>
		<TorqueMultiplier>1</TorqueMultiplier>
		<HeadlightIntensity>1</HeadlightIntensity>
	</VehicleProperties>
	<OpacityLevel>255</OpacityLevel>
	<LodDistance>16960</LodDistance>
	<IsVisible>true</IsVisible>
	<IsDriverVisible>true</IsDriverVisible>
	<MaxHealth>1000</MaxHealth>
	<Health>1000</Health>
	<HasGravity>true</HasGravity>
	<IsOnFire>false</IsOnFire>
	<IsInvincible>false</IsInvincible>
	<IsBulletProof>false</IsBulletProof>
	<IsExplosionProof>false</IsExplosionProof>
	<IsFireProof>false</IsFireProof>
	<IsMeleeProof>false</IsMeleeProof>
	<IsOnlyDamagedByPlayer>false</IsOnlyDamagedByPlayer>
	<SpoonerAttachments SetAttachmentsPersistentAndAddToSpoonerDatabase="false" StartTaskSequencesOnLoad="true">
		<Attachment>
			<ModelHash>0xbb2e52c5</ModelHash>
			<Type>3</Type>
			<Dynamic>false</Dynamic>
			<FrozenPos>true</FrozenPos>
			<HashName>v_ilev_fh_slidingdoor</HashName>
			<InitialHandle>721175</InitialHandle>
			<ObjectProperties>
				<TextureVariation>0</TextureVariation>
			</ObjectProperties>
			<OpacityLevel>255</OpacityLevel>
			<LodDistance>16960</LodDistance>
			<IsVisible>true</IsVisible>
			<MaxHealth>1000</MaxHealth>
			<Health>1000</Health>
			<HasGravity>true</HasGravity>
			<IsOnFire>false</IsOnFire>
			<IsInvincible>true</IsInvincible>
			<IsBulletProof>false</IsBulletProof>
			<IsCollisionProof>false</IsCollisionProof>
			<IsExplosionProof>true</IsExplosionProof>
			<IsFireProof>true</IsFireProof>
			<IsMeleeProof>true</IsMeleeProof>
			<IsOnlyDamagedByPlayer>false</IsOnlyDamagedByPlayer>
			<PositionRotation>
				<X>-1804.25317</X>
				<Y>-814.264893</Y>
				<Z>8.05167866</Z>
				<Pitch>-0.14336282</Pitch>
				<Roll>-3.15616226</Roll>
				<Yaw>33.8217087</Yaw>
			</PositionRotation>
			<Attachment isAttached="true">
				<AttachedTo>115536</AttachedTo>
				<BoneIndex>0</BoneIndex>
				<X>-1.30000019</X>
				<Y>-1.00000012</Y>
				<Z>0.400000036</Z>
				<Pitch>0</Pitch>
				<Roll>0</Roll>
				<Yaw>450</Yaw>
			</Attachment>
		</Attachment>
		<Attachment>
			<ModelHash>0xbb2e52c5</ModelHash>
			<Type>3</Type>
			<Dynamic>false</Dynamic>
			<FrozenPos>true</FrozenPos>
			<HashName>v_ilev_fh_slidingdoor</HashName>
			<InitialHandle>349720</InitialHandle>
			<ObjectProperties>
				<TextureVariation>0</TextureVariation>
			</ObjectProperties>
			<OpacityLevel>255</OpacityLevel>
			<LodDistance>16960</LodDistance>
			<IsVisible>true</IsVisible>
			<MaxHealth>1000</MaxHealth>
			<Health>1000</Health>
			<HasGravity>true</HasGravity>
			<IsOnFire>false</IsOnFire>
			<IsInvincible>true</IsInvincible>
			<IsBulletProof>false</IsBulletProof>
			<IsCollisionProof>false</IsCollisionProof>
			<IsExplosionProof>true</IsExplosionProof>
			<IsFireProof>true</IsFireProof>
			<IsMeleeProof>true</IsMeleeProof>
			<IsOnlyDamagedByPlayer>false</IsOnlyDamagedByPlayer>
			<PositionRotation>
				<X>-1806.65857</X>
				<Y>-815.876953</Y>
				<Z>7.89201212</Z>
				<Pitch>-0.14336282</Pitch>
				<Roll>-3.15616226</Roll>
				<Yaw>33.8217087</Yaw>
			</PositionRotation>
			<Attachment isAttached="true">
				<AttachedTo>115536</AttachedTo>
				<BoneIndex>0</BoneIndex>
				<X>-1.30000019</X>
				<Y>-3.89999866</Y>
				<Z>0.400000036</Z>
				<Pitch>0</Pitch>
				<Roll>0</Roll>
				<Yaw>450</Yaw>
			</Attachment>
		</Attachment>
		<Attachment>
			<ModelHash>0xbb2e52c5</ModelHash>
			<Type>3</Type>
			<Dynamic>false</Dynamic>
			<FrozenPos>true</FrozenPos>
			<HashName>v_ilev_fh_slidingdoor</HashName>
			<InitialHandle>496665</InitialHandle>
			<ObjectProperties>
				<TextureVariation>0</TextureVariation>
			</ObjectProperties>
			<OpacityLevel>255</OpacityLevel>
			<LodDistance>16960</LodDistance>
			<IsVisible>true</IsVisible>
			<MaxHealth>1000</MaxHealth>
			<Health>1000</Health>
			<HasGravity>true</HasGravity>
			<IsOnFire>false</IsOnFire>
			<IsInvincible>true</IsInvincible>
			<IsBulletProof>false</IsBulletProof>
			<IsCollisionProof>false</IsCollisionProof>
			<IsExplosionProof>true</IsExplosionProof>
			<IsFireProof>true</IsFireProof>
			<IsMeleeProof>true</IsMeleeProof>
			<IsOnlyDamagedByPlayer>false</IsOnlyDamagedByPlayer>
			<PositionRotation>
				<X>-1805.2113</X>
				<Y>-818.036926</Y>
				<Z>7.89851761</Z>
				<Pitch>-0.14336282</Pitch>
				<Roll>-3.15616226</Roll>
				<Yaw>33.8217087</Yaw>
			</PositionRotation>
			<Attachment isAttached="true">
				<AttachedTo>115536</AttachedTo>
				<BoneIndex>0</BoneIndex>
				<X>1.30000031</X>
				<Y>-3.89999866</Y>
				<Z>0.400000036</Z>
				<Pitch>0</Pitch>
				<Roll>0</Roll>
				<Yaw>450</Yaw>
			</Attachment>
		</Attachment>
		<Attachment>
			<ModelHash>0xbb2e52c5</ModelHash>
			<Type>3</Type>
			<Dynamic>false</Dynamic>
			<FrozenPos>true</FrozenPos>
			<HashName>v_ilev_fh_slidingdoor</HashName>
			<InitialHandle>793</InitialHandle>
			<ObjectProperties>
				<TextureVariation>0</TextureVariation>
			</ObjectProperties>
			<OpacityLevel>255</OpacityLevel>
			<LodDistance>16960</LodDistance>
			<IsVisible>true</IsVisible>
			<MaxHealth>1000</MaxHealth>
			<Health>1000</Health>
			<HasGravity>true</HasGravity>
			<IsOnFire>false</IsOnFire>
			<IsInvincible>true</IsInvincible>
			<IsBulletProof>false</IsBulletProof>
			<IsCollisionProof>false</IsCollisionProof>
			<IsExplosionProof>true</IsExplosionProof>
			<IsFireProof>true</IsFireProof>
			<IsMeleeProof>true</IsMeleeProof>
			<IsOnlyDamagedByPlayer>false</IsOnlyDamagedByPlayer>
			<PositionRotation>
				<X>-1802.80603</X>
				<Y>-816.424927</Y>
				<Z>8.05818367</Z>
				<Pitch>-0.14336282</Pitch>
				<Roll>-3.15616226</Roll>
				<Yaw>33.8217087</Yaw>
			</PositionRotation>
			<Attachment isAttached="true">
				<AttachedTo>115536</AttachedTo>
				<BoneIndex>0</BoneIndex>
				<X>1.30000031</X>
				<Y>-1.00000024</Y>
				<Z>0.400000036</Z>
				<Pitch>0</Pitch>
				<Roll>0</Roll>
				<Yaw>450</Yaw>
			</Attachment>
		</Attachment>
		<Attachment>
			<ModelHash>0xbb2e52c5</ModelHash>
			<Type>3</Type>
			<Dynamic>false</Dynamic>
			<FrozenPos>true</FrozenPos>
			<HashName>v_ilev_fh_slidingdoor</HashName>
			<InitialHandle>577049</InitialHandle>
			<ObjectProperties>
				<TextureVariation>0</TextureVariation>
			</ObjectProperties>
			<OpacityLevel>255</OpacityLevel>
			<LodDistance>16960</LodDistance>
			<IsVisible>true</IsVisible>
			<MaxHealth>1000</MaxHealth>
			<Health>1000</Health>
			<HasGravity>true</HasGravity>
			<IsOnFire>false</IsOnFire>
			<IsInvincible>true</IsInvincible>
			<IsBulletProof>false</IsBulletProof>
			<IsCollisionProof>false</IsCollisionProof>
			<IsExplosionProof>true</IsExplosionProof>
			<IsFireProof>true</IsFireProof>
			<IsMeleeProof>true</IsMeleeProof>
			<IsOnlyDamagedByPlayer>false</IsOnlyDamagedByPlayer>
			<PositionRotation>
				<X>-1804.33533</X>
				<Y>-814.070435</Y>
				<Z>10.9577808</Z>
				<Pitch>86.8407288</Pitch>
				<Roll>-87.3979034</Roll>
				<Yaw>121.223557</Yaw>
			</PositionRotation>
			<Attachment isAttached="true">
				<AttachedTo>115536</AttachedTo>
				<BoneIndex>0</BoneIndex>
				<X>-1.50000024</X>
				<Y>-0.800000072</Y>
				<Z>3.299999</Z>
				<Pitch>90.0000076</Pitch>
				<Roll>0</Roll>
				<Yaw>450</Yaw>
			</Attachment>
		</Attachment>
		<Attachment>
			<ModelHash>0xbb2e52c5</ModelHash>
			<Type>3</Type>
			<Dynamic>false</Dynamic>
			<FrozenPos>true</FrozenPos>
			<HashName>v_ilev_fh_slidingdoor</HashName>
			<InitialHandle>491871</InitialHandle>
			<ObjectProperties>
				<TextureVariation>0</TextureVariation>
			</ObjectProperties>
			<OpacityLevel>255</OpacityLevel>
			<LodDistance>16960</LodDistance>
			<IsVisible>true</IsVisible>
			<MaxHealth>1000</MaxHealth>
			<Health>1000</Health>
			<HasGravity>true</HasGravity>
			<IsOnFire>false</IsOnFire>
			<IsInvincible>true</IsInvincible>
			<IsBulletProof>false</IsBulletProof>
			<IsCollisionProof>false</IsCollisionProof>
			<IsExplosionProof>true</IsExplosionProof>
			<IsFireProof>true</IsFireProof>
			<IsMeleeProof>true</IsMeleeProof>
			<IsOnlyDamagedByPlayer>false</IsOnlyDamagedByPlayer>
			<PositionRotation>
				<X>-1806.82361</X>
				<Y>-815.738037</Y>
				<Z>10.7926083</Z>
				<Pitch>86.8407288</Pitch>
				<Roll>-87.3979034</Roll>
				<Yaw>121.223557</Yaw>
			</PositionRotation>
			<Attachment isAttached="true">
				<AttachedTo>115536</AttachedTo>
				<BoneIndex>0</BoneIndex>
				<X>-1.50000024</X>
				<Y>-3.79999852</Y>
				<Z>3.299999</Z>
				<Pitch>90.0000076</Pitch>
				<Roll>0</Roll>
				<Yaw>450</Yaw>
			</Attachment>
		</Attachment>
		<Attachment>
			<ModelHash>0x7f0e43ad</ModelHash>
			<Type>3</Type>
			<Dynamic>false</Dynamic>
			<FrozenPos>true</FrozenPos>
			<HashName>prop_couch_lg_08</HashName>
			<InitialHandle>743960</InitialHandle>
			<ObjectProperties>
				<TextureVariation>0</TextureVariation>
			</ObjectProperties>
			<OpacityLevel>255</OpacityLevel>
			<LodDistance>16960</LodDistance>
			<IsVisible>true</IsVisible>
			<MaxHealth>1000</MaxHealth>
			<Health>1000</Health>
			<HasGravity>true</HasGravity>
			<IsOnFire>false</IsOnFire>
			<IsInvincible>false</IsInvincible>
			<IsBulletProof>false</IsBulletProof>
			<IsCollisionProof>false</IsCollisionProof>
			<IsExplosionProof>false</IsExplosionProof>
			<IsFireProof>false</IsFireProof>
			<IsMeleeProof>false</IsMeleeProof>
			<IsOnlyDamagedByPlayer>false</IsOnlyDamagedByPlayer>
			<PositionRotation>
				<X>-1801.84009</X>
				<Y>-815.17572</Y>
				<Z>8.13951874</Z>
				<Pitch>0.143363997</Pitch>
				<Roll>3.15616226</Roll>
				<Yaw>-146.178268</Yaw>
			</PositionRotation>
			<Attachment isAttached="true">
				<AttachedTo>115536</AttachedTo>
				<BoneIndex>0</BoneIndex>
				<X>0.800000131</X>
				<Y>0.50000006</Y>
				<Z>0.400000036</Z>
				<Pitch>0</Pitch>
				<Roll>0</Roll>
				<Yaw>270</Yaw>
			</Attachment>
		</Attachment>
		<Attachment>
			<ModelHash>0x879f5bb3</ModelHash>
			<Type>3</Type>
			<Dynamic>false</Dynamic>
			<FrozenPos>true</FrozenPos>
			<HashName>v_res_tre_table2</HashName>
			<InitialHandle>601884</InitialHandle>
			<ObjectProperties>
				<TextureVariation>0</TextureVariation>
			</ObjectProperties>
			<OpacityLevel>255</OpacityLevel>
			<LodDistance>16960</LodDistance>
			<IsVisible>true</IsVisible>
			<MaxHealth>1000</MaxHealth>
			<Health>1000</Health>
			<HasGravity>true</HasGravity>
			<IsOnFire>false</IsOnFire>
			<IsInvincible>false</IsInvincible>
			<IsBulletProof>false</IsBulletProof>
			<IsCollisionProof>false</IsCollisionProof>
			<IsExplosionProof>false</IsExplosionProof>
			<IsFireProof>false</IsFireProof>
			<IsMeleeProof>false</IsMeleeProof>
			<IsOnlyDamagedByPlayer>false</IsOnlyDamagedByPlayer>
			<PositionRotation>
				<X>-1803.3717</X>
				<Y>-814.155334</Y>
				<Z>8.19657326</Z>
				<Pitch>-0.143363565</Pitch>
				<Roll>-3.15616226</Roll>
				<Yaw>33.8217239</Yaw>
			</PositionRotation>
			<Attachment isAttached="true">
				<AttachedTo>115536</AttachedTo>
				<BoneIndex>0</BoneIndex>
				<X>-0.900000155</X>
				<Y>-0.200000033</Y>
				<Z>0.50000006</Z>
				<Pitch>0</Pitch>
				<Roll>0</Roll>
				<Yaw>90.0000076</Yaw>
			</Attachment>
		</Attachment>
		<Attachment>
			<ModelHash>0xb7dd5fd1</ModelHash>
			<Type>3</Type>
			<Dynamic>false</Dynamic>
			<FrozenPos>true</FrozenPos>
			<HashName>p_rcss_folded</HashName>
			<InitialHandle>392477</InitialHandle>
			<ObjectProperties>
				<TextureVariation>0</TextureVariation>
			</ObjectProperties>
			<OpacityLevel>255</OpacityLevel>
			<LodDistance>16960</LodDistance>
			<IsVisible>true</IsVisible>
			<MaxHealth>1000</MaxHealth>
			<Health>1000</Health>
			<HasGravity>true</HasGravity>
			<IsOnFire>false</IsOnFire>
			<IsInvincible>false</IsInvincible>
			<IsBulletProof>false</IsBulletProof>
			<IsCollisionProof>false</IsCollisionProof>
			<IsExplosionProof>false</IsExplosionProof>
			<IsFireProof>false</IsFireProof>
			<IsMeleeProof>false</IsMeleeProof>
			<IsOnlyDamagedByPlayer>false</IsOnlyDamagedByPlayer>
			<PositionRotation>
				<X>-1801.28259</X>
				<Y>-813.834167</Y>
				<Z>9.80666065</Z>
				<Pitch>-3.15615201</Pitch>
				<Roll>0.143582553</Roll>
				<Yaw>123.829643</Yaw>
			</PositionRotation>
			<Attachment isAttached="true">
				<AttachedTo>115536</AttachedTo>
				<BoneIndex>54</BoneIndex>
				<X>0</X>
				<Y>1.80000019</Y>
				<Z>2.00000024</Z>
				<Pitch>0</Pitch>
				<Roll>0</Roll>
				<Yaw>180.000015</Yaw>
			</Attachment>
		</Attachment>
		<Attachment>
			<ModelHash>0x08644ae1</ModelHash>
			<Type>3</Type>
			<Dynamic>false</Dynamic>
			<FrozenPos>true</FrozenPos>
			<HashName>prop_runlight_g</HashName>
			<InitialHandle>231712</InitialHandle>
			<ObjectProperties>
				<TextureVariation>0</TextureVariation>
			</ObjectProperties>
			<OpacityLevel>255</OpacityLevel>
			<LodDistance>16960</LodDistance>
			<IsVisible>true</IsVisible>
			<MaxHealth>1000</MaxHealth>
			<Health>1000</Health>
			<HasGravity>true</HasGravity>
			<IsOnFire>false</IsOnFire>
			<IsInvincible>false</IsInvincible>
			<IsBulletProof>false</IsBulletProof>
			<IsCollisionProof>false</IsCollisionProof>
			<IsExplosionProof>false</IsExplosionProof>
			<IsFireProof>false</IsFireProof>
			<IsMeleeProof>false</IsMeleeProof>
			<IsOnlyDamagedByPlayer>false</IsOnlyDamagedByPlayer>
			<PositionRotation>
				<X>-1802.70007</X>
				<Y>-814.789001</Y>
				<Z>8.10998821</Z>
				<Pitch>3.15615225</Pitch>
				<Roll>-0.143581361</Roll>
				<Yaw>-56.1703682</Yaw>
			</PositionRotation>
			<Attachment isAttached="true">
				<AttachedTo>115536</AttachedTo>
				<BoneIndex>0</BoneIndex>
				<X>0</X>
				<Y>0</Y>
				<Z>0.400000036</Z>
				<Pitch>0</Pitch>
				<Roll>0</Roll>
				<Yaw>0</Yaw>
			</Attachment>
		</Attachment>
		<Attachment>
			<ModelHash>0x08644ae1</ModelHash>
			<Type>3</Type>
			<Dynamic>false</Dynamic>
			<FrozenPos>true</FrozenPos>
			<HashName>prop_runlight_g</HashName>
			<InitialHandle>779808</InitialHandle>
			<ObjectProperties>
				<TextureVariation>0</TextureVariation>
			</ObjectProperties>
			<OpacityLevel>255</OpacityLevel>
			<LodDistance>16960</LodDistance>
			<IsVisible>true</IsVisible>
			<MaxHealth>1000</MaxHealth>
			<Health>1000</Health>
			<HasGravity>true</HasGravity>
			<IsOnFire>false</IsOnFire>
			<IsInvincible>false</IsInvincible>
			<IsBulletProof>false</IsBulletProof>
			<IsCollisionProof>false</IsCollisionProof>
			<IsExplosionProof>false</IsExplosionProof>
			<IsFireProof>false</IsFireProof>
			<IsMeleeProof>false</IsMeleeProof>
			<IsOnlyDamagedByPlayer>false</IsOnlyDamagedByPlayer>
			<PositionRotation>
				<X>-1803.86133</X>
				<Y>-815.567261</Y>
				<Z>8.03290844</Z>
				<Pitch>3.15615225</Pitch>
				<Roll>-0.143581361</Roll>
				<Yaw>-56.1703682</Yaw>
			</PositionRotation>
			<Attachment isAttached="true">
				<AttachedTo>115536</AttachedTo>
				<BoneIndex>0</BoneIndex>
				<X>0</X>
				<Y>-1.40000021</Y>
				<Z>0.400000036</Z>
				<Pitch>0</Pitch>
				<Roll>0</Roll>
				<Yaw>0</Yaw>
			</Attachment>
		</Attachment>
		<Attachment>
			<ModelHash>0x08644ae1</ModelHash>
			<Type>3</Type>
			<Dynamic>false</Dynamic>
			<FrozenPos>true</FrozenPos>
			<HashName>prop_runlight_g</HashName>
			<InitialHandle>12833</InitialHandle>
			<ObjectProperties>
				<TextureVariation>0</TextureVariation>
			</ObjectProperties>
			<OpacityLevel>255</OpacityLevel>
			<LodDistance>16960</LodDistance>
			<IsVisible>true</IsVisible>
			<MaxHealth>1000</MaxHealth>
			<Health>1000</Health>
			<HasGravity>true</HasGravity>
			<IsOnFire>false</IsOnFire>
			<IsInvincible>false</IsInvincible>
			<IsBulletProof>false</IsBulletProof>
			<IsCollisionProof>false</IsCollisionProof>
			<IsExplosionProof>false</IsExplosionProof>
			<IsFireProof>false</IsFireProof>
			<IsMeleeProof>false</IsMeleeProof>
			<IsOnlyDamagedByPlayer>false</IsOnlyDamagedByPlayer>
			<PositionRotation>
				<X>-1805.35437</X>
				<Y>-816.56781</Y>
				<Z>7.93380499</Z>
				<Pitch>3.15615225</Pitch>
				<Roll>-0.143581361</Roll>
				<Yaw>-56.1703682</Yaw>
			</PositionRotation>
			<Attachment isAttached="true">
				<AttachedTo>115536</AttachedTo>
				<BoneIndex>0</BoneIndex>
				<X>0</X>
				<Y>-3.19999909</Y>
				<Z>0.400000036</Z>
				<Pitch>0</Pitch>
				<Roll>0</Roll>
				<Yaw>0</Yaw>
			</Attachment>
		</Attachment>
		<Attachment>
			<ModelHash>0x08644ae1</ModelHash>
			<Type>3</Type>
			<Dynamic>false</Dynamic>
			<FrozenPos>true</FrozenPos>
			<HashName>prop_runlight_g</HashName>
			<InitialHandle>622104</InitialHandle>
			<ObjectProperties>
				<TextureVariation>0</TextureVariation>
			</ObjectProperties>
			<OpacityLevel>255</OpacityLevel>
			<LodDistance>16960</LodDistance>
			<IsVisible>true</IsVisible>
			<MaxHealth>1000</MaxHealth>
			<Health>1000</Health>
			<HasGravity>true</HasGravity>
			<IsOnFire>false</IsOnFire>
			<IsInvincible>false</IsInvincible>
			<IsBulletProof>false</IsBulletProof>
			<IsCollisionProof>false</IsCollisionProof>
			<IsExplosionProof>false</IsExplosionProof>
			<IsFireProof>false</IsFireProof>
			<IsMeleeProof>false</IsMeleeProof>
			<IsOnlyDamagedByPlayer>false</IsOnlyDamagedByPlayer>
			<PositionRotation>
				<X>-1806.84729</X>
				<Y>-817.56842</Y>
				<Z>7.83470154</Z>
				<Pitch>3.15615225</Pitch>
				<Roll>-0.143581361</Roll>
				<Yaw>-56.1703682</Yaw>
			</PositionRotation>
			<Attachment isAttached="true">
				<AttachedTo>115536</AttachedTo>
				<BoneIndex>0</BoneIndex>
				<X>0</X>
				<Y>-4.99999762</Y>
				<Z>0.400000036</Z>
				<Pitch>0</Pitch>
				<Roll>0</Roll>
				<Yaw>0</Yaw>
			</Attachment>
		</Attachment>
		<Attachment>
			<ModelHash>0x050c39c7</ModelHash>
			<Type>3</Type>
			<Dynamic>false</Dynamic>
			<FrozenPos>true</FrozenPos>
			<HashName>prop_cs_truck_ladder</HashName>
			<InitialHandle>698398</InitialHandle>
			<ObjectProperties>
				<TextureVariation>0</TextureVariation>
			</ObjectProperties>
			<OpacityLevel>255</OpacityLevel>
			<LodDistance>16960</LodDistance>
			<IsVisible>true</IsVisible>
			<MaxHealth>1000</MaxHealth>
			<Health>1000</Health>
			<HasGravity>true</HasGravity>
			<IsOnFire>false</IsOnFire>
			<IsInvincible>false</IsInvincible>
			<IsBulletProof>false</IsBulletProof>
			<IsCollisionProof>true</IsCollisionProof>
			<IsExplosionProof>false</IsExplosionProof>
			<IsFireProof>false</IsFireProof>
			<IsMeleeProof>false</IsMeleeProof>
			<IsOnlyDamagedByPlayer>false</IsOnlyDamagedByPlayer>
			<PositionRotation>
				<X>-1807.12964</X>
				<Y>-818.721924</Y>
				<Z>7.38775969</Z>
				<Pitch>3.15615225</Pitch>
				<Roll>-0.143581361</Roll>
				<Yaw>-56.1703682</Yaw>
			</PositionRotation>
			<Attachment isAttached="true">
				<AttachedTo>115536</AttachedTo>
				<BoneIndex>0</BoneIndex>
				<X>0.800000191</X>
				<Y>-5.89999676</Y>
				<Z>0</Z>
				<Pitch>0</Pitch>
				<Roll>0</Roll>
				<Yaw>0</Yaw>
			</Attachment>
		</Attachment>
		<Attachment>
			<ModelHash>0xbe4c9620</ModelHash>
			<Type>3</Type>
			<Dynamic>false</Dynamic>
			<FrozenPos>true</FrozenPos>
			<HashName>prop_bar_beerfridge_01</HashName>
			<InitialHandle>487202</InitialHandle>
			<ObjectProperties>
				<TextureVariation>0</TextureVariation>
			</ObjectProperties>
			<OpacityLevel>255</OpacityLevel>
			<LodDistance>16960</LodDistance>
			<IsVisible>true</IsVisible>
			<MaxHealth>1000</MaxHealth>
			<Health>1000</Health>
			<HasGravity>true</HasGravity>
			<IsOnFire>false</IsOnFire>
			<IsInvincible>false</IsInvincible>
			<IsBulletProof>false</IsBulletProof>
			<IsCollisionProof>false</IsCollisionProof>
			<IsExplosionProof>false</IsExplosionProof>
			<IsFireProof>false</IsFireProof>
			<IsMeleeProof>false</IsMeleeProof>
			<IsOnlyDamagedByPlayer>false</IsOnlyDamagedByPlayer>
			<PositionRotation>
				<X>-1805.9939</X>
				<Y>-815.792664</Y>
				<Z>7.92579699</Z>
				<Pitch>-0.143363565</Pitch>
				<Roll>-3.15616226</Roll>
				<Yaw>33.8217239</Yaw>
			</PositionRotation>
			<Attachment isAttached="true">
				<AttachedTo>115536</AttachedTo>
				<BoneIndex>0</BoneIndex>
				<X>-1.00000012</X>
				<Y>-3.299999</Y>
				<Z>0.400000036</Z>
				<Pitch>0</Pitch>
				<Roll>0</Roll>
				<Yaw>90.0000076</Yaw>
			</Attachment>
		</Attachment>
		<Attachment>
			<ModelHash>0xc41f32bf</ModelHash>
			<Type>3</Type>
			<Dynamic>false</Dynamic>
			<FrozenPos>true</FrozenPos>
			<HashName>prop_game_clock_01</HashName>
			<InitialHandle>596250</InitialHandle>
			<ObjectProperties>
				<TextureVariation>0</TextureVariation>
			</ObjectProperties>
			<OpacityLevel>255</OpacityLevel>
			<LodDistance>16960</LodDistance>
			<IsVisible>true</IsVisible>
			<MaxHealth>1000</MaxHealth>
			<Health>1000</Health>
			<HasGravity>true</HasGravity>
			<IsOnFire>false</IsOnFire>
			<IsInvincible>false</IsInvincible>
			<IsBulletProof>false</IsBulletProof>
			<IsCollisionProof>false</IsCollisionProof>
			<IsExplosionProof>false</IsExplosionProof>
			<IsFireProof>false</IsFireProof>
			<IsMeleeProof>false</IsMeleeProof>
			<IsOnlyDamagedByPlayer>false</IsOnlyDamagedByPlayer>
			<PositionRotation>
				<X>-1801.89539</X>
				<Y>-814.247559</Y>
				<Z>8.86453247</Z>
				<Pitch>3.15615225</Pitch>
				<Roll>-0.143581361</Roll>
				<Yaw>-56.1703682</Yaw>
			</PositionRotation>
			<Attachment isAttached="true">
				<AttachedTo>115536</AttachedTo>
				<BoneIndex>0</BoneIndex>
				<X>0</X>
				<Y>1.01000011</Y>
				<Z>1.10000014</Z>
				<Pitch>0</Pitch>
				<Roll>0</Roll>
				<Yaw>0</Yaw>
			</Attachment>
		</Attachment>
		<Attachment>
			<ModelHash>0x9c0759ec</ModelHash>
			<Type>3</Type>
			<Dynamic>false</Dynamic>
			<FrozenPos>true</FrozenPos>
			<HashName>ex_office_swag_guns02</HashName>
			<InitialHandle>761895</InitialHandle>
			<ObjectProperties>
				<TextureVariation>0</TextureVariation>
			</ObjectProperties>
			<OpacityLevel>255</OpacityLevel>
			<LodDistance>16960</LodDistance>
			<IsVisible>true</IsVisible>
			<MaxHealth>1000</MaxHealth>
			<Health>1000</Health>
			<HasGravity>true</HasGravity>
			<IsOnFire>false</IsOnFire>
			<IsInvincible>false</IsInvincible>
			<IsBulletProof>false</IsBulletProof>
			<IsCollisionProof>false</IsCollisionProof>
			<IsExplosionProof>false</IsExplosionProof>
			<IsFireProof>false</IsFireProof>
			<IsMeleeProof>false</IsMeleeProof>
			<IsOnlyDamagedByPlayer>false</IsOnlyDamagedByPlayer>
			<PositionRotation>
				<X>-1804.66821</X>
				<Y>-814.904114</Y>
				<Z>8.04384327</Z>
				<Pitch>3.15615225</Pitch>
				<Roll>-0.143581361</Roll>
				<Yaw>-56.1703682</Yaw>
			</PositionRotation>
			<Attachment isAttached="true">
				<AttachedTo>115536</AttachedTo>
				<BoneIndex>0</BoneIndex>
				<X>-1.00000012</X>
				<Y>-1.70000029</Y>
				<Z>0.429999948</Z>
				<Pitch>0</Pitch>
				<Roll>0</Roll>
				<Yaw>0</Yaw>
			</Attachment>
		</Attachment>
		<Attachment>
			<ModelHash>0x2edd9003</ModelHash>
			<Type>3</Type>
			<Dynamic>false</Dynamic>
			<FrozenPos>true</FrozenPos>
			<HashName>prop_jerrycan_01a</HashName>
			<InitialHandle>512286</InitialHandle>
			<ObjectProperties>
				<TextureVariation>0</TextureVariation>
			</ObjectProperties>
			<OpacityLevel>255</OpacityLevel>
			<LodDistance>16960</LodDistance>
			<IsVisible>true</IsVisible>
			<MaxHealth>1000</MaxHealth>
			<Health>1000</Health>
			<HasGravity>true</HasGravity>
			<IsOnFire>false</IsOnFire>
			<IsInvincible>false</IsInvincible>
			<IsBulletProof>false</IsBulletProof>
			<IsCollisionProof>false</IsCollisionProof>
			<IsExplosionProof>false</IsExplosionProof>
			<IsFireProof>false</IsFireProof>
			<IsMeleeProof>false</IsMeleeProof>
			<IsOnlyDamagedByPlayer>false</IsOnlyDamagedByPlayer>
			<PositionRotation>
				<X>-1801.87073</X>
				<Y>-814.233154</Y>
				<Z>8.16504574</Z>
				<Pitch>3.15615225</Pitch>
				<Roll>-0.143581361</Roll>
				<Yaw>-56.1703682</Yaw>
			</PositionRotation>
			<Attachment isAttached="true">
				<AttachedTo>115536</AttachedTo>
				<BoneIndex>0</BoneIndex>
				<X>0</X>
				<Y>1.00000012</Y>
				<Z>0.400000036</Z>
				<Pitch>0</Pitch>
				<Roll>0</Roll>
				<Yaw>0</Yaw>
			</Attachment>
		</Attachment>
		<Attachment>
			<ModelHash>0xb7dd5fd1</ModelHash>
			<Type>3</Type>
			<Dynamic>false</Dynamic>
			<FrozenPos>true</FrozenPos>
			<HashName>p_rcss_folded</HashName>
			<InitialHandle>70441</InitialHandle>
			<ObjectProperties>
				<TextureVariation>0</TextureVariation>
			</ObjectProperties>
			<OpacityLevel>255</OpacityLevel>
			<LodDistance>16960</LodDistance>
			<IsVisible>true</IsVisible>
			<MaxHealth>1000</MaxHealth>
			<Health>1000</Health>
			<HasGravity>true</HasGravity>
			<IsOnFire>false</IsOnFire>
			<IsInvincible>false</IsInvincible>
			<IsBulletProof>false</IsBulletProof>
			<IsCollisionProof>false</IsCollisionProof>
			<IsExplosionProof>false</IsExplosionProof>
			<IsFireProof>false</IsFireProof>
			<IsMeleeProof>false</IsMeleeProof>
			<IsOnlyDamagedByPlayer>false</IsOnlyDamagedByPlayer>
			<PositionRotation>
				<X>-1807.37549</X>
				<Y>-816.959412</Y>
				<Z>7.82719421</Z>
				<Pitch>3.15615225</Pitch>
				<Roll>-0.143581361</Roll>
				<Yaw>-56.1703682</Yaw>
			</PositionRotation>
			<Attachment isAttached="true">
				<AttachedTo>115536</AttachedTo>
				<BoneIndex>0</BoneIndex>
				<X>-0.800000131</X>
				<Y>-5.09999752</Y>
				<Z>0.400000036</Z>
				<Pitch>0</Pitch>
				<Roll>0</Roll>
				<Yaw>0</Yaw>
			</Attachment>
		</Attachment>
		<Attachment>
			<ModelHash>0x0a22cea2</ModelHash>
			<Type>3</Type>
			<Dynamic>false</Dynamic>
			<FrozenPos>true</FrozenPos>
			<HashName>prop_cs_bowie_knife</HashName>
			<InitialHandle>284540</InitialHandle>
			<ObjectProperties>
				<TextureVariation>0</TextureVariation>
			</ObjectProperties>
			<OpacityLevel>255</OpacityLevel>
			<LodDistance>16960</LodDistance>
			<IsVisible>true</IsVisible>
			<MaxHealth>1000</MaxHealth>
			<Health>1000</Health>
			<HasGravity>true</HasGravity>
			<IsOnFire>false</IsOnFire>
			<IsInvincible>false</IsInvincible>
			<IsBulletProof>false</IsBulletProof>
			<IsCollisionProof>false</IsCollisionProof>
			<IsExplosionProof>false</IsExplosionProof>
			<IsFireProof>false</IsFireProof>
			<IsMeleeProof>false</IsMeleeProof>
			<IsOnlyDamagedByPlayer>false</IsOnlyDamagedByPlayer>
			<PositionRotation>
				<X>-1798.724</X>
				<Y>-813.329224</Y>
				<Z>7.93883419</Z>
				<Pitch>-0.143366978</Pitch>
				<Roll>86.8438263</Roll>
				<Yaw>33.8217239</Yaw>
			</PositionRotation>
			<Attachment isAttached="true">
				<AttachedTo>115536</AttachedTo>
				<BoneIndex>0</BoneIndex>
				<X>1.00000012</X>
				<Y>4.10000181</Y>
				<Z>0</Z>
				<Pitch>180</Pitch>
				<Roll>270</Roll>
				<Yaw>270</Yaw>
			</Attachment>
		</Attachment>
		<Attachment>
			<ModelHash>0x0a22cea2</ModelHash>
			<Type>3</Type>
			<Dynamic>false</Dynamic>
			<FrozenPos>true</FrozenPos>
			<HashName>prop_cs_bowie_knife</HashName>
			<InitialHandle>680198</InitialHandle>
			<ObjectProperties>
				<TextureVariation>0</TextureVariation>
			</ObjectProperties>
			<OpacityLevel>255</OpacityLevel>
			<LodDistance>16960</LodDistance>
			<IsVisible>true</IsVisible>
			<MaxHealth>1000</MaxHealth>
			<Health>1000</Health>
			<HasGravity>true</HasGravity>
			<IsOnFire>false</IsOnFire>
			<IsInvincible>false</IsInvincible>
			<IsBulletProof>false</IsBulletProof>
			<IsCollisionProof>false</IsCollisionProof>
			<IsExplosionProof>false</IsExplosionProof>
			<IsFireProof>false</IsFireProof>
			<IsMeleeProof>false</IsMeleeProof>
			<IsOnlyDamagedByPlayer>false</IsOnlyDamagedByPlayer>
			<PositionRotation>
				<X>-1798.86365</X>
				<Y>-812.941345</Y>
				<Z>7.94333887</Z>
				<Pitch>-0.143366978</Pitch>
				<Roll>86.8438263</Roll>
				<Yaw>33.8217239</Yaw>
			</PositionRotation>
			<Attachment isAttached="true">
				<AttachedTo>115536</AttachedTo>
				<BoneIndex>0</BoneIndex>
				<X>0.600000024</X>
				<Y>4.20000172</Y>
				<Z>0</Z>
				<Pitch>180</Pitch>
				<Roll>270</Roll>
				<Yaw>270</Yaw>
			</Attachment>
		</Attachment>
		<Attachment>
			<ModelHash>0x0a22cea2</ModelHash>
			<Type>3</Type>
			<Dynamic>false</Dynamic>
			<FrozenPos>true</FrozenPos>
			<HashName>prop_cs_bowie_knife</HashName>
			<InitialHandle>75311</InitialHandle>
			<ObjectProperties>
				<TextureVariation>0</TextureVariation>
			</ObjectProperties>
			<OpacityLevel>255</OpacityLevel>
			<LodDistance>16960</LodDistance>
			<IsVisible>true</IsVisible>
			<MaxHealth>1000</MaxHealth>
			<Health>1000</Health>
			<HasGravity>true</HasGravity>
			<IsOnFire>false</IsOnFire>
			<IsInvincible>false</IsInvincible>
			<IsBulletProof>false</IsBulletProof>
			<IsCollisionProof>false</IsCollisionProof>
			<IsExplosionProof>false</IsExplosionProof>
			<IsFireProof>false</IsFireProof>
			<IsMeleeProof>false</IsMeleeProof>
			<IsOnlyDamagedByPlayer>false</IsOnlyDamagedByPlayer>
			<PositionRotation>
				<X>-1799.03064</X>
				<Y>-812.692139</Y>
				<Z>7.94258833</Z>
				<Pitch>-0.143366978</Pitch>
				<Roll>86.8438263</Roll>
				<Yaw>33.8217239</Yaw>
			</PositionRotation>
			<Attachment isAttached="true">
				<AttachedTo>115536</AttachedTo>
				<BoneIndex>0</BoneIndex>
				<X>0.299999952</X>
				<Y>4.20000172</Y>
				<Z>0</Z>
				<Pitch>180</Pitch>
				<Roll>270</Roll>
				<Yaw>270</Yaw>
			</Attachment>
		</Attachment>
		<Attachment>
			<ModelHash>0x0a22cea2</ModelHash>
			<Type>3</Type>
			<Dynamic>false</Dynamic>
			<FrozenPos>true</FrozenPos>
			<HashName>prop_cs_bowie_knife</HashName>
			<InitialHandle>150909</InitialHandle>
			<ObjectProperties>
				<TextureVariation>0</TextureVariation>
			</ObjectProperties>
			<OpacityLevel>255</OpacityLevel>
			<LodDistance>16960</LodDistance>
			<IsVisible>true</IsVisible>
			<MaxHealth>1000</MaxHealth>
			<Health>1000</Health>
			<HasGravity>true</HasGravity>
			<IsOnFire>false</IsOnFire>
			<IsInvincible>false</IsInvincible>
			<IsBulletProof>false</IsBulletProof>
			<IsCollisionProof>false</IsCollisionProof>
			<IsExplosionProof>false</IsExplosionProof>
			<IsFireProof>false</IsFireProof>
			<IsMeleeProof>false</IsMeleeProof>
			<IsOnlyDamagedByPlayer>false</IsOnlyDamagedByPlayer>
			<PositionRotation>
				<X>-1799.19763</X>
				<Y>-812.442871</Y>
				<Z>7.94183779</Z>
				<Pitch>-0.143366978</Pitch>
				<Roll>86.8438263</Roll>
				<Yaw>33.8217239</Yaw>
			</PositionRotation>
			<Attachment isAttached="true">
				<AttachedTo>115536</AttachedTo>
				<BoneIndex>0</BoneIndex>
				<X>-1.04308128e-07</X>
				<Y>4.20000172</Y>
				<Z>0</Z>
				<Pitch>180</Pitch>
				<Roll>270</Roll>
				<Yaw>270</Yaw>
			</Attachment>
		</Attachment>
		<Attachment>
			<ModelHash>0x0a22cea2</ModelHash>
			<Type>3</Type>
			<Dynamic>false</Dynamic>
			<FrozenPos>true</FrozenPos>
			<HashName>prop_cs_bowie_knife</HashName>
			<InitialHandle>113157</InitialHandle>
			<ObjectProperties>
				<TextureVariation>0</TextureVariation>
			</ObjectProperties>
			<OpacityLevel>255</OpacityLevel>
			<LodDistance>16960</LodDistance>
			<IsVisible>true</IsVisible>
			<MaxHealth>1000</MaxHealth>
			<Health>1000</Health>
			<HasGravity>true</HasGravity>
			<IsOnFire>false</IsOnFire>
			<IsInvincible>false</IsInvincible>
			<IsBulletProof>false</IsBulletProof>
			<IsCollisionProof>false</IsCollisionProof>
			<IsExplosionProof>false</IsExplosionProof>
			<IsFireProof>false</IsFireProof>
			<IsMeleeProof>false</IsMeleeProof>
			<IsOnlyDamagedByPlayer>false</IsOnlyDamagedByPlayer>
			<PositionRotation>
				<X>-1799.36462</X>
				<Y>-812.193665</Y>
				<Z>7.94108725</Z>
				<Pitch>-0.143366978</Pitch>
				<Roll>86.8438263</Roll>
				<Yaw>33.8217239</Yaw>
			</PositionRotation>
			<Attachment isAttached="true">
				<AttachedTo>115536</AttachedTo>
				<BoneIndex>0</BoneIndex>
				<X>-0.300000161</X>
				<Y>4.20000172</Y>
				<Z>0</Z>
				<Pitch>180</Pitch>
				<Roll>270</Roll>
				<Yaw>270</Yaw>
			</Attachment>
		</Attachment>
		<Attachment>
			<ModelHash>0x0a22cea2</ModelHash>
			<Type>3</Type>
			<Dynamic>false</Dynamic>
			<FrozenPos>true</FrozenPos>
			<HashName>prop_cs_bowie_knife</HashName>
			<InitialHandle>148527</InitialHandle>
			<ObjectProperties>
				<TextureVariation>0</TextureVariation>
			</ObjectProperties>
			<OpacityLevel>255</OpacityLevel>
			<LodDistance>16960</LodDistance>
			<IsVisible>true</IsVisible>
			<MaxHealth>1000</MaxHealth>
			<Health>1000</Health>
			<HasGravity>true</HasGravity>
			<IsOnFire>false</IsOnFire>
			<IsInvincible>false</IsInvincible>
			<IsBulletProof>false</IsBulletProof>
			<IsCollisionProof>false</IsCollisionProof>
			<IsExplosionProof>false</IsExplosionProof>
			<IsFireProof>false</IsFireProof>
			<IsMeleeProof>false</IsMeleeProof>
			<IsOnlyDamagedByPlayer>false</IsOnlyDamagedByPlayer>
			<PositionRotation>
				<X>-1799.58728</X>
				<Y>-811.861328</Y>
				<Z>7.94008636</Z>
				<Pitch>-0.143366978</Pitch>
				<Roll>86.8438263</Roll>
				<Yaw>33.8217239</Yaw>
			</PositionRotation>
			<Attachment isAttached="true">
				<AttachedTo>115536</AttachedTo>
				<BoneIndex>0</BoneIndex>
				<X>-0.700000226</X>
				<Y>4.20000172</Y>
				<Z>0</Z>
				<Pitch>180</Pitch>
				<Roll>270</Roll>
				<Yaw>270</Yaw>
			</Attachment>
		</Attachment>
		<Attachment>
			<ModelHash>0x0a22cea2</ModelHash>
			<Type>3</Type>
			<Dynamic>false</Dynamic>
			<FrozenPos>true</FrozenPos>
			<HashName>prop_cs_bowie_knife</HashName>
			<InitialHandle>270638</InitialHandle>
			<ObjectProperties>
				<TextureVariation>0</TextureVariation>
			</ObjectProperties>
			<OpacityLevel>255</OpacityLevel>
			<LodDistance>16960</LodDistance>
			<IsVisible>true</IsVisible>
			<MaxHealth>1000</MaxHealth>
			<Health>1000</Health>
			<HasGravity>true</HasGravity>
			<IsOnFire>false</IsOnFire>
			<IsInvincible>false</IsInvincible>
			<IsBulletProof>false</IsBulletProof>
			<IsCollisionProof>false</IsCollisionProof>
			<IsExplosionProof>false</IsExplosionProof>
			<IsFireProof>false</IsFireProof>
			<IsMeleeProof>false</IsMeleeProof>
			<IsOnlyDamagedByPlayer>false</IsOnlyDamagedByPlayer>
			<PositionRotation>
				<X>-1799.92017</X>
				<Y>-811.723267</Y>
				<Z>7.92832422</Z>
				<Pitch>-0.143366978</Pitch>
				<Roll>86.8438263</Roll>
				<Yaw>33.8217239</Yaw>
			</PositionRotation>
			<Attachment isAttached="true">
				<AttachedTo>115536</AttachedTo>
				<BoneIndex>0</BoneIndex>
				<X>-1.00000024</X>
				<Y>4.00000191</Y>
				<Z>0</Z>
				<Pitch>180</Pitch>
				<Roll>270</Roll>
				<Yaw>270</Yaw>
			</Attachment>
		</Attachment>
		<Attachment>
			<ModelHash>0xf0fc9c4f</ModelHash>
			<Type>3</Type>
			<Dynamic>false</Dynamic>
			<FrozenPos>true</FrozenPos>
			<HashName>v_res_tt_tvremote</HashName>
			<InitialHandle>120366</InitialHandle>
			<ObjectProperties>
				<TextureVariation>0</TextureVariation>
			</ObjectProperties>
			<OpacityLevel>255</OpacityLevel>
			<LodDistance>16960</LodDistance>
			<IsVisible>true</IsVisible>
			<MaxHealth>1000</MaxHealth>
			<Health>1000</Health>
			<HasGravity>true</HasGravity>
			<IsOnFire>false</IsOnFire>
			<IsInvincible>false</IsInvincible>
			<IsBulletProof>false</IsBulletProof>
			<IsCollisionProof>false</IsCollisionProof>
			<IsExplosionProof>false</IsExplosionProof>
			<IsFireProof>false</IsFireProof>
			<IsMeleeProof>false</IsMeleeProof>
			<IsOnlyDamagedByPlayer>false</IsOnlyDamagedByPlayer>
			<PositionRotation>
				<X>-1803.98816</X>
				<Y>-814.566162</Y>
				<Z>8.91687775</Z>
				<Pitch>1.91824555</Pitch>
				<Roll>-2.51089263</Roll>
				<Yaw>-6.13228607</Yaw>
			</PositionRotation>
			<Attachment isAttached="true">
				<AttachedTo>601884</AttachedTo>
				<BoneIndex>0</BoneIndex>
				<X>-0.700000107</X>
				<Y>0</Y>
				<Z>0.76000011</Z>
				<Pitch>0</Pitch>
				<Roll>0</Roll>
				<Yaw>320</Yaw>
			</Attachment>
		</Attachment>
		<Attachment>
			<ModelHash>0x5a6de403</ModelHash>
			<Type>3</Type>
			<Dynamic>false</Dynamic>
			<FrozenPos>true</FrozenPos>
			<HashName>prop_cctv_unit_04</HashName>
			<InitialHandle>545819</InitialHandle>
			<ObjectProperties>
				<TextureVariation>0</TextureVariation>
			</ObjectProperties>
			<OpacityLevel>255</OpacityLevel>
			<LodDistance>16960</LodDistance>
			<IsVisible>true</IsVisible>
			<MaxHealth>1000</MaxHealth>
			<Health>1000</Health>
			<HasGravity>true</HasGravity>
			<IsOnFire>false</IsOnFire>
			<IsInvincible>false</IsInvincible>
			<IsBulletProof>false</IsBulletProof>
			<IsCollisionProof>false</IsCollisionProof>
			<IsExplosionProof>false</IsExplosionProof>
			<IsFireProof>false</IsFireProof>
			<IsMeleeProof>false</IsMeleeProof>
			<IsOnlyDamagedByPlayer>false</IsOnlyDamagedByPlayer>
			<PositionRotation>
				<X>-1803.42029</X>
				<Y>-814.184753</Y>
				<Z>9.22500706</Z>
				<Pitch>-0.143363565</Pitch>
				<Roll>-3.15616226</Roll>
				<Yaw>33.8217239</Yaw>
			</PositionRotation>
			<Attachment isAttached="true">
				<AttachedTo>601884</AttachedTo>
				<BoneIndex>0</BoneIndex>
				<X>0</X>
				<Y>0</Y>
				<Z>1.02999938</Z>
				<Pitch>0</Pitch>
				<Roll>0</Roll>
				<Yaw>0</Yaw>
			</Attachment>
		</Attachment>
		<Attachment>
			<ModelHash>0xabb2ec9a</ModelHash>
			<Type>3</Type>
			<Dynamic>false</Dynamic>
			<FrozenPos>true</FrozenPos>
			<HashName>prop_ceramic_jug_01</HashName>
			<InitialHandle>462373</InitialHandle>
			<ObjectProperties>
				<TextureVariation>0</TextureVariation>
			</ObjectProperties>
			<OpacityLevel>255</OpacityLevel>
			<LodDistance>16960</LodDistance>
			<IsVisible>true</IsVisible>
			<MaxHealth>1000</MaxHealth>
			<Health>1000</Health>
			<HasGravity>true</HasGravity>
			<IsOnFire>false</IsOnFire>
			<IsInvincible>false</IsInvincible>
			<IsBulletProof>false</IsBulletProof>
			<IsCollisionProof>false</IsCollisionProof>
			<IsExplosionProof>false</IsExplosionProof>
			<IsFireProof>false</IsFireProof>
			<IsMeleeProof>false</IsMeleeProof>
			<IsOnlyDamagedByPlayer>false</IsOnlyDamagedByPlayer>
			<PositionRotation>
				<X>-1803.8313</X>
				<Y>-814.701538</Y>
				<Z>9.01054573</Z>
				<Pitch>0.785228789</Pitch>
				<Roll>-3.06037498</Roll>
				<Yaw>16.8466473</Yaw>
			</PositionRotation>
			<Attachment isAttached="true">
				<AttachedTo>601884</AttachedTo>
				<BoneIndex>0</BoneIndex>
				<X>-0.639999926</X>
				<Y>-0.200000033</Y>
				<Z>0.850000143</Z>
				<Pitch>0</Pitch>
				<Roll>0</Roll>
				<Yaw>343</Yaw>
			</Attachment>
		</Attachment>
		<Attachment>
			<ModelHash>0xa2c44e80</ModelHash>
			<Type>3</Type>
			<Dynamic>false</Dynamic>
			<FrozenPos>true</FrozenPos>
			<HashName>w_am_flare</HashName>
			<InitialHandle>238713</InitialHandle>
			<ObjectProperties>
				<TextureVariation>0</TextureVariation>
			</ObjectProperties>
			<OpacityLevel>255</OpacityLevel>
			<LodDistance>16960</LodDistance>
			<IsVisible>true</IsVisible>
			<MaxHealth>1000</MaxHealth>
			<Health>1000</Health>
			<HasGravity>true</HasGravity>
			<IsOnFire>false</IsOnFire>
			<IsInvincible>false</IsInvincible>
			<IsBulletProof>false</IsBulletProof>
			<IsCollisionProof>false</IsCollisionProof>
			<IsExplosionProof>false</IsExplosionProof>
			<IsFireProof>false</IsFireProof>
			<IsMeleeProof>false</IsMeleeProof>
			<IsOnlyDamagedByPlayer>false</IsOnlyDamagedByPlayer>
			<PositionRotation>
				<X>-1804.01697</X>
				<Y>-814.344727</Y>
				<Z>8.93186855</Z>
				<Pitch>86.8406067</Pitch>
				<Roll>-87.3978958</Roll>
				<Yaw>121.223572</Yaw>
			</PositionRotation>
			<Attachment isAttached="true">
				<AttachedTo>601884</AttachedTo>
				<BoneIndex>0</BoneIndex>
				<X>-0.600000083</X>
				<Y>0.200000048</Y>
				<Z>0.7700001</Z>
				<Pitch>90.0000076</Pitch>
				<Roll>0</Roll>
				<Yaw>0</Yaw>
			</Attachment>
		</Attachment>
		<Attachment>
			<ModelHash>0x50685513</ModelHash>
			<Type>3</Type>
			<Dynamic>false</Dynamic>
			<FrozenPos>true</FrozenPos>
			<HashName>w_pi_flaregun</HashName>
			<InitialHandle>306690</InitialHandle>
			<ObjectProperties>
				<TextureVariation>0</TextureVariation>
			</ObjectProperties>
			<OpacityLevel>255</OpacityLevel>
			<LodDistance>16960</LodDistance>
			<IsVisible>true</IsVisible>
			<MaxHealth>1000</MaxHealth>
			<Health>1000</Health>
			<HasGravity>true</HasGravity>
			<IsOnFire>false</IsOnFire>
			<IsInvincible>false</IsInvincible>
			<IsBulletProof>false</IsBulletProof>
			<IsCollisionProof>false</IsCollisionProof>
			<IsExplosionProof>false</IsExplosionProof>
			<IsFireProof>false</IsFireProof>
			<IsMeleeProof>false</IsMeleeProof>
			<IsOnlyDamagedByPlayer>false</IsOnlyDamagedByPlayer>
			<PositionRotation>
				<X>-1802.79895</X>
				<Y>-814.009949</Y>
				<Z>8.99893761</Z>
				<Pitch>-86.8407974</Pitch>
				<Roll>-42.6020088</Roll>
				<Yaw>-58.7763443</Yaw>
			</PositionRotation>
			<Attachment isAttached="true">
				<AttachedTo>601884</AttachedTo>
				<BoneIndex>0</BoneIndex>
				<X>0.600000083</X>
				<Y>-0.200000033</Y>
				<Z>0.769999981</Z>
				<Pitch>270</Pitch>
				<Roll>0</Roll>
				<Yaw>310</Yaw>
			</Attachment>
		</Attachment>
		<Attachment>
			<ModelHash>0x423b306c</ModelHash>
			<Type>3</Type>
			<Dynamic>false</Dynamic>
			<FrozenPos>true</FrozenPos>
			<HashName>prop_bodyarmour_02</HashName>
			<InitialHandle>151082</InitialHandle>
			<ObjectProperties>
				<TextureVariation>0</TextureVariation>
			</ObjectProperties>
			<OpacityLevel>255</OpacityLevel>
			<LodDistance>16960</LodDistance>
			<IsVisible>true</IsVisible>
			<MaxHealth>1000</MaxHealth>
			<Health>1000</Health>
			<HasGravity>true</HasGravity>
			<IsOnFire>false</IsOnFire>
			<IsInvincible>false</IsInvincible>
			<IsBulletProof>false</IsBulletProof>
			<IsCollisionProof>false</IsCollisionProof>
			<IsExplosionProof>false</IsExplosionProof>
			<IsFireProof>false</IsFireProof>
			<IsMeleeProof>false</IsMeleeProof>
			<IsOnlyDamagedByPlayer>false</IsOnlyDamagedByPlayer>
			<PositionRotation>
				<X>-1806.46045</X>
				<Y>-816.102051</Y>
				<Z>8.99659634</Z>
				<Pitch>3.15615201</Pitch>
				<Roll>-0.143581942</Roll>
				<Yaw>-56.1703606</Yaw>
			</PositionRotation>
			<Attachment isAttached="true">
				<AttachedTo>487202</AttachedTo>
				<BoneIndex>0</BoneIndex>
				<X>-0.50000006</X>
				<Y>4.47034836e-08</Y>
				<Z>1.10000014</Z>
				<Pitch>0</Pitch>
				<Roll>0</Roll>
				<Yaw>270</Yaw>
			</Attachment>
		</Attachment>
	</SpoonerAttachments>
</Vehicle>
