<?xml version="1.0" encoding="ISO-8859-1"?>
<Vehicle menyoo_ver="0.99987681b">
	<ModelHash>0x2189d250</ModelHash>
	<InitialHandle>361300</InitialHandle>
	<VehicleProperties>
		<Colours>
			<Primary>153</Primary>
			<Secondary>153</Secondary>
			<Pearl>0</Pearl>
			<Rim>152</Rim>
			<Mod1_a>6</Mod1_a>
			<Mod1_b>-1</Mod1_b>
			<Mod1_c>-1</Mod1_c>
			<Mod2_a>6</Mod2_a>
			<Mod2_b>-1</Mod2_b>
			<IsPrimaryColourCustom>false</IsPrimaryColourCustom>
			<IsSecondaryColourCustom>false</IsSecondaryColourCustom>
			<tyreSmoke_R>255</tyreSmoke_R>
			<tyreSmoke_G>255</tyreSmoke_G>
			<tyreSmoke_B>255</tyreSmoke_B>
			<LrInterior>0</LrInterior>
			<LrDashboard>0</LrDashboard>
		</Colours>
		<Livery>-1</Livery>
		<NumberPlateText>09JCU933</NumberPlateText>
		<NumberPlateIndex>0</NumberPlateIndex>
		<WheelType>0</WheelType>
		<WheelsInvisible>false</WheelsInvisible>
		<EngineSoundName></EngineSoundName>
		<WindowTint>0</WindowTint>
		<BulletProofTyres>true</BulletProofTyres>
		<DirtLevel>0.843916774</DirtLevel>
		<PaintFade>0.298039228</PaintFade>
		<RoofState>0</RoofState>
		<SirenActive>false</SirenActive>
		<EngineOn>true</EngineOn>
		<EngineHealth>1003.49963</EngineHealth>
		<LightsOn>false</LightsOn>
		<IsRadioLoud>0</IsRadioLoud>
		<LockStatus>1</LockStatus>
		<Neons>
			<Left>false</Left>
			<Right>false</Right>
			<Front>false</Front>
			<Back>false</Back>
			<R>255</R>
			<G>0</G>
			<B>255</B>
		</Neons>
		<ModExtras />
		<Mods>
			<_0>-1,0</_0>
			<_1>-1,0</_1>
			<_2>-1,0</_2>
			<_3>-1,0</_3>
			<_4>-1,0</_4>
			<_5>-1,0</_5>
			<_6>-1,0</_6>
			<_7>-1,0</_7>
			<_8>-1,0</_8>
			<_9>-1,0</_9>
			<_10>-1,0</_10>
			<_11>3,0</_11>
			<_12>2,0</_12>
			<_13>2,0</_13>
			<_14>-1,0</_14>
			<_15>-1,0</_15>
			<_16>4,0</_16>
			<_17>false</_17>
			<_18>true</_18>
			<_19>false</_19>
			<_20>false</_20>
			<_21>false</_21>
			<_22>false</_22>
			<_23>-1,0</_23>
			<_24>-1,0</_24>
			<_25>-1,0</_25>
			<_26>-1,0</_26>
			<_27>-1,0</_27>
			<_28>-1,0</_28>
			<_29>-1,0</_29>
			<_30>-1,0</_30>
			<_31>-1,0</_31>
			<_32>-1,0</_32>
			<_33>-1,0</_33>
			<_34>-1,0</_34>
			<_35>-1,0</_35>
			<_36>-1,0</_36>
			<_37>-1,0</_37>
			<_38>-1,0</_38>
			<_39>-1,0</_39>
			<_40>-1,0</_40>
			<_41>-1,0</_41>
			<_42>-1,0</_42>
			<_43>-1,0</_43>
			<_44>-1,0</_44>
			<_45>-1,0</_45>
			<_46>-1,0</_46>
			<_47>-1,0</_47>
			<_48>18,0</_48>
		</Mods>
		<DoorsOpen>
			<BackLeftDoor>false</BackLeftDoor>
			<BackRightDoor>false</BackRightDoor>
			<FrontLeftDoor>false</FrontLeftDoor>
			<FrontRightDoor>false</FrontRightDoor>
			<Hood>false</Hood>
			<Trunk>false</Trunk>
			<Trunk2>false</Trunk2>
		</DoorsOpen>
		<DoorsBroken>
			<BackLeftDoor>false</BackLeftDoor>
			<BackRightDoor>false</BackRightDoor>
			<FrontLeftDoor>false</FrontLeftDoor>
			<FrontRightDoor>false</FrontRightDoor>
			<Hood>false</Hood>
			<Trunk>false</Trunk>
			<Trunk2>false</Trunk2>
		</DoorsBroken>
		<TyresBursted>
			<FrontLeft>false</FrontLeft>
			<FrontRight>false</FrontRight>
			<_2>false</_2>
			<_3>false</_3>
			<BackLeft>false</BackLeft>
			<BackRight>false</BackRight>
			<_6>false</_6>
			<_7>false</_7>
			<_8>false</_8>
		</TyresBursted>
		<RpmMultiplier>1</RpmMultiplier>
		<TorqueMultiplier>1</TorqueMultiplier>
		<HeadlightIntensity>1</HeadlightIntensity>
	</VehicleProperties>
	<OpacityLevel>255</OpacityLevel>
	<LodDistance>16960</LodDistance>
	<IsVisible>true</IsVisible>
	<IsDriverVisible>true</IsDriverVisible>
	<MaxHealth>1000</MaxHealth>
	<Health>1000</Health>
	<HasGravity>true</HasGravity>
	<IsOnFire>false</IsOnFire>
	<IsInvincible>false</IsInvincible>
	<IsBulletProof>false</IsBulletProof>
	<IsExplosionProof>false</IsExplosionProof>
	<IsFireProof>true</IsFireProof>
	<IsMeleeProof>false</IsMeleeProof>
	<IsOnlyDamagedByPlayer>false</IsOnlyDamagedByPlayer>
	<SpoonerAttachments SetAttachmentsPersistentAndAddToSpoonerDatabase="false" StartTaskSequencesOnLoad="true">
		<Attachment>
			<ModelHash>0x13cb151f</ModelHash>
			<Type>3</Type>
			<Dynamic>false</Dynamic>
			<FrozenPos>true</FrozenPos>
			<HashName>hei_prop_hei_shack_window</HashName>
			<InitialHandle>690775</InitialHandle>
			<ObjectProperties>
				<TextureVariation>0</TextureVariation>
			</ObjectProperties>
			<OpacityLevel>255</OpacityLevel>
			<LodDistance>16960</LodDistance>
			<IsVisible>true</IsVisible>
			<MaxHealth>1000</MaxHealth>
			<Health>1000</Health>
			<HasGravity>true</HasGravity>
			<IsOnFire>false</IsOnFire>
			<IsInvincible>false</IsInvincible>
			<IsBulletProof>false</IsBulletProof>
			<IsCollisionProof>false</IsCollisionProof>
			<IsExplosionProof>false</IsExplosionProof>
			<IsFireProof>false</IsFireProof>
			<IsMeleeProof>false</IsMeleeProof>
			<IsOnlyDamagedByPlayer>false</IsOnlyDamagedByPlayer>
			<PositionRotation>
				<X>1608.31433</X>
				<Y>3242.67383</Y>
				<Z>41.5755386</Z>
				<Pitch>89.3973618</Pitch>
				<Roll>82.7834702</Roll>
				<Yaw>-177.919693</Yaw>
			</PositionRotation>
			<Attachment isAttached="true">
				<AttachedTo>361300</AttachedTo>
				<BoneIndex>37</BoneIndex>
				<X>-0.649999738</X>
				<Y>0</Y>
				<Z>0</Z>
				<Pitch>90.0000076</Pitch>
				<Roll>0</Roll>
				<Yaw>-90.0000076</Yaw>
			</Attachment>
		</Attachment>
		<Attachment>
			<ModelHash>0x7cf20db7</ModelHash>
			<Type>3</Type>
			<Dynamic>false</Dynamic>
			<FrozenPos>true</FrozenPos>
			<HashName>hei_prop_hei_shack_door</HashName>
			<InitialHandle>696411</InitialHandle>
			<ObjectProperties>
				<TextureVariation>0</TextureVariation>
			</ObjectProperties>
			<OpacityLevel>255</OpacityLevel>
			<LodDistance>16960</LodDistance>
			<IsVisible>true</IsVisible>
			<MaxHealth>1000</MaxHealth>
			<Health>1000</Health>
			<HasGravity>true</HasGravity>
			<IsOnFire>false</IsOnFire>
			<IsInvincible>false</IsInvincible>
			<IsBulletProof>false</IsBulletProof>
			<IsCollisionProof>false</IsCollisionProof>
			<IsExplosionProof>false</IsExplosionProof>
			<IsFireProof>false</IsFireProof>
			<IsMeleeProof>false</IsMeleeProof>
			<IsOnlyDamagedByPlayer>false</IsOnlyDamagedByPlayer>
			<PositionRotation>
				<X>1608.47461</X>
				<Y>3238.74927</Y>
				<Z>39.8711395</Z>
				<Pitch>-0.598356664</Pitch>
				<Roll>89.9242325</Roll>
				<Yaw>174.863388</Yaw>
			</PositionRotation>
			<Attachment isAttached="true">
				<AttachedTo>361300</AttachedTo>
				<BoneIndex>30</BoneIndex>
				<X>-0.260000199</X>
				<Y>-2.68000031</Y>
				<Z>-0.304999977</Z>
				<Pitch>0</Pitch>
				<Roll>90.0000076</Roll>
				<Yaw>-179.999985</Yaw>
			</Attachment>
		</Attachment>
		<Attachment>
			<ModelHash>0x7cf20db7</ModelHash>
			<Type>3</Type>
			<Dynamic>false</Dynamic>
			<FrozenPos>true</FrozenPos>
			<HashName>hei_prop_hei_shack_door</HashName>
			<InitialHandle>337243</InitialHandle>
			<ObjectProperties>
				<TextureVariation>0</TextureVariation>
			</ObjectProperties>
			<OpacityLevel>255</OpacityLevel>
			<LodDistance>16960</LodDistance>
			<IsVisible>true</IsVisible>
			<MaxHealth>1000</MaxHealth>
			<Health>1000</Health>
			<HasGravity>true</HasGravity>
			<IsOnFire>false</IsOnFire>
			<IsInvincible>false</IsInvincible>
			<IsBulletProof>false</IsBulletProof>
			<IsCollisionProof>false</IsCollisionProof>
			<IsExplosionProof>false</IsExplosionProof>
			<IsFireProof>false</IsFireProof>
			<IsMeleeProof>false</IsMeleeProof>
			<IsOnlyDamagedByPlayer>false</IsOnlyDamagedByPlayer>
			<PositionRotation>
				<X>1608.97351</X>
				<Y>3238.71436</Y>
				<Z>39.8755836</Z>
				<Pitch>-0.598356664</Pitch>
				<Roll>89.9242325</Roll>
				<Yaw>174.863388</Yaw>
			</PositionRotation>
			<Attachment isAttached="true">
				<AttachedTo>361300</AttachedTo>
				<BoneIndex>30</BoneIndex>
				<X>0.239999995</X>
				<Y>-2.67000031</Y>
				<Z>-0.300000042</Z>
				<Pitch>0</Pitch>
				<Roll>90.0000076</Roll>
				<Yaw>-179.999985</Yaw>
			</Attachment>
		</Attachment>
		<Attachment>
			<ModelHash>0x13cb151f</ModelHash>
			<Type>3</Type>
			<Dynamic>false</Dynamic>
			<FrozenPos>true</FrozenPos>
			<HashName>hei_prop_hei_shack_window</HashName>
			<InitialHandle>240733</InitialHandle>
			<ObjectProperties>
				<TextureVariation>0</TextureVariation>
			</ObjectProperties>
			<OpacityLevel>255</OpacityLevel>
			<LodDistance>16960</LodDistance>
			<IsVisible>true</IsVisible>
			<MaxHealth>1000</MaxHealth>
			<Health>1000</Health>
			<HasGravity>true</HasGravity>
			<IsOnFire>false</IsOnFire>
			<IsInvincible>false</IsInvincible>
			<IsBulletProof>false</IsBulletProof>
			<IsCollisionProof>false</IsCollisionProof>
			<IsExplosionProof>false</IsExplosionProof>
			<IsFireProof>false</IsFireProof>
			<IsMeleeProof>false</IsMeleeProof>
			<IsOnlyDamagedByPlayer>false</IsOnlyDamagedByPlayer>
			<PositionRotation>
				<X>1608.46692</X>
				<Y>3239.90479</Y>
				<Z>41.4717064</Z>
				<Pitch>83.4014053</Pitch>
				<Roll>179.340683</Roll>
				<Yaw>175.519119</Yaw>
			</PositionRotation>
			<Attachment isAttached="true">
				<AttachedTo>361300</AttachedTo>
				<BoneIndex>78</BoneIndex>
				<X>-0.249999642</X>
				<Y>-0.320000023</Y>
				<Z>0.0400000066</Z>
				<Pitch>90.0000076</Pitch>
				<Roll>0</Roll>
				<Yaw>-5.7220459e-06</Yaw>
			</Attachment>
		</Attachment>
		<Attachment>
			<ModelHash>0x13cb151f</ModelHash>
			<Type>3</Type>
			<Dynamic>false</Dynamic>
			<FrozenPos>true</FrozenPos>
			<HashName>hei_prop_hei_shack_window</HashName>
			<InitialHandle>599901</InitialHandle>
			<ObjectProperties>
				<TextureVariation>0</TextureVariation>
			</ObjectProperties>
			<OpacityLevel>255</OpacityLevel>
			<LodDistance>16960</LodDistance>
			<IsVisible>true</IsVisible>
			<MaxHealth>1000</MaxHealth>
			<Health>1000</Health>
			<HasGravity>true</HasGravity>
			<IsOnFire>false</IsOnFire>
			<IsInvincible>false</IsInvincible>
			<IsBulletProof>false</IsBulletProof>
			<IsCollisionProof>false</IsCollisionProof>
			<IsExplosionProof>false</IsExplosionProof>
			<IsFireProof>false</IsFireProof>
			<IsMeleeProof>false</IsMeleeProof>
			<IsOnlyDamagedByPlayer>false</IsOnlyDamagedByPlayer>
			<PositionRotation>
				<X>1609.20874</X>
				<Y>3239.81812</Y>
				<Z>41.4684219</Z>
				<Pitch>83.4014435</Pitch>
				<Roll>-0.659336209</Roll>
				<Yaw>175.519119</Yaw>
			</PositionRotation>
			<Attachment isAttached="true">
				<AttachedTo>361300</AttachedTo>
				<BoneIndex>76</BoneIndex>
				<X>0.250000536</X>
				<Y>-0.340000004</Y>
				<Z>0.0400000028</Z>
				<Pitch>90.0000076</Pitch>
				<Roll>0</Roll>
				<Yaw>179.999985</Yaw>
			</Attachment>
		</Attachment>
		<Attachment>
			<ModelHash>0x13cb151f</ModelHash>
			<Type>3</Type>
			<Dynamic>false</Dynamic>
			<FrozenPos>true</FrozenPos>
			<HashName>hei_prop_hei_shack_window</HashName>
			<InitialHandle>694877</InitialHandle>
			<ObjectProperties>
				<TextureVariation>0</TextureVariation>
			</ObjectProperties>
			<OpacityLevel>255</OpacityLevel>
			<LodDistance>16960</LodDistance>
			<IsVisible>true</IsVisible>
			<MaxHealth>1000</MaxHealth>
			<Health>1000</Health>
			<HasGravity>true</HasGravity>
			<IsOnFire>false</IsOnFire>
			<IsInvincible>false</IsInvincible>
			<IsBulletProof>false</IsBulletProof>
			<IsCollisionProof>false</IsCollisionProof>
			<IsExplosionProof>false</IsExplosionProof>
			<IsFireProof>false</IsFireProof>
			<IsMeleeProof>false</IsMeleeProof>
			<IsOnlyDamagedByPlayer>false</IsOnlyDamagedByPlayer>
			<PositionRotation>
				<X>1609.65552</X>
				<Y>3242.55322</Y>
				<Z>41.5937614</Z>
				<Pitch>89.3973618</Pitch>
				<Roll>82.7834702</Roll>
				<Yaw>-177.919693</Yaw>
			</PositionRotation>
			<Attachment isAttached="true">
				<AttachedTo>361300</AttachedTo>
				<BoneIndex>35</BoneIndex>
				<X>0.450000465</X>
				<Y>0</Y>
				<Z>0.0200000033</Z>
				<Pitch>90.0000076</Pitch>
				<Roll>0</Roll>
				<Yaw>-90.0000076</Yaw>
			</Attachment>
		</Attachment>
		<Attachment>
			<ModelHash>0x13cb151f</ModelHash>
			<Type>3</Type>
			<Dynamic>false</Dynamic>
			<FrozenPos>true</FrozenPos>
			<HashName>hei_prop_hei_shack_window</HashName>
			<InitialHandle>339564</InitialHandle>
			<ObjectProperties>
				<TextureVariation>0</TextureVariation>
			</ObjectProperties>
			<OpacityLevel>255</OpacityLevel>
			<LodDistance>16960</LodDistance>
			<IsVisible>true</IsVisible>
			<MaxHealth>1001</MaxHealth>
			<Health>1000</Health>
			<HasGravity>true</HasGravity>
			<IsOnFire>false</IsOnFire>
			<IsInvincible>false</IsInvincible>
			<IsBulletProof>false</IsBulletProof>
			<IsCollisionProof>false</IsCollisionProof>
			<IsExplosionProof>false</IsExplosionProof>
			<IsFireProof>false</IsFireProof>
			<IsMeleeProof>false</IsMeleeProof>
			<IsOnlyDamagedByPlayer>false</IsOnlyDamagedByPlayer>
			<PositionRotation>
				<X>1610.11743</X>
				<Y>3241.47729</Y>
				<Z>41.4042931</Z>
				<Pitch>39.9216232</Pitch>
				<Roll>-89.2217941</Roll>
				<Yaw>-95.6373215</Yaw>
			</PositionRotation>
			<Attachment isAttached="true">
				<AttachedTo>361300</AttachedTo>
				<BoneIndex>0</BoneIndex>
				<X>1.13000023</X>
				<Y>0.199998632</Y>
				<Z>1.20000017</Z>
				<Pitch>40.0000038</Pitch>
				<Roll>-90.0020065</Roll>
				<Yaw>-90.0000076</Yaw>
			</Attachment>
		</Attachment>
		<Attachment>
			<ModelHash>0x13cb151f</ModelHash>
			<Type>3</Type>
			<Dynamic>false</Dynamic>
			<FrozenPos>true</FrozenPos>
			<HashName>hei_prop_hei_shack_window</HashName>
			<InitialHandle>47982</InitialHandle>
			<ObjectProperties>
				<TextureVariation>0</TextureVariation>
			</ObjectProperties>
			<OpacityLevel>255</OpacityLevel>
			<LodDistance>16960</LodDistance>
			<IsVisible>true</IsVisible>
			<MaxHealth>1000</MaxHealth>
			<Health>1000</Health>
			<HasGravity>true</HasGravity>
			<IsOnFire>false</IsOnFire>
			<IsInvincible>false</IsInvincible>
			<IsBulletProof>false</IsBulletProof>
			<IsCollisionProof>false</IsCollisionProof>
			<IsExplosionProof>false</IsExplosionProof>
			<IsFireProof>false</IsFireProof>
			<IsMeleeProof>false</IsMeleeProof>
			<IsOnlyDamagedByPlayer>false</IsOnlyDamagedByPlayer>
			<PositionRotation>
				<X>1610.01001</X>
				<Y>3240.28223</Y>
				<Z>41.3897629</Z>
				<Pitch>39.9216156</Pitch>
				<Roll>-89.4048386</Roll>
				<Yaw>-95.6373444</Yaw>
			</PositionRotation>
			<Attachment isAttached="true">
				<AttachedTo>361300</AttachedTo>
				<BoneIndex>0</BoneIndex>
				<X>1.13000023</X>
				<Y>-1.00000155</Y>
				<Z>1.19800007</Z>
				<Pitch>40.0000038</Pitch>
				<Roll>-90.1850662</Roll>
				<Yaw>-90.0000076</Yaw>
			</Attachment>
		</Attachment>
		<Attachment>
			<ModelHash>0x13cb151f</ModelHash>
			<Type>3</Type>
			<Dynamic>false</Dynamic>
			<FrozenPos>true</FrozenPos>
			<HashName>hei_prop_hei_shack_window</HashName>
			<InitialHandle>535917</InitialHandle>
			<ObjectProperties>
				<TextureVariation>0</TextureVariation>
			</ObjectProperties>
			<OpacityLevel>255</OpacityLevel>
			<LodDistance>16960</LodDistance>
			<IsVisible>true</IsVisible>
			<MaxHealth>1000</MaxHealth>
			<Health>1000</Health>
			<HasGravity>true</HasGravity>
			<IsOnFire>false</IsOnFire>
			<IsInvincible>false</IsInvincible>
			<IsBulletProof>false</IsBulletProof>
			<IsCollisionProof>false</IsCollisionProof>
			<IsExplosionProof>false</IsExplosionProof>
			<IsFireProof>false</IsFireProof>
			<IsMeleeProof>false</IsMeleeProof>
			<IsOnlyDamagedByPlayer>false</IsOnlyDamagedByPlayer>
			<PositionRotation>
				<X>1609.92053</X>
				<Y>3239.28613</Y>
				<Z>41.3813171</Z>
				<Pitch>39.9216156</Pitch>
				<Roll>-89.2187805</Roll>
				<Yaw>-95.6373367</Yaw>
			</PositionRotation>
			<Attachment isAttached="true">
				<AttachedTo>361300</AttachedTo>
				<BoneIndex>0</BoneIndex>
				<X>1.13000023</X>
				<Y>-2.00000167</Y>
				<Z>1.20000017</Z>
				<Pitch>40.0000038</Pitch>
				<Roll>-89.9990082</Roll>
				<Yaw>-90.0000076</Yaw>
			</Attachment>
		</Attachment>
		<Attachment>
			<ModelHash>0x13cb151f</ModelHash>
			<Type>3</Type>
			<Dynamic>false</Dynamic>
			<FrozenPos>true</FrozenPos>
			<HashName>hei_prop_hei_shack_window</HashName>
			<InitialHandle>134255</InitialHandle>
			<ObjectProperties>
				<TextureVariation>0</TextureVariation>
			</ObjectProperties>
			<OpacityLevel>255</OpacityLevel>
			<LodDistance>16960</LodDistance>
			<IsVisible>true</IsVisible>
			<MaxHealth>1000</MaxHealth>
			<Health>1000</Health>
			<HasGravity>true</HasGravity>
			<IsOnFire>false</IsOnFire>
			<IsInvincible>false</IsInvincible>
			<IsBulletProof>false</IsBulletProof>
			<IsCollisionProof>false</IsCollisionProof>
			<IsExplosionProof>false</IsExplosionProof>
			<IsFireProof>false</IsFireProof>
			<IsMeleeProof>false</IsMeleeProof>
			<IsOnlyDamagedByPlayer>false</IsOnlyDamagedByPlayer>
			<PositionRotation>
				<X>1607.64966</X>
				<Y>3239.49023</Y>
				<Z>41.3843346</Z>
				<Pitch>40.0731354</Pitch>
				<Roll>-90.7819443</Roll>
				<Yaw>85.3667679</Yaw>
			</PositionRotation>
			<Attachment isAttached="true">
				<AttachedTo>361300</AttachedTo>
				<BoneIndex>0</BoneIndex>
				<X>-1.1500001</X>
				<Y>-2.00000167</Y>
				<Z>1.20000017</Z>
				<Pitch>40.0000038</Pitch>
				<Roll>-90.0000076</Roll>
				<Yaw>89.9999847</Yaw>
			</Attachment>
		</Attachment>
		<Attachment>
			<ModelHash>0x13cb151f</ModelHash>
			<Type>3</Type>
			<Dynamic>false</Dynamic>
			<FrozenPos>true</FrozenPos>
			<HashName>hei_prop_hei_shack_window</HashName>
			<InitialHandle>674671</InitialHandle>
			<ObjectProperties>
				<TextureVariation>0</TextureVariation>
			</ObjectProperties>
			<OpacityLevel>255</OpacityLevel>
			<LodDistance>16960</LodDistance>
			<IsVisible>true</IsVisible>
			<MaxHealth>1000</MaxHealth>
			<Health>1000</Health>
			<HasGravity>true</HasGravity>
			<IsOnFire>false</IsOnFire>
			<IsInvincible>false</IsInvincible>
			<IsBulletProof>false</IsBulletProof>
			<IsCollisionProof>false</IsCollisionProof>
			<IsExplosionProof>false</IsExplosionProof>
			<IsFireProof>false</IsFireProof>
			<IsMeleeProof>false</IsMeleeProof>
			<IsOnlyDamagedByPlayer>false</IsOnlyDamagedByPlayer>
			<PositionRotation>
				<X>1607.75708</X>
				<Y>3240.6853</Y>
				<Z>41.3978653</Z>
				<Pitch>40.0731354</Pitch>
				<Roll>-90.7819443</Roll>
				<Yaw>85.3667679</Yaw>
			</PositionRotation>
			<Attachment isAttached="true">
				<AttachedTo>361300</AttachedTo>
				<BoneIndex>0</BoneIndex>
				<X>-1.1500001</X>
				<Y>-0.800001383</Y>
				<Z>1.20100021</Z>
				<Pitch>40.0000038</Pitch>
				<Roll>-90.0000076</Roll>
				<Yaw>89.9999847</Yaw>
			</Attachment>
		</Attachment>
		<Attachment>
			<ModelHash>0x13cb151f</ModelHash>
			<Type>3</Type>
			<Dynamic>false</Dynamic>
			<FrozenPos>true</FrozenPos>
			<HashName>hei_prop_hei_shack_window</HashName>
			<InitialHandle>164462</InitialHandle>
			<ObjectProperties>
				<TextureVariation>0</TextureVariation>
			</ObjectProperties>
			<OpacityLevel>255</OpacityLevel>
			<LodDistance>16960</LodDistance>
			<IsVisible>true</IsVisible>
			<MaxHealth>1000</MaxHealth>
			<Health>1000</Health>
			<HasGravity>true</HasGravity>
			<IsOnFire>false</IsOnFire>
			<IsInvincible>false</IsInvincible>
			<IsBulletProof>false</IsBulletProof>
			<IsCollisionProof>false</IsCollisionProof>
			<IsExplosionProof>false</IsExplosionProof>
			<IsFireProof>false</IsFireProof>
			<IsMeleeProof>false</IsMeleeProof>
			<IsOnlyDamagedByPlayer>false</IsOnlyDamagedByPlayer>
			<PositionRotation>
				<X>1607.84656</X>
				<Y>3241.6814</Y>
				<Z>41.4073105</Z>
				<Pitch>40.0731354</Pitch>
				<Roll>-90.7819443</Roll>
				<Yaw>85.3667679</Yaw>
			</PositionRotation>
			<Attachment isAttached="true">
				<AttachedTo>361300</AttachedTo>
				<BoneIndex>0</BoneIndex>
				<X>-1.1500001</X>
				<Y>0.199998826</Y>
				<Z>1.20000017</Z>
				<Pitch>40.0000038</Pitch>
				<Roll>-90.0000076</Roll>
				<Yaw>89.9999847</Yaw>
			</Attachment>
		</Attachment>
		<Attachment>
			<ModelHash>0xc48d09a2</ModelHash>
			<Type>3</Type>
			<Dynamic>false</Dynamic>
			<FrozenPos>true</FrozenPos>
			<HashName>hei_prop_carrier_panel_2</HashName>
			<InitialHandle>144243</InitialHandle>
			<ObjectProperties>
				<TextureVariation>0</TextureVariation>
			</ObjectProperties>
			<OpacityLevel>255</OpacityLevel>
			<LodDistance>16960</LodDistance>
			<IsVisible>true</IsVisible>
			<MaxHealth>1000</MaxHealth>
			<Health>1000</Health>
			<HasGravity>true</HasGravity>
			<IsOnFire>false</IsOnFire>
			<IsInvincible>false</IsInvincible>
			<IsBulletProof>false</IsBulletProof>
			<IsCollisionProof>false</IsCollisionProof>
			<IsExplosionProof>false</IsExplosionProof>
			<IsFireProof>false</IsFireProof>
			<IsMeleeProof>false</IsMeleeProof>
			<IsOnlyDamagedByPlayer>false</IsOnlyDamagedByPlayer>
			<PositionRotation>
				<X>1609.31396</X>
				<Y>3245.17358</Y>
				<Z>40.5134354</Z>
				<Pitch>-0.598356485</Pitch>
				<Roll>-0.075766921</Roll>
				<Yaw>174.863358</Yaw>
			</PositionRotation>
			<Attachment isAttached="true">
				<AttachedTo>361300</AttachedTo>
				<BoneIndex>0</BoneIndex>
				<X>0</X>
				<Y>3.8000021</Y>
				<Z>0.270000279</Z>
				<Pitch>0</Pitch>
				<Roll>0</Roll>
				<Yaw>179.999985</Yaw>
			</Attachment>
		</Attachment>
		<Attachment>
			<ModelHash>0xc48d09a2</ModelHash>
			<Type>3</Type>
			<Dynamic>false</Dynamic>
			<FrozenPos>true</FrozenPos>
			<HashName>hei_prop_carrier_panel_2</HashName>
			<InitialHandle>87413</InitialHandle>
			<ObjectProperties>
				<TextureVariation>0</TextureVariation>
			</ObjectProperties>
			<OpacityLevel>255</OpacityLevel>
			<LodDistance>16960</LodDistance>
			<IsVisible>true</IsVisible>
			<MaxHealth>1000</MaxHealth>
			<Health>1000</Health>
			<HasGravity>true</HasGravity>
			<IsOnFire>false</IsOnFire>
			<IsInvincible>false</IsInvincible>
			<IsBulletProof>false</IsBulletProof>
			<IsCollisionProof>false</IsCollisionProof>
			<IsExplosionProof>false</IsExplosionProof>
			<IsFireProof>false</IsFireProof>
			<IsMeleeProof>false</IsMeleeProof>
			<IsOnlyDamagedByPlayer>false</IsOnlyDamagedByPlayer>
			<PositionRotation>
				<X>1609.42847</X>
				<Y>3244.09229</Y>
				<Z>41.15205</Z>
				<Pitch>-89.3970337</Pitch>
				<Roll>-82.7830276</Roll>
				<Yaw>2.08073235</Yaw>
			</PositionRotation>
			<Attachment isAttached="true">
				<AttachedTo>361300</AttachedTo>
				<BoneIndex>0</BoneIndex>
				<X>0.210000068</X>
				<Y>2.74000311</Y>
				<Z>0.920000017</Z>
				<Pitch>-90</Pitch>
				<Roll>0</Roll>
				<Yaw>89.9999847</Yaw>
			</Attachment>
		</Attachment>
		<Attachment>
			<ModelHash>0xc48d09a2</ModelHash>
			<Type>3</Type>
			<Dynamic>false</Dynamic>
			<FrozenPos>true</FrozenPos>
			<HashName>hei_prop_carrier_panel_2</HashName>
			<InitialHandle>438647</InitialHandle>
			<ObjectProperties>
				<TextureVariation>0</TextureVariation>
			</ObjectProperties>
			<OpacityLevel>255</OpacityLevel>
			<LodDistance>16960</LodDistance>
			<IsVisible>true</IsVisible>
			<MaxHealth>1000</MaxHealth>
			<Health>1000</Health>
			<HasGravity>true</HasGravity>
			<IsOnFire>false</IsOnFire>
			<IsInvincible>false</IsInvincible>
			<IsBulletProof>false</IsBulletProof>
			<IsCollisionProof>false</IsCollisionProof>
			<IsExplosionProof>false</IsExplosionProof>
			<IsFireProof>false</IsFireProof>
			<IsMeleeProof>false</IsMeleeProof>
			<IsOnlyDamagedByPlayer>false</IsOnlyDamagedByPlayer>
			<PositionRotation>
				<X>1609.00012</X>
				<Y>3244.13086</Y>
				<Z>41.1466217</Z>
				<Pitch>-89.3970337</Pitch>
				<Roll>-82.7830276</Roll>
				<Yaw>2.08073235</Yaw>
			</PositionRotation>
			<Attachment isAttached="true">
				<AttachedTo>361300</AttachedTo>
				<BoneIndex>0</BoneIndex>
				<X>-0.220000103</X>
				<Y>2.74000311</Y>
				<Z>0.914000094</Z>
				<Pitch>-90</Pitch>
				<Roll>0</Roll>
				<Yaw>89.9999847</Yaw>
			</Attachment>
		</Attachment>
		<Attachment>
			<ModelHash>0xc48d09a2</ModelHash>
			<Type>3</Type>
			<Dynamic>false</Dynamic>
			<FrozenPos>true</FrozenPos>
			<HashName>hei_prop_carrier_panel_2</HashName>
			<InitialHandle>92198</InitialHandle>
			<ObjectProperties>
				<TextureVariation>0</TextureVariation>
			</ObjectProperties>
			<OpacityLevel>255</OpacityLevel>
			<LodDistance>16960</LodDistance>
			<IsVisible>true</IsVisible>
			<MaxHealth>1000</MaxHealth>
			<Health>1000</Health>
			<HasGravity>true</HasGravity>
			<IsOnFire>false</IsOnFire>
			<IsInvincible>false</IsInvincible>
			<IsBulletProof>false</IsBulletProof>
			<IsCollisionProof>false</IsCollisionProof>
			<IsExplosionProof>false</IsExplosionProof>
			<IsFireProof>false</IsFireProof>
			<IsMeleeProof>false</IsMeleeProof>
			<IsOnlyDamagedByPlayer>false</IsOnlyDamagedByPlayer>
			<PositionRotation>
				<X>1609.31396</X>
				<Y>3245.17358</Y>
				<Z>40.5134354</Z>
				<Pitch>0.598356545</Pitch>
				<Roll>0.0757668614</Roll>
				<Yaw>-5.13663244</Yaw>
			</PositionRotation>
			<Attachment isAttached="true">
				<AttachedTo>361300</AttachedTo>
				<BoneIndex>0</BoneIndex>
				<X>0</X>
				<Y>3.8000021</Y>
				<Z>0.270000279</Z>
				<Pitch>0</Pitch>
				<Roll>0</Roll>
				<Yaw>-1.71661377e-05</Yaw>
			</Attachment>
		</Attachment>
		<Attachment>
			<ModelHash>0x9af9367b</ModelHash>
			<Type>3</Type>
			<Dynamic>false</Dynamic>
			<FrozenPos>true</FrozenPos>
			<HashName>hei_prop_carrier_panel_4</HashName>
			<InitialHandle>29817</InitialHandle>
			<ObjectProperties>
				<TextureVariation>0</TextureVariation>
			</ObjectProperties>
			<OpacityLevel>255</OpacityLevel>
			<LodDistance>16960</LodDistance>
			<IsVisible>true</IsVisible>
			<MaxHealth>1000</MaxHealth>
			<Health>1000</Health>
			<HasGravity>true</HasGravity>
			<IsOnFire>false</IsOnFire>
			<IsInvincible>false</IsInvincible>
			<IsBulletProof>false</IsBulletProof>
			<IsCollisionProof>false</IsCollisionProof>
			<IsExplosionProof>false</IsExplosionProof>
			<IsFireProof>false</IsFireProof>
			<IsMeleeProof>false</IsMeleeProof>
			<IsOnlyDamagedByPlayer>false</IsOnlyDamagedByPlayer>
			<PositionRotation>
				<X>1610.30896</X>
				<Y>3244.28955</Y>
				<Z>40.6337624</Z>
				<Pitch>0.0757627711</Pitch>
				<Roll>-0.598356962</Roll>
				<Yaw>84.864151</Yaw>
			</PositionRotation>
			<Attachment isAttached="true">
				<AttachedTo>361300</AttachedTo>
				<BoneIndex>0</BoneIndex>
				<X>1.07000017</X>
				<Y>3.01000094</Y>
				<Z>0.399999946</Z>
				<Pitch>0</Pitch>
				<Roll>0</Roll>
				<Yaw>89.9999847</Yaw>
			</Attachment>
		</Attachment>
		<Attachment>
			<ModelHash>0x9af9367b</ModelHash>
			<Type>3</Type>
			<Dynamic>false</Dynamic>
			<FrozenPos>true</FrozenPos>
			<HashName>hei_prop_carrier_panel_4</HashName>
			<InitialHandle>348538</InitialHandle>
			<ObjectProperties>
				<TextureVariation>0</TextureVariation>
			</ObjectProperties>
			<OpacityLevel>255</OpacityLevel>
			<LodDistance>16960</LodDistance>
			<IsVisible>true</IsVisible>
			<MaxHealth>1000</MaxHealth>
			<Health>1000</Health>
			<HasGravity>true</HasGravity>
			<IsOnFire>false</IsOnFire>
			<IsInvincible>false</IsInvincible>
			<IsBulletProof>false</IsBulletProof>
			<IsCollisionProof>false</IsCollisionProof>
			<IsExplosionProof>false</IsExplosionProof>
			<IsFireProof>false</IsFireProof>
			<IsMeleeProof>false</IsMeleeProof>
			<IsOnlyDamagedByPlayer>false</IsOnlyDamagedByPlayer>
			<PositionRotation>
				<X>1610.20935</X>
				<Y>3244.29858</Y>
				<Z>40.6338959</Z>
				<Pitch>-0.0757628456</Pitch>
				<Roll>0.598356962</Roll>
				<Yaw>-95.135849</Yaw>
			</PositionRotation>
			<Attachment isAttached="true">
				<AttachedTo>361300</AttachedTo>
				<BoneIndex>0</BoneIndex>
				<X>0.970000148</X>
				<Y>3.01000094</Y>
				<Z>0.399999946</Z>
				<Pitch>0</Pitch>
				<Roll>0</Roll>
				<Yaw>-90.0000229</Yaw>
			</Attachment>
		</Attachment>
		<Attachment>
			<ModelHash>0x9af9367b</ModelHash>
			<Type>3</Type>
			<Dynamic>false</Dynamic>
			<FrozenPos>true</FrozenPos>
			<HashName>hei_prop_carrier_panel_4</HashName>
			<InitialHandle>386941</InitialHandle>
			<ObjectProperties>
				<TextureVariation>0</TextureVariation>
			</ObjectProperties>
			<OpacityLevel>255</OpacityLevel>
			<LodDistance>16960</LodDistance>
			<IsVisible>true</IsVisible>
			<MaxHealth>1000</MaxHealth>
			<Health>1000</Health>
			<HasGravity>true</HasGravity>
			<IsOnFire>false</IsOnFire>
			<IsInvincible>false</IsInvincible>
			<IsBulletProof>false</IsBulletProof>
			<IsCollisionProof>false</IsCollisionProof>
			<IsExplosionProof>false</IsExplosionProof>
			<IsFireProof>false</IsFireProof>
			<IsMeleeProof>false</IsMeleeProof>
			<IsOnlyDamagedByPlayer>false</IsOnlyDamagedByPlayer>
			<PositionRotation>
				<X>1608.17761</X>
				<Y>3244.4812</Y>
				<Z>40.6365929</Z>
				<Pitch>-0.0757628456</Pitch>
				<Roll>0.598356962</Roll>
				<Yaw>-95.135849</Yaw>
			</PositionRotation>
			<Attachment isAttached="true">
				<AttachedTo>361300</AttachedTo>
				<BoneIndex>0</BoneIndex>
				<X>-1.07000017</X>
				<Y>3.01000094</Y>
				<Z>0.399999946</Z>
				<Pitch>0</Pitch>
				<Roll>0</Roll>
				<Yaw>-90.0000229</Yaw>
			</Attachment>
		</Attachment>
		<Attachment>
			<ModelHash>0x9af9367b</ModelHash>
			<Type>3</Type>
			<Dynamic>false</Dynamic>
			<FrozenPos>true</FrozenPos>
			<HashName>hei_prop_carrier_panel_4</HashName>
			<InitialHandle>363901</InitialHandle>
			<ObjectProperties>
				<TextureVariation>0</TextureVariation>
			</ObjectProperties>
			<OpacityLevel>255</OpacityLevel>
			<LodDistance>16960</LodDistance>
			<IsVisible>true</IsVisible>
			<MaxHealth>1000</MaxHealth>
			<Health>1000</Health>
			<HasGravity>true</HasGravity>
			<IsOnFire>false</IsOnFire>
			<IsInvincible>false</IsInvincible>
			<IsBulletProof>false</IsBulletProof>
			<IsCollisionProof>false</IsCollisionProof>
			<IsExplosionProof>false</IsExplosionProof>
			<IsFireProof>false</IsFireProof>
			<IsMeleeProof>false</IsMeleeProof>
			<IsOnlyDamagedByPlayer>false</IsOnlyDamagedByPlayer>
			<PositionRotation>
				<X>1608.2771</X>
				<Y>3244.47217</Y>
				<Z>40.6364594</Z>
				<Pitch>0.0757629126</Pitch>
				<Roll>-0.598356962</Roll>
				<Yaw>84.8641357</Yaw>
			</PositionRotation>
			<Attachment isAttached="true">
				<AttachedTo>361300</AttachedTo>
				<BoneIndex>0</BoneIndex>
				<X>-0.970000148</X>
				<Y>3.01000094</Y>
				<Z>0.399999946</Z>
				<Pitch>0</Pitch>
				<Roll>0</Roll>
				<Yaw>89.9999695</Yaw>
			</Attachment>
		</Attachment>
		<Attachment>
			<ModelHash>0x6ecb6d31</ModelHash>
			<Type>3</Type>
			<Dynamic>false</Dynamic>
			<FrozenPos>true</FrozenPos>
			<HashName>prop_wall_vent_01</HashName>
			<InitialHandle>79231</InitialHandle>
			<ObjectProperties>
				<TextureVariation>0</TextureVariation>
			</ObjectProperties>
			<OpacityLevel>255</OpacityLevel>
			<LodDistance>16960</LodDistance>
			<IsVisible>true</IsVisible>
			<MaxHealth>1000</MaxHealth>
			<Health>1000</Health>
			<HasGravity>true</HasGravity>
			<IsOnFire>false</IsOnFire>
			<IsInvincible>false</IsInvincible>
			<IsBulletProof>false</IsBulletProof>
			<IsCollisionProof>false</IsCollisionProof>
			<IsExplosionProof>false</IsExplosionProof>
			<IsFireProof>false</IsFireProof>
			<IsMeleeProof>false</IsMeleeProof>
			<IsOnlyDamagedByPlayer>false</IsOnlyDamagedByPlayer>
			<PositionRotation>
				<X>1609.30408</X>
				<Y>3245.06323</Y>
				<Z>40.5922813</Z>
				<Pitch>-0.598356485</Pitch>
				<Roll>-0.0757669136</Roll>
				<Yaw>174.863358</Yaw>
			</PositionRotation>
			<Attachment isAttached="true">
				<AttachedTo>361300</AttachedTo>
				<BoneIndex>0</BoneIndex>
				<X>0</X>
				<Y>3.69000077</Y>
				<Z>0.349999994</Z>
				<Pitch>-1.49011612e-08</Pitch>
				<Roll>0</Roll>
				<Yaw>179.999985</Yaw>
			</Attachment>
		</Attachment>
		<Attachment>
			<ModelHash>0xc48d09a2</ModelHash>
			<Type>3</Type>
			<Dynamic>false</Dynamic>
			<FrozenPos>true</FrozenPos>
			<HashName>hei_prop_carrier_panel_2</HashName>
			<InitialHandle>507259</InitialHandle>
			<ObjectProperties>
				<TextureVariation>0</TextureVariation>
			</ObjectProperties>
			<OpacityLevel>255</OpacityLevel>
			<LodDistance>16960</LodDistance>
			<IsVisible>true</IsVisible>
			<MaxHealth>1000</MaxHealth>
			<Health>1000</Health>
			<HasGravity>true</HasGravity>
			<IsOnFire>false</IsOnFire>
			<IsInvincible>false</IsInvincible>
			<IsBulletProof>false</IsBulletProof>
			<IsCollisionProof>false</IsCollisionProof>
			<IsExplosionProof>false</IsExplosionProof>
			<IsFireProof>false</IsFireProof>
			<IsMeleeProof>false</IsMeleeProof>
			<IsOnlyDamagedByPlayer>false</IsOnlyDamagedByPlayer>
			<PositionRotation>
				<X>1609.85571</X>
				<Y>3244.04614</Y>
				<Z>40.9213905</Z>
				<Pitch>-89.3970337</Pitch>
				<Roll>-82.7830276</Roll>
				<Yaw>2.08073235</Yaw>
			</PositionRotation>
			<Attachment isAttached="true">
				<AttachedTo>361300</AttachedTo>
				<BoneIndex>0</BoneIndex>
				<X>0.639999986</X>
				<Y>2.73000312</Y>
				<Z>0.689999998</Z>
				<Pitch>-90</Pitch>
				<Roll>0</Roll>
				<Yaw>89.9999847</Yaw>
			</Attachment>
		</Attachment>
		<Attachment>
			<ModelHash>0xc48d09a2</ModelHash>
			<Type>3</Type>
			<Dynamic>false</Dynamic>
			<FrozenPos>true</FrozenPos>
			<HashName>hei_prop_carrier_panel_2</HashName>
			<InitialHandle>725550</InitialHandle>
			<ObjectProperties>
				<TextureVariation>0</TextureVariation>
			</ObjectProperties>
			<OpacityLevel>255</OpacityLevel>
			<LodDistance>16960</LodDistance>
			<IsVisible>true</IsVisible>
			<MaxHealth>1000</MaxHealth>
			<Health>1000</Health>
			<HasGravity>true</HasGravity>
			<IsOnFire>false</IsOnFire>
			<IsInvincible>false</IsInvincible>
			<IsBulletProof>false</IsBulletProof>
			<IsCollisionProof>false</IsCollisionProof>
			<IsExplosionProof>false</IsExplosionProof>
			<IsFireProof>false</IsFireProof>
			<IsMeleeProof>false</IsMeleeProof>
			<IsOnlyDamagedByPlayer>false</IsOnlyDamagedByPlayer>
			<PositionRotation>
				<X>1608.57092</X>
				<Y>3244.16162</Y>
				<Z>40.9230957</Z>
				<Pitch>-89.3970337</Pitch>
				<Roll>-82.7830276</Roll>
				<Yaw>2.08073235</Yaw>
			</PositionRotation>
			<Attachment isAttached="true">
				<AttachedTo>361300</AttachedTo>
				<BoneIndex>0</BoneIndex>
				<X>-0.650000274</X>
				<Y>2.73000312</Y>
				<Z>0.689999998</Z>
				<Pitch>-90</Pitch>
				<Roll>0</Roll>
				<Yaw>89.9999847</Yaw>
			</Attachment>
		</Attachment>
		<Attachment>
			<ModelHash>0xc48d09a2</ModelHash>
			<Type>3</Type>
			<Dynamic>false</Dynamic>
			<FrozenPos>true</FrozenPos>
			<HashName>hei_prop_carrier_panel_2</HashName>
			<InitialHandle>379519</InitialHandle>
			<ObjectProperties>
				<TextureVariation>0</TextureVariation>
			</ObjectProperties>
			<OpacityLevel>255</OpacityLevel>
			<LodDistance>16960</LodDistance>
			<IsVisible>true</IsVisible>
			<MaxHealth>1000</MaxHealth>
			<Health>1000</Health>
			<HasGravity>true</HasGravity>
			<IsOnFire>false</IsOnFire>
			<IsInvincible>false</IsInvincible>
			<IsBulletProof>false</IsBulletProof>
			<IsCollisionProof>false</IsCollisionProof>
			<IsExplosionProof>false</IsExplosionProof>
			<IsFireProof>false</IsFireProof>
			<IsMeleeProof>false</IsMeleeProof>
			<IsOnlyDamagedByPlayer>false</IsOnlyDamagedByPlayer>
			<PositionRotation>
				<X>1609.86646</X>
				<Y>3244.05713</Y>
				<Z>40.7314911</Z>
				<Pitch>0.0757646784</Pitch>
				<Roll>-0.598356962</Roll>
				<Yaw>84.864151</Yaw>
			</PositionRotation>
			<Attachment isAttached="true">
				<AttachedTo>361300</AttachedTo>
				<BoneIndex>0</BoneIndex>
				<X>0.650000095</X>
				<Y>2.74000311</Y>
				<Z>0.49999994</Z>
				<Pitch>1.90734863e-06</Pitch>
				<Roll>0</Roll>
				<Yaw>89.9999847</Yaw>
			</Attachment>
		</Attachment>
		<Attachment>
			<ModelHash>0xc48d09a2</ModelHash>
			<Type>3</Type>
			<Dynamic>false</Dynamic>
			<FrozenPos>true</FrozenPos>
			<HashName>hei_prop_carrier_panel_2</HashName>
			<InitialHandle>581633</InitialHandle>
			<ObjectProperties>
				<TextureVariation>0</TextureVariation>
			</ObjectProperties>
			<OpacityLevel>255</OpacityLevel>
			<LodDistance>16960</LodDistance>
			<IsVisible>true</IsVisible>
			<MaxHealth>1000</MaxHealth>
			<Health>1000</Health>
			<HasGravity>true</HasGravity>
			<IsOnFire>false</IsOnFire>
			<IsInvincible>false</IsInvincible>
			<IsBulletProof>false</IsBulletProof>
			<IsCollisionProof>false</IsCollisionProof>
			<IsExplosionProof>false</IsExplosionProof>
			<IsFireProof>false</IsFireProof>
			<IsMeleeProof>false</IsMeleeProof>
			<IsOnlyDamagedByPlayer>false</IsOnlyDamagedByPlayer>
			<PositionRotation>
				<X>1608.56177</X>
				<Y>3244.17456</Y>
				<Z>40.7332268</Z>
				<Pitch>-0.0757607967</Pitch>
				<Roll>0.598356962</Roll>
				<Yaw>-95.1358337</Yaw>
			</PositionRotation>
			<Attachment isAttached="true">
				<AttachedTo>361300</AttachedTo>
				<BoneIndex>0</BoneIndex>
				<X>-0.660000145</X>
				<Y>2.74000311</Y>
				<Z>0.49999994</Z>
				<Pitch>1.90734863e-06</Pitch>
				<Roll>0</Roll>
				<Yaw>-90.0000153</Yaw>
			</Attachment>
		</Attachment>
		<Attachment>
			<ModelHash>0xd40ba89f</ModelHash>
			<Type>3</Type>
			<Dynamic>false</Dynamic>
			<FrozenPos>true</FrozenPos>
			<HashName>hei_prop_carrier_panel_1</HashName>
			<InitialHandle>509955</InitialHandle>
			<ObjectProperties>
				<TextureVariation>0</TextureVariation>
			</ObjectProperties>
			<OpacityLevel>255</OpacityLevel>
			<LodDistance>16960</LodDistance>
			<IsVisible>true</IsVisible>
			<MaxHealth>1000</MaxHealth>
			<Health>1000</Health>
			<HasGravity>true</HasGravity>
			<IsOnFire>false</IsOnFire>
			<IsInvincible>false</IsInvincible>
			<IsBulletProof>false</IsBulletProof>
			<IsCollisionProof>false</IsCollisionProof>
			<IsExplosionProof>false</IsExplosionProof>
			<IsFireProof>false</IsFireProof>
			<IsMeleeProof>false</IsMeleeProof>
			<IsOnlyDamagedByPlayer>false</IsOnlyDamagedByPlayer>
			<PositionRotation>
				<X>1609.22876</X>
				<Y>3244.23193</Y>
				<Z>40.0835381</Z>
				<Pitch>89.3967056</Pitch>
				<Roll>-7.21633101</Roll>
				<Yaw>-177.919907</Yaw>
			</PositionRotation>
			<Attachment isAttached="true">
				<AttachedTo>361300</AttachedTo>
				<BoneIndex>0</BoneIndex>
				<X>0</X>
				<Y>2.85000348</Y>
				<Z>-0.150000051</Z>
				<Pitch>90</Pitch>
				<Roll>0</Roll>
				<Yaw>179.999985</Yaw>
			</Attachment>
		</Attachment>
		<Attachment>
			<ModelHash>0xd40ba89f</ModelHash>
			<Type>3</Type>
			<Dynamic>false</Dynamic>
			<FrozenPos>true</FrozenPos>
			<HashName>hei_prop_carrier_panel_1</HashName>
			<InitialHandle>83205</InitialHandle>
			<ObjectProperties>
				<TextureVariation>0</TextureVariation>
			</ObjectProperties>
			<OpacityLevel>255</OpacityLevel>
			<LodDistance>16960</LodDistance>
			<IsVisible>true</IsVisible>
			<MaxHealth>1000</MaxHealth>
			<Health>1000</Health>
			<HasGravity>true</HasGravity>
			<IsOnFire>false</IsOnFire>
			<IsInvincible>false</IsInvincible>
			<IsBulletProof>false</IsBulletProof>
			<IsCollisionProof>false</IsCollisionProof>
			<IsExplosionProof>false</IsExplosionProof>
			<IsFireProof>false</IsFireProof>
			<IsMeleeProof>false</IsMeleeProof>
			<IsOnlyDamagedByPlayer>false</IsOnlyDamagedByPlayer>
			<PositionRotation>
				<X>1609.66125</X>
				<Y>3244.46411</Y>
				<Z>40.0878143</Z>
				<Pitch>89.3970337</Pitch>
				<Roll>-97.2158356</Roll>
				<Yaw>-177.92038</Yaw>
			</PositionRotation>
			<Attachment isAttached="true">
				<AttachedTo>361300</AttachedTo>
				<BoneIndex>30</BoneIndex>
				<X>0.409999937</X>
				<Y>3.12000322</Y>
				<Z>-0.148000047</Z>
				<Pitch>90</Pitch>
				<Roll>0</Roll>
				<Yaw>89.9999847</Yaw>
			</Attachment>
		</Attachment>
		<Attachment>
			<ModelHash>0xd40ba89f</ModelHash>
			<Type>3</Type>
			<Dynamic>false</Dynamic>
			<FrozenPos>true</FrozenPos>
			<HashName>hei_prop_carrier_panel_1</HashName>
			<InitialHandle>341252</InitialHandle>
			<ObjectProperties>
				<TextureVariation>0</TextureVariation>
			</ObjectProperties>
			<OpacityLevel>255</OpacityLevel>
			<LodDistance>16960</LodDistance>
			<IsVisible>true</IsVisible>
			<MaxHealth>1000</MaxHealth>
			<Health>1000</Health>
			<HasGravity>true</HasGravity>
			<IsOnFire>false</IsOnFire>
			<IsInvincible>false</IsInvincible>
			<IsBulletProof>false</IsBulletProof>
			<IsCollisionProof>false</IsCollisionProof>
			<IsExplosionProof>false</IsExplosionProof>
			<IsFireProof>false</IsFireProof>
			<IsMeleeProof>false</IsMeleeProof>
			<IsOnlyDamagedByPlayer>false</IsOnlyDamagedByPlayer>
			<PositionRotation>
				<X>1609.13342</X>
				<Y>3244.51147</Y>
				<Z>40.0875168</Z>
				<Pitch>89.3970337</Pitch>
				<Roll>-97.2158356</Roll>
				<Yaw>-177.92038</Yaw>
			</PositionRotation>
			<Attachment isAttached="true">
				<AttachedTo>361300</AttachedTo>
				<BoneIndex>30</BoneIndex>
				<X>-0.120000049</X>
				<Y>3.12000322</Y>
				<Z>-0.149000049</Z>
				<Pitch>90</Pitch>
				<Roll>0</Roll>
				<Yaw>89.9999847</Yaw>
			</Attachment>
		</Attachment>
		<Attachment>
			<ModelHash>0x9af9367b</ModelHash>
			<Type>3</Type>
			<Dynamic>false</Dynamic>
			<FrozenPos>true</FrozenPos>
			<HashName>hei_prop_carrier_panel_4</HashName>
			<InitialHandle>512773</InitialHandle>
			<ObjectProperties>
				<TextureVariation>0</TextureVariation>
			</ObjectProperties>
			<OpacityLevel>255</OpacityLevel>
			<LodDistance>16960</LodDistance>
			<IsVisible>true</IsVisible>
			<MaxHealth>1000</MaxHealth>
			<Health>1000</Health>
			<HasGravity>true</HasGravity>
			<IsOnFire>false</IsOnFire>
			<IsInvincible>false</IsInvincible>
			<IsBulletProof>false</IsBulletProof>
			<IsCollisionProof>false</IsCollisionProof>
			<IsExplosionProof>false</IsExplosionProof>
			<IsFireProof>false</IsFireProof>
			<IsMeleeProof>false</IsMeleeProof>
			<IsOnlyDamagedByPlayer>false</IsOnlyDamagedByPlayer>
			<PositionRotation>
				<X>1610.58789</X>
				<Y>3244.26465</Y>
				<Z>40.6333923</Z>
				<Pitch>0.0757627711</Pitch>
				<Roll>-0.598356962</Roll>
				<Yaw>84.864151</Yaw>
			</PositionRotation>
			<Attachment isAttached="true">
				<AttachedTo>361300</AttachedTo>
				<BoneIndex>0</BoneIndex>
				<X>1.3499999</X>
				<Y>3.01000094</Y>
				<Z>0.399999946</Z>
				<Pitch>0</Pitch>
				<Roll>0</Roll>
				<Yaw>89.9999847</Yaw>
			</Attachment>
		</Attachment>
		<Attachment>
			<ModelHash>0x9af9367b</ModelHash>
			<Type>3</Type>
			<Dynamic>false</Dynamic>
			<FrozenPos>true</FrozenPos>
			<HashName>hei_prop_carrier_panel_4</HashName>
			<InitialHandle>88071</InitialHandle>
			<ObjectProperties>
				<TextureVariation>0</TextureVariation>
			</ObjectProperties>
			<OpacityLevel>255</OpacityLevel>
			<LodDistance>16960</LodDistance>
			<IsVisible>true</IsVisible>
			<MaxHealth>1000</MaxHealth>
			<Health>1000</Health>
			<HasGravity>true</HasGravity>
			<IsOnFire>false</IsOnFire>
			<IsInvincible>false</IsInvincible>
			<IsBulletProof>false</IsBulletProof>
			<IsCollisionProof>false</IsCollisionProof>
			<IsExplosionProof>false</IsExplosionProof>
			<IsFireProof>false</IsFireProof>
			<IsMeleeProof>false</IsMeleeProof>
			<IsOnlyDamagedByPlayer>false</IsOnlyDamagedByPlayer>
			<PositionRotation>
				<X>1610.43848</X>
				<Y>3244.27808</Y>
				<Z>40.6335907</Z>
				<Pitch>-0.0757628456</Pitch>
				<Roll>0.598356962</Roll>
				<Yaw>-95.135849</Yaw>
			</PositionRotation>
			<Attachment isAttached="true">
				<AttachedTo>361300</AttachedTo>
				<BoneIndex>0</BoneIndex>
				<X>1.19999993</X>
				<Y>3.01000094</Y>
				<Z>0.399999946</Z>
				<Pitch>0</Pitch>
				<Roll>0</Roll>
				<Yaw>-90.0000229</Yaw>
			</Attachment>
		</Attachment>
		<Attachment>
			<ModelHash>0x9af9367b</ModelHash>
			<Type>3</Type>
			<Dynamic>false</Dynamic>
			<FrozenPos>true</FrozenPos>
			<HashName>hei_prop_carrier_panel_4</HashName>
			<InitialHandle>757256</InitialHandle>
			<ObjectProperties>
				<TextureVariation>0</TextureVariation>
			</ObjectProperties>
			<OpacityLevel>255</OpacityLevel>
			<LodDistance>16960</LodDistance>
			<IsVisible>true</IsVisible>
			<MaxHealth>1000</MaxHealth>
			<Health>1000</Health>
			<HasGravity>true</HasGravity>
			<IsOnFire>false</IsOnFire>
			<IsInvincible>false</IsInvincible>
			<IsBulletProof>false</IsBulletProof>
			<IsCollisionProof>false</IsCollisionProof>
			<IsExplosionProof>false</IsExplosionProof>
			<IsFireProof>false</IsFireProof>
			<IsMeleeProof>false</IsMeleeProof>
			<IsOnlyDamagedByPlayer>false</IsOnlyDamagedByPlayer>
			<PositionRotation>
				<X>1607.86877</X>
				<Y>3244.50903</Y>
				<Z>40.637001</Z>
				<Pitch>-0.0757628456</Pitch>
				<Roll>0.598356962</Roll>
				<Yaw>-95.135849</Yaw>
			</PositionRotation>
			<Attachment isAttached="true">
				<AttachedTo>361300</AttachedTo>
				<BoneIndex>0</BoneIndex>
				<X>-1.37999988</X>
				<Y>3.01000094</Y>
				<Z>0.399999946</Z>
				<Pitch>0</Pitch>
				<Roll>0</Roll>
				<Yaw>-90.0000229</Yaw>
			</Attachment>
		</Attachment>
		<Attachment>
			<ModelHash>0x9af9367b</ModelHash>
			<Type>3</Type>
			<Dynamic>false</Dynamic>
			<FrozenPos>true</FrozenPos>
			<HashName>hei_prop_carrier_panel_4</HashName>
			<InitialHandle>741640</InitialHandle>
			<ObjectProperties>
				<TextureVariation>0</TextureVariation>
			</ObjectProperties>
			<OpacityLevel>255</OpacityLevel>
			<LodDistance>16960</LodDistance>
			<IsVisible>true</IsVisible>
			<MaxHealth>1000</MaxHealth>
			<Health>1000</Health>
			<HasGravity>true</HasGravity>
			<IsOnFire>false</IsOnFire>
			<IsInvincible>false</IsInvincible>
			<IsBulletProof>false</IsBulletProof>
			<IsCollisionProof>false</IsCollisionProof>
			<IsExplosionProof>false</IsExplosionProof>
			<IsFireProof>false</IsFireProof>
			<IsMeleeProof>false</IsMeleeProof>
			<IsOnlyDamagedByPlayer>false</IsOnlyDamagedByPlayer>
			<PositionRotation>
				<X>1608.06799</X>
				<Y>3244.49097</Y>
				<Z>40.6367378</Z>
				<Pitch>0.0757629126</Pitch>
				<Roll>-0.598356962</Roll>
				<Yaw>84.8641357</Yaw>
			</PositionRotation>
			<Attachment isAttached="true">
				<AttachedTo>361300</AttachedTo>
				<BoneIndex>0</BoneIndex>
				<X>-1.17999983</X>
				<Y>3.01000094</Y>
				<Z>0.399999946</Z>
				<Pitch>0</Pitch>
				<Roll>0</Roll>
				<Yaw>89.9999695</Yaw>
			</Attachment>
		</Attachment>
		<Attachment>
			<ModelHash>0xd40ba89f</ModelHash>
			<Type>3</Type>
			<Dynamic>false</Dynamic>
			<FrozenPos>true</FrozenPos>
			<HashName>hei_prop_carrier_panel_1</HashName>
			<InitialHandle>95287</InitialHandle>
			<ObjectProperties>
				<TextureVariation>0</TextureVariation>
			</ObjectProperties>
			<OpacityLevel>255</OpacityLevel>
			<LodDistance>16960</LodDistance>
			<IsVisible>true</IsVisible>
			<MaxHealth>1000</MaxHealth>
			<Health>1000</Health>
			<HasGravity>true</HasGravity>
			<IsOnFire>false</IsOnFire>
			<IsInvincible>false</IsInvincible>
			<IsBulletProof>false</IsBulletProof>
			<IsCollisionProof>false</IsCollisionProof>
			<IsExplosionProof>false</IsExplosionProof>
			<IsFireProof>false</IsFireProof>
			<IsMeleeProof>false</IsMeleeProof>
			<IsOnlyDamagedByPlayer>false</IsOnlyDamagedByPlayer>
			<PositionRotation>
				<X>1608.8147</X>
				<Y>3244.54004</Y>
				<Z>40.0859375</Z>
				<Pitch>89.3970337</Pitch>
				<Roll>-97.2158356</Roll>
				<Yaw>-177.92038</Yaw>
			</PositionRotation>
			<Attachment isAttached="true">
				<AttachedTo>361300</AttachedTo>
				<BoneIndex>30</BoneIndex>
				<X>-0.440000296</X>
				<Y>3.12000322</Y>
				<Z>-0.151000053</Z>
				<Pitch>90</Pitch>
				<Roll>0</Roll>
				<Yaw>89.9999847</Yaw>
			</Attachment>
		</Attachment>
		<Attachment>
			<ModelHash>0x13cb151f</ModelHash>
			<Type>3</Type>
			<Dynamic>false</Dynamic>
			<FrozenPos>true</FrozenPos>
			<HashName>hei_prop_hei_shack_window</HashName>
			<InitialHandle>542474</InitialHandle>
			<ObjectProperties>
				<TextureVariation>0</TextureVariation>
			</ObjectProperties>
			<OpacityLevel>255</OpacityLevel>
			<LodDistance>16960</LodDistance>
			<IsVisible>true</IsVisible>
			<MaxHealth>1000</MaxHealth>
			<Health>1000</Health>
			<HasGravity>true</HasGravity>
			<IsOnFire>false</IsOnFire>
			<IsInvincible>false</IsInvincible>
			<IsBulletProof>false</IsBulletProof>
			<IsCollisionProof>false</IsCollisionProof>
			<IsExplosionProof>false</IsExplosionProof>
			<IsFireProof>false</IsFireProof>
			<IsMeleeProof>false</IsMeleeProof>
			<IsOnlyDamagedByPlayer>false</IsOnlyDamagedByPlayer>
			<PositionRotation>
				<X>1608.17126</X>
				<Y>3245.30493</Y>
				<Z>40.655262</Z>
				<Pitch>0.598356545</Pitch>
				<Roll>0.0757666826</Roll>
				<Yaw>-5.13661528</Yaw>
			</PositionRotation>
			<Attachment isAttached="true">
				<AttachedTo>361300</AttachedTo>
				<BoneIndex>0</BoneIndex>
				<X>-1.14999998</X>
				<Y>3.82999849</Y>
				<Z>0.409999937</Z>
				<Pitch>0</Pitch>
				<Roll>0</Roll>
				<Yaw>0</Yaw>
			</Attachment>
		</Attachment>
		<Attachment>
			<ModelHash>0x13cb151f</ModelHash>
			<Type>3</Type>
			<Dynamic>false</Dynamic>
			<FrozenPos>true</FrozenPos>
			<HashName>hei_prop_hei_shack_window</HashName>
			<InitialHandle>509451</InitialHandle>
			<ObjectProperties>
				<TextureVariation>0</TextureVariation>
			</ObjectProperties>
			<OpacityLevel>255</OpacityLevel>
			<LodDistance>16960</LodDistance>
			<IsVisible>true</IsVisible>
			<MaxHealth>1000</MaxHealth>
			<Health>1000</Health>
			<HasGravity>true</HasGravity>
			<IsOnFire>false</IsOnFire>
			<IsInvincible>false</IsInvincible>
			<IsBulletProof>false</IsBulletProof>
			<IsCollisionProof>false</IsCollisionProof>
			<IsExplosionProof>false</IsExplosionProof>
			<IsFireProof>false</IsFireProof>
			<IsMeleeProof>false</IsMeleeProof>
			<IsOnlyDamagedByPlayer>false</IsOnlyDamagedByPlayer>
			<PositionRotation>
				<X>1610.50195</X>
				<Y>3245.09546</Y>
				<Z>40.6521683</Z>
				<Pitch>0.598356545</Pitch>
				<Roll>0.0757666826</Roll>
				<Yaw>-5.13661528</Yaw>
			</PositionRotation>
			<Attachment isAttached="true">
				<AttachedTo>361300</AttachedTo>
				<BoneIndex>0</BoneIndex>
				<X>1.19000041</X>
				<Y>3.82999849</Y>
				<Z>0.409999937</Z>
				<Pitch>0</Pitch>
				<Roll>0</Roll>
				<Yaw>0</Yaw>
			</Attachment>
		</Attachment>
		<Attachment>
			<ModelHash>0x13cb151f</ModelHash>
			<Type>3</Type>
			<Dynamic>false</Dynamic>
			<FrozenPos>true</FrozenPos>
			<HashName>hei_prop_hei_shack_window</HashName>
			<InitialHandle>514059</InitialHandle>
			<ObjectProperties>
				<TextureVariation>0</TextureVariation>
			</ObjectProperties>
			<OpacityLevel>255</OpacityLevel>
			<LodDistance>16960</LodDistance>
			<IsVisible>true</IsVisible>
			<MaxHealth>1000</MaxHealth>
			<Health>1000</Health>
			<HasGravity>true</HasGravity>
			<IsOnFire>false</IsOnFire>
			<IsInvincible>false</IsInvincible>
			<IsBulletProof>false</IsBulletProof>
			<IsCollisionProof>false</IsCollisionProof>
			<IsExplosionProof>false</IsExplosionProof>
			<IsFireProof>false</IsFireProof>
			<IsMeleeProof>false</IsMeleeProof>
			<IsOnlyDamagedByPlayer>false</IsOnlyDamagedByPlayer>
			<PositionRotation>
				<X>1610.43054</X>
				<Y>3244.29297</Y>
				<Z>41.1937828</Z>
				<Pitch>89.3970337</Pitch>
				<Roll>172.7836</Roll>
				<Yaw>-177.919815</Yaw>
			</PositionRotation>
			<Attachment isAttached="true">
				<AttachedTo>361300</AttachedTo>
				<BoneIndex>0</BoneIndex>
				<X>1.19000041</X>
				<Y>3.02999926</Y>
				<Z>0.960000038</Z>
				<Pitch>90.0000076</Pitch>
				<Roll>0</Roll>
				<Yaw>0</Yaw>
			</Attachment>
		</Attachment>
		<Attachment>
			<ModelHash>0x13cb151f</ModelHash>
			<Type>3</Type>
			<Dynamic>false</Dynamic>
			<FrozenPos>true</FrozenPos>
			<HashName>hei_prop_hei_shack_window</HashName>
			<InitialHandle>779276</InitialHandle>
			<ObjectProperties>
				<TextureVariation>0</TextureVariation>
			</ObjectProperties>
			<OpacityLevel>255</OpacityLevel>
			<LodDistance>16960</LodDistance>
			<IsVisible>true</IsVisible>
			<MaxHealth>1000</MaxHealth>
			<Health>1000</Health>
			<HasGravity>true</HasGravity>
			<IsOnFire>false</IsOnFire>
			<IsInvincible>false</IsInvincible>
			<IsBulletProof>false</IsBulletProof>
			<IsCollisionProof>false</IsCollisionProof>
			<IsExplosionProof>false</IsExplosionProof>
			<IsFireProof>false</IsFireProof>
			<IsMeleeProof>false</IsMeleeProof>
			<IsOnlyDamagedByPlayer>false</IsOnlyDamagedByPlayer>
			<PositionRotation>
				<X>1608.09985</X>
				<Y>3244.50244</Y>
				<Z>41.1968765</Z>
				<Pitch>89.3970337</Pitch>
				<Roll>172.7836</Roll>
				<Yaw>-177.919815</Yaw>
			</PositionRotation>
			<Attachment isAttached="true">
				<AttachedTo>361300</AttachedTo>
				<BoneIndex>0</BoneIndex>
				<X>-1.14999998</X>
				<Y>3.02999926</Y>
				<Z>0.960000038</Z>
				<Pitch>90.0000076</Pitch>
				<Roll>0</Roll>
				<Yaw>0</Yaw>
			</Attachment>
		</Attachment>
		<Attachment>
			<ModelHash>0x13cb151f</ModelHash>
			<Type>3</Type>
			<Dynamic>false</Dynamic>
			<FrozenPos>true</FrozenPos>
			<HashName>hei_prop_hei_shack_window</HashName>
			<InitialHandle>51214</InitialHandle>
			<ObjectProperties>
				<TextureVariation>0</TextureVariation>
			</ObjectProperties>
			<OpacityLevel>255</OpacityLevel>
			<LodDistance>16960</LodDistance>
			<IsVisible>true</IsVisible>
			<MaxHealth>1000</MaxHealth>
			<Health>1000</Health>
			<HasGravity>true</HasGravity>
			<IsOnFire>false</IsOnFire>
			<IsInvincible>false</IsInvincible>
			<IsBulletProof>false</IsBulletProof>
			<IsCollisionProof>false</IsCollisionProof>
			<IsExplosionProof>false</IsExplosionProof>
			<IsFireProof>false</IsFireProof>
			<IsMeleeProof>false</IsMeleeProof>
			<IsOnlyDamagedByPlayer>false</IsOnlyDamagedByPlayer>
			<PositionRotation>
				<X>1610.323</X>
				<Y>3243.0979</Y>
				<Z>41.1802483</Z>
				<Pitch>89.3970337</Pitch>
				<Roll>172.7836</Roll>
				<Yaw>-177.919815</Yaw>
			</PositionRotation>
			<Attachment isAttached="true">
				<AttachedTo>361300</AttachedTo>
				<BoneIndex>0</BoneIndex>
				<X>1.19000041</X>
				<Y>1.83000016</Y>
				<Z>0.959000051</Z>
				<Pitch>90.0000076</Pitch>
				<Roll>0</Roll>
				<Yaw>0</Yaw>
			</Attachment>
		</Attachment>
		<Attachment>
			<ModelHash>0x13cb151f</ModelHash>
			<Type>3</Type>
			<Dynamic>false</Dynamic>
			<FrozenPos>true</FrozenPos>
			<HashName>hei_prop_hei_shack_window</HashName>
			<InitialHandle>470541</InitialHandle>
			<ObjectProperties>
				<TextureVariation>0</TextureVariation>
			</ObjectProperties>
			<OpacityLevel>255</OpacityLevel>
			<LodDistance>16960</LodDistance>
			<IsVisible>true</IsVisible>
			<MaxHealth>1000</MaxHealth>
			<Health>1000</Health>
			<HasGravity>true</HasGravity>
			<IsOnFire>false</IsOnFire>
			<IsInvincible>false</IsInvincible>
			<IsBulletProof>false</IsBulletProof>
			<IsCollisionProof>false</IsCollisionProof>
			<IsExplosionProof>false</IsExplosionProof>
			<IsFireProof>false</IsFireProof>
			<IsMeleeProof>false</IsMeleeProof>
			<IsOnlyDamagedByPlayer>false</IsOnlyDamagedByPlayer>
			<PositionRotation>
				<X>1610.16199</X>
				<Y>3242.08813</Y>
				<Z>41.1676903</Z>
				<Pitch>89.3976822</Pitch>
				<Roll>162.783829</Roll>
				<Yaw>-177.920059</Yaw>
			</PositionRotation>
			<Attachment isAttached="true">
				<AttachedTo>361300</AttachedTo>
				<BoneIndex>0</BoneIndex>
				<X>1.12000048</X>
				<Y>0.810000062</Y>
				<Z>0.957000077</Z>
				<Pitch>90.0000076</Pitch>
				<Roll>0</Roll>
				<Yaw>-10.000001</Yaw>
			</Attachment>
		</Attachment>
		<Attachment>
			<ModelHash>0x13cb151f</ModelHash>
			<Type>3</Type>
			<Dynamic>false</Dynamic>
			<FrozenPos>true</FrozenPos>
			<HashName>hei_prop_hei_shack_window</HashName>
			<InitialHandle>410382</InitialHandle>
			<ObjectProperties>
				<TextureVariation>0</TextureVariation>
			</ObjectProperties>
			<OpacityLevel>255</OpacityLevel>
			<LodDistance>16960</LodDistance>
			<IsVisible>true</IsVisible>
			<MaxHealth>1000</MaxHealth>
			<Health>1000</Health>
			<HasGravity>true</HasGravity>
			<IsOnFire>false</IsOnFire>
			<IsInvincible>false</IsInvincible>
			<IsBulletProof>false</IsBulletProof>
			<IsCollisionProof>false</IsCollisionProof>
			<IsExplosionProof>false</IsExplosionProof>
			<IsFireProof>false</IsFireProof>
			<IsMeleeProof>false</IsMeleeProof>
			<IsOnlyDamagedByPlayer>false</IsOnlyDamagedByPlayer>
			<PositionRotation>
				<X>1607.99243</X>
				<Y>3243.30737</Y>
				<Z>41.1833458</Z>
				<Pitch>89.3970337</Pitch>
				<Roll>172.7836</Roll>
				<Yaw>-177.919815</Yaw>
			</PositionRotation>
			<Attachment isAttached="true">
				<AttachedTo>361300</AttachedTo>
				<BoneIndex>0</BoneIndex>
				<X>-1.14999998</X>
				<Y>1.83000016</Y>
				<Z>0.959000051</Z>
				<Pitch>90.0000076</Pitch>
				<Roll>0</Roll>
				<Yaw>0</Yaw>
			</Attachment>
		</Attachment>
		<Attachment>
			<ModelHash>0x13cb151f</ModelHash>
			<Type>3</Type>
			<Dynamic>false</Dynamic>
			<FrozenPos>true</FrozenPos>
			<HashName>hei_prop_hei_shack_window</HashName>
			<InitialHandle>764945</InitialHandle>
			<ObjectProperties>
				<TextureVariation>0</TextureVariation>
			</ObjectProperties>
			<OpacityLevel>255</OpacityLevel>
			<LodDistance>16960</LodDistance>
			<IsVisible>true</IsVisible>
			<MaxHealth>1000</MaxHealth>
			<Health>1000</Health>
			<HasGravity>true</HasGravity>
			<IsOnFire>false</IsOnFire>
			<IsInvincible>false</IsInvincible>
			<IsBulletProof>false</IsBulletProof>
			<IsCollisionProof>false</IsCollisionProof>
			<IsExplosionProof>false</IsExplosionProof>
			<IsFireProof>false</IsFireProof>
			<IsMeleeProof>false</IsMeleeProof>
			<IsOnlyDamagedByPlayer>false</IsOnlyDamagedByPlayer>
			<PositionRotation>
				<X>1607.99548</X>
				<Y>3242.1123</Y>
				<Z>41.1687698</Z>
				<Pitch>89.3973618</Pitch>
				<Roll>-177.216293</Roll>
				<Yaw>-177.919907</Yaw>
			</PositionRotation>
			<Attachment isAttached="true">
				<AttachedTo>361300</AttachedTo>
				<BoneIndex>0</BoneIndex>
				<X>-1.04000008</X>
				<Y>0.640000105</Y>
				<Z>0.957000077</Z>
				<Pitch>90.0000076</Pitch>
				<Roll>10.000001</Roll>
				<Yaw>0</Yaw>
			</Attachment>
		</Attachment>
		<Attachment>
			<ModelHash>0xb1a9c764</ModelHash>
			<Type>3</Type>
			<Dynamic>false</Dynamic>
			<FrozenPos>true</FrozenPos>
			<HashName>prop_bikerack_2</HashName>
			<InitialHandle>343059</InitialHandle>
			<ObjectProperties>
				<TextureVariation>0</TextureVariation>
			</ObjectProperties>
			<OpacityLevel>255</OpacityLevel>
			<LodDistance>16960</LodDistance>
			<IsVisible>true</IsVisible>
			<MaxHealth>1000</MaxHealth>
			<Health>1000</Health>
			<HasGravity>true</HasGravity>
			<IsOnFire>false</IsOnFire>
			<IsInvincible>false</IsInvincible>
			<IsBulletProof>false</IsBulletProof>
			<IsCollisionProof>false</IsCollisionProof>
			<IsExplosionProof>false</IsExplosionProof>
			<IsFireProof>false</IsFireProof>
			<IsMeleeProof>false</IsMeleeProof>
			<IsOnlyDamagedByPlayer>false</IsOnlyDamagedByPlayer>
			<PositionRotation>
				<X>1607.84302</X>
				<Y>3240.64087</Y>
				<Z>41.0763474</Z>
				<Pitch>-0.075762555</Pitch>
				<Roll>0.598356962</Roll>
				<Yaw>-95.1358185</Yaw>
			</PositionRotation>
			<Attachment isAttached="true">
				<AttachedTo>361300</AttachedTo>
				<BoneIndex>0</BoneIndex>
				<X>-1.06000018</X>
				<Y>-0.839999557</Y>
				<Z>0.879999995</Z>
				<Pitch>0</Pitch>
				<Roll>0</Roll>
				<Yaw>-90.0000076</Yaw>
			</Attachment>
		</Attachment>
		<Attachment>
			<ModelHash>0xb1a9c764</ModelHash>
			<Type>3</Type>
			<Dynamic>false</Dynamic>
			<FrozenPos>true</FrozenPos>
			<HashName>prop_bikerack_2</HashName>
			<InitialHandle>746773</InitialHandle>
			<ObjectProperties>
				<TextureVariation>0</TextureVariation>
			</ObjectProperties>
			<OpacityLevel>255</OpacityLevel>
			<LodDistance>16960</LodDistance>
			<IsVisible>true</IsVisible>
			<MaxHealth>1000</MaxHealth>
			<Health>1000</Health>
			<HasGravity>true</HasGravity>
			<IsOnFire>false</IsOnFire>
			<IsInvincible>false</IsInvincible>
			<IsBulletProof>false</IsBulletProof>
			<IsCollisionProof>false</IsCollisionProof>
			<IsExplosionProof>false</IsExplosionProof>
			<IsFireProof>false</IsFireProof>
			<IsMeleeProof>false</IsMeleeProof>
			<IsOnlyDamagedByPlayer>false</IsOnlyDamagedByPlayer>
			<PositionRotation>
				<X>1609.94458</X>
				<Y>3240.4519</Y>
				<Z>41.073555</Z>
				<Pitch>0.0757627711</Pitch>
				<Roll>-0.598356962</Roll>
				<Yaw>84.864151</Yaw>
			</PositionRotation>
			<Attachment isAttached="true">
				<AttachedTo>361300</AttachedTo>
				<BoneIndex>30</BoneIndex>
				<X>1.05000007</X>
				<Y>-0.839999557</Y>
				<Z>0.879999995</Z>
				<Pitch>0</Pitch>
				<Roll>0</Roll>
				<Yaw>89.9999847</Yaw>
			</Attachment>
		</Attachment>
		<Attachment>
			<ModelHash>0xb1a9c764</ModelHash>
			<Type>3</Type>
			<Dynamic>false</Dynamic>
			<FrozenPos>true</FrozenPos>
			<HashName>prop_bikerack_2</HashName>
			<InitialHandle>102468</InitialHandle>
			<ObjectProperties>
				<TextureVariation>0</TextureVariation>
			</ObjectProperties>
			<OpacityLevel>255</OpacityLevel>
			<LodDistance>16960</LodDistance>
			<IsVisible>true</IsVisible>
			<MaxHealth>1000</MaxHealth>
			<Health>1000</Health>
			<HasGravity>true</HasGravity>
			<IsOnFire>false</IsOnFire>
			<IsInvincible>false</IsInvincible>
			<IsBulletProof>false</IsBulletProof>
			<IsCollisionProof>false</IsCollisionProof>
			<IsExplosionProof>false</IsExplosionProof>
			<IsFireProof>false</IsFireProof>
			<IsMeleeProof>false</IsMeleeProof>
			<IsOnlyDamagedByPlayer>false</IsOnlyDamagedByPlayer>
			<PositionRotation>
				<X>1608.73462</X>
				<Y>3239.05469</Y>
				<Z>41.0593185</Z>
				<Pitch>-0.598356485</Pitch>
				<Roll>-0.075766921</Roll>
				<Yaw>174.863358</Yaw>
			</PositionRotation>
			<Attachment isAttached="true">
				<AttachedTo>361300</AttachedTo>
				<BoneIndex>30</BoneIndex>
				<X>-0.0300000608</X>
				<Y>-2.33999944</Y>
				<Z>0.879999995</Z>
				<Pitch>0</Pitch>
				<Roll>0</Roll>
				<Yaw>179.999985</Yaw>
			</Attachment>
		</Attachment>
		<Attachment>
			<ModelHash>0x9af9367b</ModelHash>
			<Type>3</Type>
			<Dynamic>false</Dynamic>
			<FrozenPos>true</FrozenPos>
			<HashName>hei_prop_carrier_panel_4</HashName>
			<InitialHandle>46873</InitialHandle>
			<ObjectProperties>
				<TextureVariation>0</TextureVariation>
			</ObjectProperties>
			<OpacityLevel>255</OpacityLevel>
			<LodDistance>16960</LodDistance>
			<IsVisible>true</IsVisible>
			<MaxHealth>1000</MaxHealth>
			<Health>1000</Health>
			<HasGravity>true</HasGravity>
			<IsOnFire>false</IsOnFire>
			<IsInvincible>false</IsInvincible>
			<IsBulletProof>false</IsBulletProof>
			<IsCollisionProof>false</IsCollisionProof>
			<IsExplosionProof>false</IsExplosionProof>
			<IsFireProof>false</IsFireProof>
			<IsMeleeProof>false</IsMeleeProof>
			<IsOnlyDamagedByPlayer>false</IsOnlyDamagedByPlayer>
			<PositionRotation>
				<X>1610.36816</X>
				<Y>3241.26221</Y>
				<Z>40.6118927</Z>
				<Pitch>0.075762555</Pitch>
				<Roll>-0.598356962</Roll>
				<Yaw>84.8641739</Yaw>
			</PositionRotation>
			<Attachment isAttached="true">
				<AttachedTo>361300</AttachedTo>
				<BoneIndex>0</BoneIndex>
				<X>1.40000021</X>
				<Y>0</Y>
				<Z>0.410000056</Z>
				<Pitch>0</Pitch>
				<Roll>0</Roll>
				<Yaw>90.0000076</Yaw>
			</Attachment>
		</Attachment>
		<Attachment>
			<ModelHash>0x9af9367b</ModelHash>
			<Type>3</Type>
			<Dynamic>false</Dynamic>
			<FrozenPos>true</FrozenPos>
			<HashName>hei_prop_carrier_panel_4</HashName>
			<InitialHandle>24601</InitialHandle>
			<ObjectProperties>
				<TextureVariation>0</TextureVariation>
			</ObjectProperties>
			<OpacityLevel>255</OpacityLevel>
			<LodDistance>16960</LodDistance>
			<IsVisible>true</IsVisible>
			<MaxHealth>1000</MaxHealth>
			<Health>1000</Health>
			<HasGravity>true</HasGravity>
			<IsOnFire>false</IsOnFire>
			<IsInvincible>false</IsInvincible>
			<IsBulletProof>false</IsBulletProof>
			<IsCollisionProof>false</IsCollisionProof>
			<IsExplosionProof>false</IsExplosionProof>
			<IsFireProof>false</IsFireProof>
			<IsMeleeProof>false</IsMeleeProof>
			<IsOnlyDamagedByPlayer>false</IsOnlyDamagedByPlayer>
			<PositionRotation>
				<X>1610.36816</X>
				<Y>3241.26538</Y>
				<Z>40.4119148</Z>
				<Pitch>0.075762555</Pitch>
				<Roll>-0.598356962</Roll>
				<Yaw>84.8641739</Yaw>
			</PositionRotation>
			<Attachment isAttached="true">
				<AttachedTo>361300</AttachedTo>
				<BoneIndex>0</BoneIndex>
				<X>1.40000021</X>
				<Y>0.00100000016</Y>
				<Z>0.210000008</Z>
				<Pitch>0</Pitch>
				<Roll>0</Roll>
				<Yaw>90.0000076</Yaw>
			</Attachment>
		</Attachment>
		<Attachment>
			<ModelHash>0x9af9367b</ModelHash>
			<Type>3</Type>
			<Dynamic>false</Dynamic>
			<FrozenPos>true</FrozenPos>
			<HashName>hei_prop_carrier_panel_4</HashName>
			<InitialHandle>412442</InitialHandle>
			<ObjectProperties>
				<TextureVariation>0</TextureVariation>
			</ObjectProperties>
			<OpacityLevel>255</OpacityLevel>
			<LodDistance>16960</LodDistance>
			<IsVisible>true</IsVisible>
			<MaxHealth>1000</MaxHealth>
			<Health>1000</Health>
			<HasGravity>true</HasGravity>
			<IsOnFire>false</IsOnFire>
			<IsInvincible>false</IsInvincible>
			<IsBulletProof>false</IsBulletProof>
			<IsCollisionProof>false</IsCollisionProof>
			<IsExplosionProof>false</IsExplosionProof>
			<IsFireProof>false</IsFireProof>
			<IsMeleeProof>false</IsMeleeProof>
			<IsOnlyDamagedByPlayer>false</IsOnlyDamagedByPlayer>
			<PositionRotation>
				<X>1607.57947</X>
				<Y>3241.51587</Y>
				<Z>40.4156151</Z>
				<Pitch>-0.0757624954</Pitch>
				<Roll>0.598357022</Roll>
				<Yaw>-95.1358109</Yaw>
			</PositionRotation>
			<Attachment isAttached="true">
				<AttachedTo>361300</AttachedTo>
				<BoneIndex>0</BoneIndex>
				<X>-1.40000033</X>
				<Y>0.00100000016</Y>
				<Z>0.210000008</Z>
				<Pitch>0</Pitch>
				<Roll>0</Roll>
				<Yaw>-90</Yaw>
			</Attachment>
		</Attachment>
		<Attachment>
			<ModelHash>0x9af9367b</ModelHash>
			<Type>3</Type>
			<Dynamic>false</Dynamic>
			<FrozenPos>true</FrozenPos>
			<HashName>hei_prop_carrier_panel_4</HashName>
			<InitialHandle>8731</InitialHandle>
			<ObjectProperties>
				<TextureVariation>0</TextureVariation>
			</ObjectProperties>
			<OpacityLevel>255</OpacityLevel>
			<LodDistance>16960</LodDistance>
			<IsVisible>true</IsVisible>
			<MaxHealth>1000</MaxHealth>
			<Health>1000</Health>
			<HasGravity>true</HasGravity>
			<IsOnFire>false</IsOnFire>
			<IsInvincible>false</IsInvincible>
			<IsBulletProof>false</IsBulletProof>
			<IsCollisionProof>false</IsCollisionProof>
			<IsExplosionProof>false</IsExplosionProof>
			<IsFireProof>false</IsFireProof>
			<IsMeleeProof>false</IsMeleeProof>
			<IsOnlyDamagedByPlayer>false</IsOnlyDamagedByPlayer>
			<PositionRotation>
				<X>1607.57947</X>
				<Y>3241.51392</Y>
				<Z>40.6156044</Z>
				<Pitch>-0.0757625476</Pitch>
				<Roll>0.651357055</Roll>
				<Yaw>-95.1358185</Yaw>
			</PositionRotation>
			<Attachment isAttached="true">
				<AttachedTo>361300</AttachedTo>
				<BoneIndex>0</BoneIndex>
				<X>-1.40000033</X>
				<Y>0.00100000016</Y>
				<Z>0.409999877</Z>
				<Pitch>0</Pitch>
				<Roll>0.0530000106</Roll>
				<Yaw>-90</Yaw>
			</Attachment>
		</Attachment>
		<Attachment>
			<ModelHash>0x13cb151f</ModelHash>
			<Type>3</Type>
			<Dynamic>false</Dynamic>
			<FrozenPos>true</FrozenPos>
			<HashName>hei_prop_hei_shack_window</HashName>
			<InitialHandle>536859</InitialHandle>
			<ObjectProperties>
				<TextureVariation>0</TextureVariation>
			</ObjectProperties>
			<OpacityLevel>255</OpacityLevel>
			<LodDistance>16960</LodDistance>
			<IsVisible>true</IsVisible>
			<MaxHealth>1000</MaxHealth>
			<Health>1000</Health>
			<HasGravity>true</HasGravity>
			<IsOnFire>false</IsOnFire>
			<IsInvincible>false</IsInvincible>
			<IsBulletProof>false</IsBulletProof>
			<IsCollisionProof>false</IsCollisionProof>
			<IsExplosionProof>false</IsExplosionProof>
			<IsFireProof>false</IsFireProof>
			<IsMeleeProof>false</IsMeleeProof>
			<IsOnlyDamagedByPlayer>false</IsOnlyDamagedByPlayer>
			<PositionRotation>
				<X>1610.15247</X>
				<Y>3238.75293</Y>
				<Z>40.4455681</Z>
				<Pitch>-0.075762555</Pitch>
				<Roll>0.598356962</Roll>
				<Yaw>-95.1358185</Yaw>
			</PositionRotation>
			<Attachment isAttached="true">
				<AttachedTo>361300</AttachedTo>
				<BoneIndex>0</BoneIndex>
				<X>1.41000032</X>
				<Y>-2.52000093</Y>
				<Z>0.27000007</Z>
				<Pitch>0</Pitch>
				<Roll>0</Roll>
				<Yaw>-90.0000076</Yaw>
			</Attachment>
		</Attachment>
		<Attachment>
			<ModelHash>0x13cb151f</ModelHash>
			<Type>3</Type>
			<Dynamic>false</Dynamic>
			<FrozenPos>true</FrozenPos>
			<HashName>hei_prop_hei_shack_window</HashName>
			<InitialHandle>266269</InitialHandle>
			<ObjectProperties>
				<TextureVariation>0</TextureVariation>
			</ObjectProperties>
			<OpacityLevel>255</OpacityLevel>
			<LodDistance>16960</LodDistance>
			<IsVisible>true</IsVisible>
			<MaxHealth>1000</MaxHealth>
			<Health>1000</Health>
			<HasGravity>true</HasGravity>
			<IsOnFire>false</IsOnFire>
			<IsInvincible>false</IsInvincible>
			<IsBulletProof>false</IsBulletProof>
			<IsCollisionProof>false</IsCollisionProof>
			<IsExplosionProof>false</IsExplosionProof>
			<IsFireProof>false</IsFireProof>
			<IsMeleeProof>false</IsMeleeProof>
			<IsOnlyDamagedByPlayer>false</IsOnlyDamagedByPlayer>
			<PositionRotation>
				<X>1607.33386</X>
				<Y>3239.00635</Y>
				<Z>40.4493103</Z>
				<Pitch>0.0757627711</Pitch>
				<Roll>-0.598356962</Roll>
				<Yaw>84.864151</Yaw>
			</PositionRotation>
			<Attachment isAttached="true">
				<AttachedTo>361300</AttachedTo>
				<BoneIndex>0</BoneIndex>
				<X>-1.42000043</X>
				<Y>-2.52000093</Y>
				<Z>0.27000007</Z>
				<Pitch>0</Pitch>
				<Roll>0</Roll>
				<Yaw>89.9999847</Yaw>
			</Attachment>
		</Attachment>
		<Attachment>
			<ModelHash>0x13cb151f</ModelHash>
			<Type>3</Type>
			<Dynamic>false</Dynamic>
			<FrozenPos>true</FrozenPos>
			<HashName>hei_prop_hei_shack_window</HashName>
			<InitialHandle>554268</InitialHandle>
			<ObjectProperties>
				<TextureVariation>0</TextureVariation>
			</ObjectProperties>
			<OpacityLevel>255</OpacityLevel>
			<LodDistance>16960</LodDistance>
			<IsVisible>true</IsVisible>
			<MaxHealth>1000</MaxHealth>
			<Health>1000</Health>
			<HasGravity>true</HasGravity>
			<IsOnFire>false</IsOnFire>
			<IsInvincible>false</IsInvincible>
			<IsBulletProof>false</IsBulletProof>
			<IsCollisionProof>false</IsCollisionProof>
			<IsExplosionProof>false</IsExplosionProof>
			<IsFireProof>false</IsFireProof>
			<IsMeleeProof>false</IsMeleeProof>
			<IsOnlyDamagedByPlayer>false</IsOnlyDamagedByPlayer>
			<PositionRotation>
				<X>1607.64465</X>
				<Y>3238.77759</Y>
				<Z>40.4467888</Z>
				<Pitch>-0.588183761</Pitch>
				<Roll>0.133459806</Roll>
				<Yaw>-165.135544</Yaw>
			</PositionRotation>
			<Attachment isAttached="true">
				<AttachedTo>361300</AttachedTo>
				<BoneIndex>0</BoneIndex>
				<X>-1.09000039</X>
				<Y>-2.72000074</Y>
				<Z>0.27000007</Z>
				<Pitch>0</Pitch>
				<Roll>0</Roll>
				<Yaw>-160.000015</Yaw>
			</Attachment>
		</Attachment>
		<Attachment>
			<ModelHash>0x13cb151f</ModelHash>
			<Type>3</Type>
			<Dynamic>false</Dynamic>
			<FrozenPos>true</FrozenPos>
			<HashName>hei_prop_hei_shack_window</HashName>
			<InitialHandle>59421</InitialHandle>
			<ObjectProperties>
				<TextureVariation>0</TextureVariation>
			</ObjectProperties>
			<OpacityLevel>255</OpacityLevel>
			<LodDistance>16960</LodDistance>
			<IsVisible>true</IsVisible>
			<MaxHealth>1000</MaxHealth>
			<Health>1000</Health>
			<HasGravity>true</HasGravity>
			<IsOnFire>false</IsOnFire>
			<IsInvincible>false</IsInvincible>
			<IsBulletProof>false</IsBulletProof>
			<IsCollisionProof>false</IsCollisionProof>
			<IsExplosionProof>false</IsExplosionProof>
			<IsFireProof>false</IsFireProof>
			<IsMeleeProof>false</IsMeleeProof>
			<IsOnlyDamagedByPlayer>false</IsOnlyDamagedByPlayer>
			<PositionRotation>
				<X>1609.80591</X>
				<Y>3238.5835</Y>
				<Z>40.4439163</Z>
				<Pitch>-0.536356449</Pitch>
				<Roll>-0.275853068</Roll>
				<Yaw>154.862457</Yaw>
			</PositionRotation>
			<Attachment isAttached="true">
				<AttachedTo>361300</AttachedTo>
				<BoneIndex>0</BoneIndex>
				<X>1.0799998</X>
				<Y>-2.72000074</Y>
				<Z>0.27000007</Z>
				<Pitch>0</Pitch>
				<Roll>0</Roll>
				<Yaw>159.999985</Yaw>
			</Attachment>
		</Attachment>
	</SpoonerAttachments>
</Vehicle>
