<?xml version="1.0" encoding="ISO-8859-1"?>
<Vehicle menyoo_ver="0.99983b">
	<ModelHash>0xe644e480</ModelHash>
	<InitialHandle>760070</InitialHandle>
	<VehicleProperties>
		<Colours>
			<Primary>70</Primary>
			<Secondary>3</Secondary>
			<Pearl>70</Pearl>
			<Rim>156</Rim>
			<Mod1_a>6</Mod1_a>
			<Mod1_b>-1</Mod1_b>
			<Mod1_c>-1</Mod1_c>
			<Mod2_a>6</Mod2_a>
			<Mod2_b>-1</Mod2_b>
			<IsPrimaryColourCustom>false</IsPrimaryColourCustom>
			<IsSecondaryColourCustom>false</IsSecondaryColourCustom>
			<tyreSmoke_R>255</tyreSmoke_R>
			<tyreSmoke_G>255</tyreSmoke_G>
			<tyreSmoke_B>255</tyreSmoke_B>
			<LrInterior>0</LrInterior>
			<LrDashboard>0</LrDashboard>
		</Colours>
		<Livery>-1</Livery>
		<NumberPlateText> MENYOO </NumberPlateText>
		<NumberPlateIndex>5</NumberPlateIndex>
		<WheelType>5</WheelType>
		<WheelsInvisible>false</WheelsInvisible>
		<WindowTint>1</WindowTint>
		<BulletProofTyres>true</BulletProofTyres>
		<DirtLevel>5.93199062</DirtLevel>
		<PaintFade>0.278431386</PaintFade>
		<RoofState>0</RoofState>
		<SirenActive>false</SirenActive>
		<EngineOn>true</EngineOn>
		<EngineHealth>1000</EngineHealth>
		<LightsOn>false</LightsOn>
		<IsRadioLoud>0</IsRadioLoud>
		<Neons>
			<Left>true</Left>
			<Right>true</Right>
			<Front>true</Front>
			<Back>true</Back>
			<R>3</R>
			<G>83</G>
			<B>255</B>
		</Neons>
		<ModExtras>
			<_1>true</_1>
			<_2>true</_2>
			<_3>true</_3>
			<_4>true</_4>
			<_5>true</_5>
		</ModExtras>
		<Mods>
			<_0>2,0</_0>
			<_1>2,0</_1>
			<_2>0,0</_2>
			<_3>1,0</_3>
			<_4>3,0</_4>
			<_5>0,0</_5>
			<_6>2,0</_6>
			<_7>-1,0</_7>
			<_8>0,0</_8>
			<_9>-1,0</_9>
			<_10>1,0</_10>
			<_11>3,0</_11>
			<_12>2,0</_12>
			<_13>2,0</_13>
			<_14>-1,0</_14>
			<_15>4,0</_15>
			<_16>4,0</_16>
			<_17>false</_17>
			<_18>false</_18>
			<_19>false</_19>
			<_20>false</_20>
			<_21>false</_21>
			<_22>true</_22>
			<_23>-1,0</_23>
			<_24>-1,0</_24>
			<_25>-1,0</_25>
			<_26>-1,0</_26>
			<_27>-1,0</_27>
			<_28>-1,0</_28>
			<_29>-1,0</_29>
			<_30>-1,0</_30>
			<_31>-1,0</_31>
			<_32>-1,0</_32>
			<_33>-1,0</_33>
			<_34>-1,0</_34>
			<_35>-1,0</_35>
			<_36>-1,0</_36>
			<_37>-1,0</_37>
			<_38>-1,0</_38>
			<_39>-1,0</_39>
			<_40>-1,0</_40>
			<_41>-1,0</_41>
			<_42>-1,0</_42>
			<_43>-1,0</_43>
			<_44>-1,0</_44>
			<_45>-1,0</_45>
			<_46>-1,0</_46>
			<_47>-1,0</_47>
			<_48>-1,0</_48>
		</Mods>
		<DoorsOpen>
			<BackLeftDoor>false</BackLeftDoor>
			<BackRightDoor>false</BackRightDoor>
			<FrontLeftDoor>false</FrontLeftDoor>
			<FrontRightDoor>false</FrontRightDoor>
			<Hood>false</Hood>
			<Trunk>false</Trunk>
			<Trunk2>false</Trunk2>
		</DoorsOpen>
		<DoorsBroken>
			<BackLeftDoor>false</BackLeftDoor>
			<BackRightDoor>false</BackRightDoor>
			<FrontLeftDoor>false</FrontLeftDoor>
			<FrontRightDoor>false</FrontRightDoor>
			<Hood>false</Hood>
			<Trunk>false</Trunk>
			<Trunk2>false</Trunk2>
		</DoorsBroken>
		<TyresBursted>
			<FrontLeft>false</FrontLeft>
			<FrontRight>false</FrontRight>
			<_2>false</_2>
			<_3>false</_3>
			<BackLeft>false</BackLeft>
			<BackRight>false</BackRight>
			<_6>false</_6>
			<_7>false</_7>
			<_8>false</_8>
		</TyresBursted>
		<RpmMultiplier>1</RpmMultiplier>
		<TorqueMultiplier>1</TorqueMultiplier>
		<HeadlightIntensity>1</HeadlightIntensity>
	</VehicleProperties>
	<OpacityLevel>255</OpacityLevel>
	<LodDistance>500</LodDistance>
	<IsVisible>true</IsVisible>
	<IsDriverVisible>true</IsDriverVisible>
	<MaxHealth>1000</MaxHealth>
	<Health>1000</Health>
	<IsOnFire>false</IsOnFire>
	<IsInvincible>true</IsInvincible>
	<IsBulletProof>true</IsBulletProof>
	<IsExplosionProof>true</IsExplosionProof>
	<IsFireProof>false</IsFireProof>
	<IsMeleeProof>true</IsMeleeProof>
	<IsOnlyDamagedByPlayer>false</IsOnlyDamagedByPlayer>
	<SpoonerAttachments SetAttachmentsPersistentAndAddToSpoonerDatabase="false">
		<Attachment>
			<ModelHash>0x4e8f95a2</ModelHash>
			<Type>1</Type>
			<Dynamic>false</Dynamic>
			<HashName>Husky</HashName>
			<InitialHandle>6916</InitialHandle>
			<PedProperties>
				<IsStill>true</IsStill>
				<HasShortHeight>false</HasShortHeight>
				<CurrentWeapon>0xe5b7de7a</CurrentWeapon>
				<PedProps>
					<_0>-1,-1</_0>
					<_1>-1,-1</_1>
					<_2>-1,-1</_2>
					<_3>-1,-1</_3>
					<_4>-1,-1</_4>
					<_5>-1,-1</_5>
					<_6>-1,-1</_6>
					<_7>-1,-1</_7>
					<_8>-1,-1</_8>
					<_9>-1,-1</_9>
				</PedProps>
				<PedComps>
					<_0>0,0</_0>
					<_1>0,0</_1>
					<_2>0,0</_2>
					<_3>0,0</_3>
					<_4>0,0</_4>
					<_5>0,0</_5>
					<_6>0,0</_6>
					<_7>0,0</_7>
					<_8>0,0</_8>
					<_9>0,0</_9>
					<_10>0,0</_10>
					<_11>0,0</_11>
				</PedComps>
				<RelationshipGroupAltered>false</RelationshipGroupAltered>
				<RelationshipGroup>0xfade4843</RelationshipGroup>
				<ScenarioActive>false</ScenarioActive>
				<AnimActive>false</AnimActive>
			</PedProperties>
			<OpacityLevel>255</OpacityLevel>
			<LodDistance>16960</LodDistance>
			<IsVisible>true</IsVisible>
			<MaxHealth>200</MaxHealth>
			<Health>200</Health>
			<IsOnFire>false</IsOnFire>
			<IsInvincible>true</IsInvincible>
			<IsBulletProof>false</IsBulletProof>
			<IsCollisionProof>false</IsCollisionProof>
			<IsExplosionProof>true</IsExplosionProof>
			<IsFireProof>false</IsFireProof>
			<IsMeleeProof>true</IsMeleeProof>
			<IsOnlyDamagedByPlayer>false</IsOnlyDamagedByPlayer>
			<PositionRotation>
				<X>1514.80286</X>
				<Y>3185.29321</Y>
				<Z>41.3199501</Z>
				<Pitch>-0.284866244</Pitch>
				<Roll>0.895486116</Roll>
				<Yaw>102.779732</Yaw>
			</PositionRotation>
			<Attachment isAttached="true">
				<AttachedTo>760070</AttachedTo>
				<BoneIndex>0</BoneIndex>
				<X>-3.7252903e-009</X>
				<Y>-0.300000042</Y>
				<Z>1.53999889</Z>
				<Pitch>0</Pitch>
				<Roll>0</Roll>
				<Yaw>0</Yaw>
			</Attachment>
		</Attachment>
		<Attachment>
			<ModelHash>0x27c33a11</ModelHash>
			<Type>3</Type>
			<Dynamic>false</Dynamic>
			<HashName>prop_etricmotor_01</HashName>
			<InitialHandle>775686</InitialHandle>
			<OpacityLevel>255</OpacityLevel>
			<LodDistance>16960</LodDistance>
			<IsVisible>true</IsVisible>
			<MaxHealth>1000</MaxHealth>
			<Health>1000</Health>
			<IsOnFire>false</IsOnFire>
			<IsInvincible>true</IsInvincible>
			<IsBulletProof>false</IsBulletProof>
			<IsCollisionProof>false</IsCollisionProof>
			<IsExplosionProof>true</IsExplosionProof>
			<IsFireProof>false</IsFireProof>
			<IsMeleeProof>true</IsMeleeProof>
			<IsOnlyDamagedByPlayer>false</IsOnlyDamagedByPlayer>
			<PositionRotation>
				<X>1515.5946</X>
				<Y>3184.97485</Y>
				<Z>40.9710159</Z>
				<Pitch>0.894703984</Pitch>
				<Roll>0.287442505</Roll>
				<Yaw>-167.22496</Yaw>
			</PositionRotation>
			<Attachment isAttached="true">
				<AttachedTo>760070</AttachedTo>
				<BoneIndex>0</BoneIndex>
				<X>-0.479999691</X>
				<Y>-1.00000012</Y>
				<Z>1.18000019</Z>
				<Pitch>0</Pitch>
				<Roll>0</Roll>
				<Yaw>90.0000076</Yaw>
			</Attachment>
		</Attachment>
		<Attachment>
			<ModelHash>0xcd93a7db</ModelHash>
			<Type>2</Type>
			<Dynamic>true</Dynamic>
			<HashName>The Liberator</HashName>
			<InitialHandle>297223</InitialHandle>
			<VehicleProperties>
				<Colours>
					<Primary>111</Primary>
					<Secondary>64</Secondary>
					<Pearl>111</Pearl>
					<Rim>156</Rim>
					<Mod1_a>6</Mod1_a>
					<Mod1_b>-1</Mod1_b>
					<Mod1_c>-1</Mod1_c>
					<Mod2_a>6</Mod2_a>
					<Mod2_b>-1</Mod2_b>
					<IsPrimaryColourCustom>false</IsPrimaryColourCustom>
					<IsSecondaryColourCustom>false</IsSecondaryColourCustom>
					<tyreSmoke_R>255</tyreSmoke_R>
					<tyreSmoke_G>255</tyreSmoke_G>
					<tyreSmoke_B>255</tyreSmoke_B>
					<LrInterior>0</LrInterior>
					<LrDashboard>0</LrDashboard>
				</Colours>
				<Livery>-1</Livery>
				<NumberPlateText>06UUJ180</NumberPlateText>
				<NumberPlateIndex>0</NumberPlateIndex>
				<WheelType>3</WheelType>
				<WheelsInvisible>false</WheelsInvisible>
				<WindowTint>-1</WindowTint>
				<BulletProofTyres>true</BulletProofTyres>
				<DirtLevel>7</DirtLevel>
				<PaintFade>0.90196085</PaintFade>
				<RoofState>0</RoofState>
				<SirenActive>false</SirenActive>
				<EngineOn>false</EngineOn>
				<EngineHealth>1000</EngineHealth>
				<LightsOn>false</LightsOn>
				<IsRadioLoud>0</IsRadioLoud>
				<Neons>
					<Left>false</Left>
					<Right>false</Right>
					<Front>false</Front>
					<Back>false</Back>
					<R>255</R>
					<G>0</G>
					<B>255</B>
				</Neons>
				<DoorsOpen>
					<BackLeftDoor>false</BackLeftDoor>
					<BackRightDoor>false</BackRightDoor>
					<FrontLeftDoor>false</FrontLeftDoor>
					<FrontRightDoor>false</FrontRightDoor>
					<Hood>false</Hood>
					<Trunk>false</Trunk>
					<Trunk2>false</Trunk2>
				</DoorsOpen>
				<DoorsBroken>
					<BackLeftDoor>false</BackLeftDoor>
					<BackRightDoor>false</BackRightDoor>
					<FrontLeftDoor>false</FrontLeftDoor>
					<FrontRightDoor>false</FrontRightDoor>
					<Hood>false</Hood>
					<Trunk>false</Trunk>
					<Trunk2>false</Trunk2>
				</DoorsBroken>
				<TyresBursted>
					<FrontLeft>false</FrontLeft>
					<FrontRight>false</FrontRight>
					<_2>false</_2>
					<_3>false</_3>
					<BackLeft>false</BackLeft>
					<BackRight>false</BackRight>
					<_6>false</_6>
					<_7>false</_7>
					<_8>false</_8>
				</TyresBursted>
				<ModExtras />
				<Mods>
					<_0>-1,0</_0>
					<_1>-1,0</_1>
					<_2>-1,0</_2>
					<_3>-1,0</_3>
					<_4>-1,0</_4>
					<_5>-1,0</_5>
					<_6>-1,0</_6>
					<_7>-1,0</_7>
					<_8>-1,0</_8>
					<_9>-1,0</_9>
					<_10>-1,0</_10>
					<_11>-1,0</_11>
					<_12>-1,0</_12>
					<_13>-1,0</_13>
					<_14>-1,0</_14>
					<_15>-1,0</_15>
					<_16>-1,0</_16>
					<_17>false</_17>
					<_18>false</_18>
					<_19>false</_19>
					<_20>false</_20>
					<_21>false</_21>
					<_22>false</_22>
					<_23>-1,0</_23>
					<_24>-1,0</_24>
					<_25>-1,0</_25>
					<_26>-1,0</_26>
					<_27>-1,0</_27>
					<_28>-1,0</_28>
					<_29>-1,0</_29>
					<_30>-1,0</_30>
					<_31>-1,0</_31>
					<_32>-1,0</_32>
					<_33>-1,0</_33>
					<_34>-1,0</_34>
					<_35>-1,0</_35>
					<_36>-1,0</_36>
					<_37>-1,0</_37>
					<_38>-1,0</_38>
					<_39>-1,0</_39>
					<_40>-1,0</_40>
					<_41>-1,0</_41>
					<_42>-1,0</_42>
					<_43>-1,0</_43>
					<_44>-1,0</_44>
					<_45>-1,0</_45>
					<_46>-1,0</_46>
					<_47>-1,0</_47>
					<_48>-1,0</_48>
				</Mods>
			</VehicleProperties>
			<OpacityLevel>255</OpacityLevel>
			<LodDistance>16960</LodDistance>
			<IsVisible>true</IsVisible>
			<MaxHealth>1000</MaxHealth>
			<Health>1000</Health>
			<IsOnFire>false</IsOnFire>
			<IsInvincible>true</IsInvincible>
			<IsBulletProof>false</IsBulletProof>
			<IsCollisionProof>false</IsCollisionProof>
			<IsExplosionProof>true</IsExplosionProof>
			<IsFireProof>false</IsFireProof>
			<IsMeleeProof>true</IsMeleeProof>
			<IsOnlyDamagedByPlayer>false</IsOnlyDamagedByPlayer>
			<PositionRotation>
				<X>1513.54785</X>
				<Y>3184.98389</Y>
				<Z>39.7736473</Z>
				<Pitch>0.287388772</Pitch>
				<Roll>179.105286</Roll>
				<Yaw>-77.2204742</Yaw>
			</PositionRotation>
			<Attachment isAttached="true">
				<AttachedTo>760070</AttachedTo>
				<BoneIndex>0</BoneIndex>
				<X>0</X>
				<Y>1.00000012</Y>
				<Z>0</Z>
				<Pitch>180.000015</Pitch>
				<Roll>0</Roll>
				<Yaw>2.38418579e-007</Yaw>
			</Attachment>
		</Attachment>
		<Attachment>
			<ModelHash>0x27c33a11</ModelHash>
			<Type>3</Type>
			<Dynamic>false</Dynamic>
			<HashName>prop_etricmotor_01</HashName>
			<InitialHandle>343305</InitialHandle>
			<OpacityLevel>255</OpacityLevel>
			<LodDistance>16960</LodDistance>
			<IsVisible>true</IsVisible>
			<MaxHealth>1000</MaxHealth>
			<Health>1000</Health>
			<IsOnFire>false</IsOnFire>
			<IsInvincible>true</IsInvincible>
			<IsBulletProof>false</IsBulletProof>
			<IsCollisionProof>false</IsCollisionProof>
			<IsExplosionProof>true</IsExplosionProof>
			<IsFireProof>false</IsFireProof>
			<IsMeleeProof>true</IsMeleeProof>
			<IsOnlyDamagedByPlayer>false</IsOnlyDamagedByPlayer>
			<PositionRotation>
				<X>1515.37341</X>
				<Y>3185.94995</Y>
				<Z>40.9554024</Z>
				<Pitch>0.894703984</Pitch>
				<Roll>0.287442505</Roll>
				<Yaw>-167.22496</Yaw>
			</PositionRotation>
			<Attachment isAttached="true">
				<AttachedTo>760070</AttachedTo>
				<BoneIndex>0</BoneIndex>
				<X>0.520000458</X>
				<Y>-1.00000012</Y>
				<Z>1.18000019</Z>
				<Pitch>0</Pitch>
				<Roll>0</Roll>
				<Yaw>90.0000076</Yaw>
			</Attachment>
		</Attachment>
		<Attachment>
			<ModelHash>0x2ea68690</ModelHash>
			<Type>2</Type>
			<Dynamic>false</Dynamic>
			<HashName>rhino</HashName>
			<InitialHandle>520713</InitialHandle>
			<VehicleProperties>
				<Colours>
					<Primary>131</Primary>
					<Secondary>132</Secondary>
					<Pearl>132</Pearl>
					<Rim>156</Rim>
					<Mod1_a>782665360</Mod1_a>
					<Mod1_b>-1</Mod1_b>
					<Mod1_c>-1</Mod1_c>
					<Mod2_a>-1122414184</Mod2_a>
					<Mod2_b>945092872</Mod2_b>
					<IsPrimaryColourCustom>false</IsPrimaryColourCustom>
					<IsSecondaryColourCustom>false</IsSecondaryColourCustom>
					<tyreSmoke_R>255</tyreSmoke_R>
					<tyreSmoke_G>255</tyreSmoke_G>
					<tyreSmoke_B>255</tyreSmoke_B>
					<LrInterior>0</LrInterior>
					<LrDashboard>0</LrDashboard>
				</Colours>
				<Livery>-1</Livery>
				<NumberPlateText>64DJX842</NumberPlateText>
				<NumberPlateIndex>4</NumberPlateIndex>
				<WheelType>0</WheelType>
				<WheelsInvisible>false</WheelsInvisible>
				<WindowTint>-1</WindowTint>
				<BulletProofTyres>true</BulletProofTyres>
				<DirtLevel>8</DirtLevel>
				<PaintFade>0.568627477</PaintFade>
				<RoofState>0</RoofState>
				<SirenActive>false</SirenActive>
				<EngineOn>false</EngineOn>
				<EngineHealth>1000</EngineHealth>
				<LightsOn>false</LightsOn>
				<IsRadioLoud>0</IsRadioLoud>
				<Neons>
					<Left>false</Left>
					<Right>false</Right>
					<Front>false</Front>
					<Back>false</Back>
					<R>255</R>
					<G>0</G>
					<B>255</B>
				</Neons>
				<DoorsOpen>
					<BackLeftDoor>false</BackLeftDoor>
					<BackRightDoor>false</BackRightDoor>
					<FrontLeftDoor>false</FrontLeftDoor>
					<FrontRightDoor>false</FrontRightDoor>
					<Hood>false</Hood>
					<Trunk>false</Trunk>
					<Trunk2>false</Trunk2>
				</DoorsOpen>
				<DoorsBroken>
					<BackLeftDoor>false</BackLeftDoor>
					<BackRightDoor>false</BackRightDoor>
					<FrontLeftDoor>false</FrontLeftDoor>
					<FrontRightDoor>false</FrontRightDoor>
					<Hood>false</Hood>
					<Trunk>false</Trunk>
					<Trunk2>false</Trunk2>
				</DoorsBroken>
				<TyresBursted>
					<FrontLeft>false</FrontLeft>
					<FrontRight>false</FrontRight>
					<_2>false</_2>
					<_3>false</_3>
					<BackLeft>false</BackLeft>
					<BackRight>false</BackRight>
					<_6>false</_6>
					<_7>false</_7>
					<_8>false</_8>
				</TyresBursted>
				<ModExtras>
					<_1>true</_1>
					<_2>true</_2>
					<_3>true</_3>
					<_4>true</_4>
					<_5>true</_5>
					<_6>true</_6>
					<_7>true</_7>
					<_8>true</_8>
					<_9>true</_9>
				</ModExtras>
				<Mods>
					<_0>-1,0</_0>
					<_1>-1,0</_1>
					<_2>-1,0</_2>
					<_3>-1,0</_3>
					<_4>-1,0</_4>
					<_5>-1,0</_5>
					<_6>-1,0</_6>
					<_7>-1,0</_7>
					<_8>-1,0</_8>
					<_9>-1,0</_9>
					<_10>-1,0</_10>
					<_11>-1,0</_11>
					<_12>-1,0</_12>
					<_13>-1,0</_13>
					<_14>-1,0</_14>
					<_15>-1,0</_15>
					<_16>-1,0</_16>
					<_17>false</_17>
					<_18>false</_18>
					<_19>false</_19>
					<_20>false</_20>
					<_21>false</_21>
					<_22>false</_22>
					<_23>-1,0</_23>
					<_24>-1,0</_24>
					<_25>-1,0</_25>
					<_26>-1,0</_26>
					<_27>-1,0</_27>
					<_28>-1,0</_28>
					<_29>-1,0</_29>
					<_30>-1,0</_30>
					<_31>-1,0</_31>
					<_32>-1,0</_32>
					<_33>-1,0</_33>
					<_34>-1,0</_34>
					<_35>-1,0</_35>
					<_36>-1,0</_36>
					<_37>-1,0</_37>
					<_38>-1,0</_38>
					<_39>-1,0</_39>
					<_40>-1,0</_40>
					<_41>-1,0</_41>
					<_42>-1,0</_42>
					<_43>-1,0</_43>
					<_44>-1,0</_44>
					<_45>-1,0</_45>
					<_46>-1,0</_46>
					<_47>-1,0</_47>
					<_48>-1,0</_48>
				</Mods>
			</VehicleProperties>
			<OpacityLevel>255</OpacityLevel>
			<LodDistance>16960</LodDistance>
			<IsVisible>true</IsVisible>
			<MaxHealth>487</MaxHealth>
			<Health>457</Health>
			<IsOnFire>false</IsOnFire>
			<IsInvincible>true</IsInvincible>
			<IsBulletProof>false</IsBulletProof>
			<IsCollisionProof>true</IsCollisionProof>
			<IsExplosionProof>true</IsExplosionProof>
			<IsFireProof>true</IsFireProof>
			<IsMeleeProof>true</IsMeleeProof>
			<IsOnlyDamagedByPlayer>false</IsOnlyDamagedByPlayer>
			<PositionRotation>
				<X>1514.40881</X>
				<Y>3185.75903</Y>
				<Z>37.5695915</Z>
				<Pitch>18.7101955</Pitch>
				<Roll>0.944629073</Roll>
				<Yaw>102.471985</Yaw>
			</PositionRotation>
			<Attachment isAttached="true">
				<AttachedTo>760070</AttachedTo>
				<BoneIndex>0</BoneIndex>
				<X>0.600000024</X>
				<Y>0</Y>
				<Z>-2.20000029</Z>
				<Pitch>19.0000019</Pitch>
				<Roll>0</Roll>
				<Yaw>0</Yaw>
			</Attachment>
		</Attachment>
		<Attachment>
			<ModelHash>0x2ea68690</ModelHash>
			<Type>2</Type>
			<Dynamic>false</Dynamic>
			<HashName>rhino</HashName>
			<InitialHandle>669961</InitialHandle>
			<VehicleProperties>
				<Colours>
					<Primary>131</Primary>
					<Secondary>132</Secondary>
					<Pearl>132</Pearl>
					<Rim>156</Rim>
					<Mod1_a>782665360</Mod1_a>
					<Mod1_b>-1</Mod1_b>
					<Mod1_c>-1</Mod1_c>
					<Mod2_a>-1122389664</Mod2_a>
					<Mod2_b>945092872</Mod2_b>
					<IsPrimaryColourCustom>false</IsPrimaryColourCustom>
					<IsSecondaryColourCustom>false</IsSecondaryColourCustom>
					<tyreSmoke_R>255</tyreSmoke_R>
					<tyreSmoke_G>255</tyreSmoke_G>
					<tyreSmoke_B>255</tyreSmoke_B>
					<LrInterior>0</LrInterior>
					<LrDashboard>0</LrDashboard>
				</Colours>
				<Livery>-1</Livery>
				<NumberPlateText>64DJX842</NumberPlateText>
				<NumberPlateIndex>4</NumberPlateIndex>
				<WheelType>0</WheelType>
				<WheelsInvisible>false</WheelsInvisible>
				<WindowTint>-1</WindowTint>
				<BulletProofTyres>true</BulletProofTyres>
				<DirtLevel>8</DirtLevel>
				<PaintFade>0.576470613</PaintFade>
				<RoofState>0</RoofState>
				<SirenActive>false</SirenActive>
				<EngineOn>true</EngineOn>
				<EngineHealth>1000</EngineHealth>
				<LightsOn>false</LightsOn>
				<IsRadioLoud>0</IsRadioLoud>
				<Neons>
					<Left>false</Left>
					<Right>false</Right>
					<Front>false</Front>
					<Back>false</Back>
					<R>255</R>
					<G>0</G>
					<B>255</B>
				</Neons>
				<DoorsOpen>
					<BackLeftDoor>false</BackLeftDoor>
					<BackRightDoor>false</BackRightDoor>
					<FrontLeftDoor>false</FrontLeftDoor>
					<FrontRightDoor>false</FrontRightDoor>
					<Hood>false</Hood>
					<Trunk>false</Trunk>
					<Trunk2>false</Trunk2>
				</DoorsOpen>
				<DoorsBroken>
					<BackLeftDoor>false</BackLeftDoor>
					<BackRightDoor>false</BackRightDoor>
					<FrontLeftDoor>false</FrontLeftDoor>
					<FrontRightDoor>false</FrontRightDoor>
					<Hood>false</Hood>
					<Trunk>false</Trunk>
					<Trunk2>false</Trunk2>
				</DoorsBroken>
				<TyresBursted>
					<FrontLeft>false</FrontLeft>
					<FrontRight>false</FrontRight>
					<_2>false</_2>
					<_3>false</_3>
					<BackLeft>false</BackLeft>
					<BackRight>false</BackRight>
					<_6>false</_6>
					<_7>false</_7>
					<_8>false</_8>
				</TyresBursted>
				<ModExtras>
					<_1>true</_1>
					<_2>true</_2>
					<_3>true</_3>
					<_4>true</_4>
					<_5>true</_5>
					<_6>true</_6>
					<_7>true</_7>
					<_8>true</_8>
					<_9>true</_9>
				</ModExtras>
				<Mods>
					<_0>-1,0</_0>
					<_1>-1,0</_1>
					<_2>-1,0</_2>
					<_3>-1,0</_3>
					<_4>-1,0</_4>
					<_5>-1,0</_5>
					<_6>-1,0</_6>
					<_7>-1,0</_7>
					<_8>-1,0</_8>
					<_9>-1,0</_9>
					<_10>-1,0</_10>
					<_11>-1,0</_11>
					<_12>-1,0</_12>
					<_13>-1,0</_13>
					<_14>-1,0</_14>
					<_15>-1,0</_15>
					<_16>-1,0</_16>
					<_17>false</_17>
					<_18>false</_18>
					<_19>false</_19>
					<_20>false</_20>
					<_21>false</_21>
					<_22>false</_22>
					<_23>-1,0</_23>
					<_24>-1,0</_24>
					<_25>-1,0</_25>
					<_26>-1,0</_26>
					<_27>-1,0</_27>
					<_28>-1,0</_28>
					<_29>-1,0</_29>
					<_30>-1,0</_30>
					<_31>-1,0</_31>
					<_32>-1,0</_32>
					<_33>-1,0</_33>
					<_34>-1,0</_34>
					<_35>-1,0</_35>
					<_36>-1,0</_36>
					<_37>-1,0</_37>
					<_38>-1,0</_38>
					<_39>-1,0</_39>
					<_40>-1,0</_40>
					<_41>-1,0</_41>
					<_42>-1,0</_42>
					<_43>-1,0</_43>
					<_44>-1,0</_44>
					<_45>-1,0</_45>
					<_46>-1,0</_46>
					<_47>-1,0</_47>
					<_48>-1,0</_48>
				</Mods>
			</VehicleProperties>
			<OpacityLevel>255</OpacityLevel>
			<LodDistance>16960</LodDistance>
			<IsVisible>true</IsVisible>
			<MaxHealth>458</MaxHealth>
			<Health>428</Health>
			<IsOnFire>false</IsOnFire>
			<IsInvincible>true</IsInvincible>
			<IsBulletProof>false</IsBulletProof>
			<IsCollisionProof>true</IsCollisionProof>
			<IsExplosionProof>true</IsExplosionProof>
			<IsFireProof>true</IsFireProof>
			<IsMeleeProof>true</IsMeleeProof>
			<IsOnlyDamagedByPlayer>false</IsOnlyDamagedByPlayer>
			<PositionRotation>
				<X>1514.69849</X>
				<Y>3184.4873</Y>
				<Z>37.3099251</Z>
				<Pitch>21.7097816</Pitch>
				<Roll>0.963017344</Roll>
				<Yaw>102.41877</Yaw>
			</PositionRotation>
			<Attachment isAttached="true">
				<AttachedTo>760070</AttachedTo>
				<BoneIndex>-1</BoneIndex>
				<X>-0.700000226</X>
				<Y>0</Y>
				<Z>-2.52000022</Z>
				<Pitch>22.0000019</Pitch>
				<Roll>0</Roll>
				<Yaw>0</Yaw>
			</Attachment>
		</Attachment>
		<Attachment>
			<ModelHash>0x44083a8f</ModelHash>
			<Type>3</Type>
			<Dynamic>false</Dynamic>
			<HashName>prop_ballistic_shield</HashName>
			<InitialHandle>300041</InitialHandle>
			<OpacityLevel>255</OpacityLevel>
			<LodDistance>16960</LodDistance>
			<IsVisible>true</IsVisible>
			<MaxHealth>1000</MaxHealth>
			<Health>1000</Health>
			<IsOnFire>false</IsOnFire>
			<IsInvincible>true</IsInvincible>
			<IsBulletProof>false</IsBulletProof>
			<IsCollisionProof>false</IsCollisionProof>
			<IsExplosionProof>true</IsExplosionProof>
			<IsFireProof>false</IsFireProof>
			<IsMeleeProof>true</IsMeleeProof>
			<IsOnlyDamagedByPlayer>false</IsOnlyDamagedByPlayer>
			<PositionRotation>
				<X>1511.33838</X>
				<Y>3183.87085</Y>
				<Z>39.9709511</Z>
				<Pitch>0.287388831</Pitch>
				<Roll>-0.894696534</Roll>
				<Yaw>-77.2204742</Yaw>
			</PositionRotation>
			<Attachment isAttached="true">
				<AttachedTo>297223</AttachedTo>
				<BoneIndex>0</BoneIndex>
				<X>-0.600000083</X>
				<Y>-2.40000105</Y>
				<Z>-0.199999928</Z>
				<Pitch>0</Pitch>
				<Roll>180.000015</Roll>
				<Yaw>3.57627869e-006</Yaw>
			</Attachment>
		</Attachment>
		<Attachment>
			<ModelHash>0x44083a8f</ModelHash>
			<Type>3</Type>
			<Dynamic>false</Dynamic>
			<HashName>prop_ballistic_shield</HashName>
			<InitialHandle>317449</InitialHandle>
			<OpacityLevel>255</OpacityLevel>
			<LodDistance>16960</LodDistance>
			<IsVisible>true</IsVisible>
			<MaxHealth>1000</MaxHealth>
			<Health>1000</Health>
			<IsOnFire>false</IsOnFire>
			<IsInvincible>true</IsInvincible>
			<IsBulletProof>false</IsBulletProof>
			<IsCollisionProof>false</IsCollisionProof>
			<IsExplosionProof>true</IsExplosionProof>
			<IsFireProof>false</IsFireProof>
			<IsMeleeProof>true</IsMeleeProof>
			<IsOnlyDamagedByPlayer>false</IsOnlyDamagedByPlayer>
			<PositionRotation>
				<X>1511.24988</X>
				<Y>3184.26074</Y>
				<Z>39.9647064</Z>
				<Pitch>0.287388831</Pitch>
				<Roll>-0.894696534</Roll>
				<Yaw>-77.2204742</Yaw>
			</PositionRotation>
			<Attachment isAttached="true">
				<AttachedTo>297223</AttachedTo>
				<BoneIndex>0</BoneIndex>
				<X>-0.199999988</X>
				<Y>-2.40000105</Y>
				<Z>-0.199999928</Z>
				<Pitch>0</Pitch>
				<Roll>180.000015</Roll>
				<Yaw>3.57627869e-006</Yaw>
			</Attachment>
		</Attachment>
		<Attachment>
			<ModelHash>0x44083a8f</ModelHash>
			<Type>3</Type>
			<Dynamic>false</Dynamic>
			<HashName>prop_ballistic_shield</HashName>
			<InitialHandle>407817</InitialHandle>
			<OpacityLevel>255</OpacityLevel>
			<LodDistance>16960</LodDistance>
			<IsVisible>true</IsVisible>
			<MaxHealth>1000</MaxHealth>
			<Health>1000</Health>
			<IsOnFire>false</IsOnFire>
			<IsInvincible>true</IsInvincible>
			<IsBulletProof>false</IsBulletProof>
			<IsCollisionProof>false</IsCollisionProof>
			<IsExplosionProof>true</IsExplosionProof>
			<IsFireProof>false</IsFireProof>
			<IsMeleeProof>true</IsMeleeProof>
			<IsOnlyDamagedByPlayer>false</IsOnlyDamagedByPlayer>
			<PositionRotation>
				<X>1511.1615</X>
				<Y>3184.65088</Y>
				<Z>39.9584579</Z>
				<Pitch>0.287388831</Pitch>
				<Roll>-0.894696534</Roll>
				<Yaw>-77.2204742</Yaw>
			</PositionRotation>
			<Attachment isAttached="true">
				<AttachedTo>297223</AttachedTo>
				<BoneIndex>0</BoneIndex>
				<X>0.200000077</X>
				<Y>-2.40000105</Y>
				<Z>-0.199999928</Z>
				<Pitch>0</Pitch>
				<Roll>180.000015</Roll>
				<Yaw>3.57627869e-006</Yaw>
			</Attachment>
		</Attachment>
		<Attachment>
			<ModelHash>0x44083a8f</ModelHash>
			<Type>3</Type>
			<Dynamic>false</Dynamic>
			<HashName>prop_ballistic_shield</HashName>
			<InitialHandle>463113</InitialHandle>
			<OpacityLevel>255</OpacityLevel>
			<LodDistance>16960</LodDistance>
			<IsVisible>true</IsVisible>
			<MaxHealth>1000</MaxHealth>
			<Health>1000</Health>
			<IsOnFire>false</IsOnFire>
			<IsInvincible>true</IsInvincible>
			<IsBulletProof>false</IsBulletProof>
			<IsCollisionProof>false</IsCollisionProof>
			<IsExplosionProof>true</IsExplosionProof>
			<IsFireProof>false</IsFireProof>
			<IsMeleeProof>true</IsMeleeProof>
			<IsOnlyDamagedByPlayer>false</IsOnlyDamagedByPlayer>
			<PositionRotation>
				<X>1511.0509</X>
				<Y>3185.13843</Y>
				<Z>39.9506531</Z>
				<Pitch>0.287388831</Pitch>
				<Roll>-0.894696534</Roll>
				<Yaw>-77.2204742</Yaw>
			</PositionRotation>
			<Attachment isAttached="true">
				<AttachedTo>297223</AttachedTo>
				<BoneIndex>0</BoneIndex>
				<X>0.700000167</X>
				<Y>-2.40000105</Y>
				<Z>-0.199999928</Z>
				<Pitch>0</Pitch>
				<Roll>180.000015</Roll>
				<Yaw>3.57627869e-006</Yaw>
			</Attachment>
		</Attachment>
		<Attachment>
			<ModelHash>0x44083a8f</ModelHash>
			<Type>3</Type>
			<Dynamic>false</Dynamic>
			<HashName>prop_ballistic_shield</HashName>
			<InitialHandle>119817</InitialHandle>
			<OpacityLevel>255</OpacityLevel>
			<LodDistance>16960</LodDistance>
			<IsVisible>true</IsVisible>
			<MaxHealth>1000</MaxHealth>
			<Health>1000</Health>
			<IsOnFire>false</IsOnFire>
			<IsInvincible>true</IsInvincible>
			<IsBulletProof>false</IsBulletProof>
			<IsCollisionProof>false</IsCollisionProof>
			<IsExplosionProof>true</IsExplosionProof>
			<IsFireProof>false</IsFireProof>
			<IsMeleeProof>true</IsMeleeProof>
			<IsOnlyDamagedByPlayer>false</IsOnlyDamagedByPlayer>
			<PositionRotation>
				<X>1510.95508</X>
				<Y>3185.11353</Y>
				<Z>39.7501755</Z>
				<Pitch>-43.7058983</Pitch>
				<Roll>-1.23769367</Roll>
				<Yaw>-78.080246</Yaw>
			</PositionRotation>
			<Attachment isAttached="true">
				<AttachedTo>297223</AttachedTo>
				<BoneIndex>26</BoneIndex>
				<X>0.700000167</X>
				<Y>-2.50000095</Y>
				<Z>1.04308128e-007</Z>
				<Pitch>44</Pitch>
				<Roll>180.000015</Roll>
				<Yaw>3.57627869e-006</Yaw>
			</Attachment>
		</Attachment>
		<Attachment>
			<ModelHash>0x44083a8f</ModelHash>
			<Type>3</Type>
			<Dynamic>false</Dynamic>
			<HashName>prop_ballistic_shield</HashName>
			<InitialHandle>493321</InitialHandle>
			<OpacityLevel>255</OpacityLevel>
			<LodDistance>16960</LodDistance>
			<IsVisible>true</IsVisible>
			<MaxHealth>1000</MaxHealth>
			<Health>1000</Health>
			<IsOnFire>false</IsOnFire>
			<IsInvincible>true</IsInvincible>
			<IsBulletProof>false</IsBulletProof>
			<IsCollisionProof>false</IsCollisionProof>
			<IsExplosionProof>true</IsExplosionProof>
			<IsFireProof>false</IsFireProof>
			<IsMeleeProof>true</IsMeleeProof>
			<IsOnlyDamagedByPlayer>false</IsOnlyDamagedByPlayer>
			<PositionRotation>
				<X>1511.06555</X>
				<Y>3184.62598</Y>
				<Z>39.7579842</Z>
				<Pitch>-43.7058983</Pitch>
				<Roll>-1.23769367</Roll>
				<Yaw>-78.080246</Yaw>
			</PositionRotation>
			<Attachment isAttached="true">
				<AttachedTo>297223</AttachedTo>
				<BoneIndex>26</BoneIndex>
				<X>0.199999928</X>
				<Y>-2.50000095</Y>
				<Z>1.04308128e-007</Z>
				<Pitch>44</Pitch>
				<Roll>180.000015</Roll>
				<Yaw>3.57627869e-006</Yaw>
			</Attachment>
		</Attachment>
		<Attachment>
			<ModelHash>0x44083a8f</ModelHash>
			<Type>3</Type>
			<Dynamic>false</Dynamic>
			<HashName>prop_ballistic_shield</HashName>
			<InitialHandle>512521</InitialHandle>
			<OpacityLevel>255</OpacityLevel>
			<LodDistance>16960</LodDistance>
			<IsVisible>true</IsVisible>
			<MaxHealth>1000</MaxHealth>
			<Health>1000</Health>
			<IsOnFire>false</IsOnFire>
			<IsInvincible>true</IsInvincible>
			<IsBulletProof>false</IsBulletProof>
			<IsCollisionProof>false</IsCollisionProof>
			<IsExplosionProof>true</IsExplosionProof>
			<IsFireProof>false</IsFireProof>
			<IsMeleeProof>true</IsMeleeProof>
			<IsOnlyDamagedByPlayer>false</IsOnlyDamagedByPlayer>
			<PositionRotation>
				<X>1511.17615</X>
				<Y>3184.13843</Y>
				<Z>39.7657928</Z>
				<Pitch>-43.7058983</Pitch>
				<Roll>-1.23769367</Roll>
				<Yaw>-78.080246</Yaw>
			</PositionRotation>
			<Attachment isAttached="true">
				<AttachedTo>297223</AttachedTo>
				<BoneIndex>26</BoneIndex>
				<X>-0.300000042</X>
				<Y>-2.50000095</Y>
				<Z>1.04308128e-007</Z>
				<Pitch>44</Pitch>
				<Roll>180.000015</Roll>
				<Yaw>3.57627869e-006</Yaw>
			</Attachment>
		</Attachment>
		<Attachment>
			<ModelHash>0x44083a8f</ModelHash>
			<Type>3</Type>
			<Dynamic>false</Dynamic>
			<HashName>prop_ballistic_shield</HashName>
			<InitialHandle>397577</InitialHandle>
			<OpacityLevel>255</OpacityLevel>
			<LodDistance>16960</LodDistance>
			<IsVisible>true</IsVisible>
			<MaxHealth>1000</MaxHealth>
			<Health>1000</Health>
			<IsOnFire>false</IsOnFire>
			<IsInvincible>true</IsInvincible>
			<IsBulletProof>false</IsBulletProof>
			<IsCollisionProof>false</IsCollisionProof>
			<IsExplosionProof>true</IsExplosionProof>
			<IsFireProof>false</IsFireProof>
			<IsMeleeProof>true</IsMeleeProof>
			<IsOnlyDamagedByPlayer>false</IsOnlyDamagedByPlayer>
			<PositionRotation>
				<X>1511.24243</X>
				<Y>3183.8457</Y>
				<Z>39.7704773</Z>
				<Pitch>-43.7058983</Pitch>
				<Roll>-1.23769367</Roll>
				<Yaw>-78.080246</Yaw>
			</PositionRotation>
			<Attachment isAttached="true">
				<AttachedTo>297223</AttachedTo>
				<BoneIndex>26</BoneIndex>
				<X>-0.600000083</X>
				<Y>-2.50000095</Y>
				<Z>1.04308128e-007</Z>
				<Pitch>44</Pitch>
				<Roll>180.000015</Roll>
				<Yaw>3.57627869e-006</Yaw>
			</Attachment>
		</Attachment>
		<Attachment>
			<ModelHash>0x44083a8f</ModelHash>
			<Type>3</Type>
			<Dynamic>false</Dynamic>
			<HashName>prop_ballistic_shield</HashName>
			<InitialHandle>497161</InitialHandle>
			<OpacityLevel>255</OpacityLevel>
			<LodDistance>16960</LodDistance>
			<IsVisible>true</IsVisible>
			<MaxHealth>1000</MaxHealth>
			<Health>1000</Health>
			<IsOnFire>false</IsOnFire>
			<IsInvincible>true</IsInvincible>
			<IsBulletProof>false</IsBulletProof>
			<IsCollisionProof>false</IsCollisionProof>
			<IsExplosionProof>true</IsExplosionProof>
			<IsFireProof>false</IsFireProof>
			<IsMeleeProof>true</IsMeleeProof>
			<IsOnlyDamagedByPlayer>false</IsOnlyDamagedByPlayer>
			<PositionRotation>
				<X>1510.95508</X>
				<Y>3185.11353</Y>
				<Z>39.7501755</Z>
				<Pitch>-43.7058983</Pitch>
				<Roll>-1.23769367</Roll>
				<Yaw>-78.080246</Yaw>
			</PositionRotation>
			<Attachment isAttached="true">
				<AttachedTo>297223</AttachedTo>
				<BoneIndex>26</BoneIndex>
				<X>0.700000167</X>
				<Y>-2.50000095</Y>
				<Z>1.04308128e-007</Z>
				<Pitch>44</Pitch>
				<Roll>180.000015</Roll>
				<Yaw>3.57627869e-006</Yaw>
			</Attachment>
		</Attachment>
		<Attachment>
			<ModelHash>0x605a3da9</ModelHash>
			<Type>3</Type>
			<Dynamic>false</Dynamic>
			<HashName>prop_golf_ball_p2</HashName>
			<InitialHandle>37386</InitialHandle>
			<PtfxLopAsset>core</PtfxLopAsset>
			<PtfxLopEffect>ent_sht_flame</PtfxLopEffect>
			<OpacityLevel>255</OpacityLevel>
			<LodDistance>16960</LodDistance>
			<IsVisible>true</IsVisible>
			<MaxHealth>1000</MaxHealth>
			<Health>1000</Health>
			<IsOnFire>false</IsOnFire>
			<IsInvincible>true</IsInvincible>
			<IsBulletProof>false</IsBulletProof>
			<IsCollisionProof>false</IsCollisionProof>
			<IsExplosionProof>true</IsExplosionProof>
			<IsFireProof>false</IsFireProof>
			<IsMeleeProof>true</IsMeleeProof>
			<IsOnlyDamagedByPlayer>false</IsOnlyDamagedByPlayer>
			<PositionRotation>
				<X>1515.5575</X>
				<Y>3185.9939</Y>
				<Z>41.0963364</Z>
				<Pitch>83.4908066</Pitch>
				<Roll>173.177994</Roll>
				<Yaw>-87.4478836</Yaw>
			</PositionRotation>
			<Attachment isAttached="true">
				<AttachedTo>343305</AttachedTo>
				<BoneIndex>0</BoneIndex>
				<X>-0.190000147</X>
				<Y>-3.7252903e-009</Y>
				<Z>0.139999986</Z>
				<Pitch>97.0000076</Pitch>
				<Roll>0</Roll>
				<Yaw>253.000015</Yaw>
			</Attachment>
		</Attachment>
		<Attachment>
			<ModelHash>0x605a3da9</ModelHash>
			<Type>3</Type>
			<Dynamic>false</Dynamic>
			<HashName>prop_golf_ball_p2</HashName>
			<InitialHandle>136714</InitialHandle>
			<PtfxLopAsset>core</PtfxLopAsset>
			<PtfxLopEffect>ent_sht_flame</PtfxLopEffect>
			<OpacityLevel>255</OpacityLevel>
			<LodDistance>16960</LodDistance>
			<IsVisible>true</IsVisible>
			<MaxHealth>1000</MaxHealth>
			<Health>1000</Health>
			<IsOnFire>false</IsOnFire>
			<IsInvincible>true</IsInvincible>
			<IsBulletProof>false</IsBulletProof>
			<IsCollisionProof>false</IsCollisionProof>
			<IsExplosionProof>true</IsExplosionProof>
			<IsFireProof>false</IsFireProof>
			<IsMeleeProof>true</IsMeleeProof>
			<IsOnlyDamagedByPlayer>false</IsOnlyDamagedByPlayer>
			<PositionRotation>
				<X>1515.59338</X>
				<Y>3184.97681</Y>
				<Z>41.1110001</Z>
				<Pitch>83.4908066</Pitch>
				<Roll>173.177994</Roll>
				<Yaw>-87.4478836</Yaw>
			</PositionRotation>
			<Attachment isAttached="true">
				<AttachedTo>343305</AttachedTo>
				<BoneIndex>0</BoneIndex>
				<X>1.11758709e-008</X>
				<Y>0.999999404</Y>
				<Z>0.139999986</Z>
				<Pitch>97.0000076</Pitch>
				<Roll>0</Roll>
				<Yaw>253.000015</Yaw>
			</Attachment>
		</Attachment>
	</SpoonerAttachments>
</Vehicle>
