{
   "BG.A" : 190,
   "BG.B" : 0,
   "BG.G" : 0,
   "BG.R" : 0,
   "menuPos.x" : 0.029999999329447746,
   "menuPos.y" : 0.10000000149011612,
   "optionbreaks.A" : 240,
   "optionbreaks.B" : 255,
   "optionbreaks.G" : 255,
   "optionbreaks.R" : 255,
   "分类栏颜色值.A" : 255,
   "分类栏颜色值.B" : 17,
   "分类栏颜色值.G" : 14,
   "分类栏颜色值.R" : 112,
   "图片取菜单坐标.x" : 0.029999999329447746,
   "图片取菜单坐标.y" : 0.29649999737739563,
   "屏幕电视机坐标.x" : 0.30500000715255737,
   "屏幕电视机坐标.y" : 0.1809999942779541,
   "屏幕电视机长宽.x" : 0.20000000298023224,
   "屏幕电视机长宽.y" : 0.20000000298023224,
   "屏幕电视机颜色.A" : 255,
   "屏幕电视机颜色.B" : 255,
   "屏幕电视机颜色.G" : 255,
   "屏幕电视机颜色.R" : 255,
   "提示信息字体坐标.x" : 0.5,
   "提示信息字体坐标.y" : 0.83499997854232788,
   "提示信息字体大小.x" : 0.25,
   "提示信息字体大小.y" : 0.25,
   "提示信息框坐标.x" : 0.5,
   "提示信息框坐标.y" : 0.86000001430511475,
   "提示信息框长宽.x" : 0.30000001192092896,
   "提示信息框长宽.y" : 0.070000000298023224,
   "提示信息框颜色.A" : 160,
   "提示信息框颜色.B" : 0,
   "提示信息框颜色.G" : 0,
   "提示信息框颜色.R" : 0,
   "提示信息装饰条坐标.x" : 0.5,
   "提示信息装饰条坐标.y" : 0.89999997615814209,
   "提示信息装饰条长宽.x" : 0.30000001192092896,
   "提示信息装饰条长宽.y" : 0.0099999997764825821,
   "提示信息装饰条颜色.A" : 255,
   "提示信息装饰条颜色.B" : 17,
   "提示信息装饰条颜色.G" : 14,
   "提示信息装饰条颜色.R" : 112,
   "版本栏颜色值.A" : 255,
   "版本栏颜色值.B" : 17,
   "版本栏颜色值.G" : 14,
   "版本栏颜色值.R" : 112,
   "玩家信息头像坐标.x" : 0.35199999809265137,
   "玩家信息头像坐标.y" : 0.029999999329447746,
   "玩家信息头像大小.x" : 0.070000000298023224,
   "玩家信息头像大小.y" : 0.11999999731779099,
   "玩家信息字体坐标.x" : 0.20999999344348907,
   "玩家信息字体坐标.y" : 0.0,
   "玩家信息字体大小.x" : 0.25,
   "玩家信息字体大小.y" : 0.25,
   "玩家信息框坐标.x" : 0.25999999046325684,
   "玩家信息框坐标.y" : 0.29699999094009399,
   "玩家信息框长宽.x" : 0.10999999940395355,
   "玩家信息框长宽.y" : 0.66399997472763062,
   "玩家信息框颜色.A" : 160,
   "玩家信息框颜色.B" : 0,
   "玩家信息框颜色.G" : 0,
   "玩家信息框颜色.R" : 0,
   "菜单名字字体坐标.x" : 0.039999999105930328,
   "菜单名字字体坐标.y" : 0.004999999888241291,
   "菜单名字字体大小.x" : 0.75,
   "菜单名字字体大小.y" : 0.75,
   "菜单名字背景坐标.x" : 0.5,
   "菜单名字背景坐标.y" : 0.027499999850988388,
   "菜单名字背景长宽.x" : 0.20499999821186066,
   "菜单名字背景长宽.y" : 0.082999996840953827,
   "菜单名字背景颜色.A" : 255,
   "菜单名字背景颜色.B" : 17,
   "菜单名字背景颜色.G" : 14,
   "菜单名字背景颜色.R" : 112,
   "设置分页坐标.x" : 0.014999999664723873,
   "设置分页坐标.y" : 0.0,
   "设置名字图片坐标.x" : 0.10000000149011612,
   "设置名字图片坐标.y" : 0.019999999552965164,
   "设置名字图片大小.x" : 0.20499999821186066,
   "设置名字图片大小.y" : 0.10999999940395355,
   "设置标签坐标.x" : 0.10000000149011612,
   "设置标签坐标.y" : 0.086999997496604919,
   "设置标签文字坐标.x" : 0.10000000149011612,
   "设置标签文字坐标.y" : 0.075000002980232239,
   "设置版本坐标.x" : 0.1550000011920929,
   "设置版本坐标.y" : 0.0,
   "设置选项条长宽.x" : 0.019999999552965164,
   "设置选项条长宽.y" : 0.004999999888241291,
   "载具图片预览坐标.x" : 0.30500000715255737,
   "载具图片预览坐标.y" : 0.1809999942779541,
   "载具图片预览长宽.x" : 0.20000000298023224,
   "载具图片预览长宽.y" : 0.20000000298023224,
   "载具图片预览颜色.A" : 255,
   "载具图片预览颜色.B" : 255,
   "载具图片预览颜色.G" : 255,
   "载具图片预览颜色.R" : 255,
   "选中后列表文字颜色.A" : 255,
   "选中后列表文字颜色.B" : 0,
   "选中后列表文字颜色.G" : 0,
   "选中后列表文字颜色.R" : 200,
   "选项条颜色值.A" : 30,
   "选项条颜色值.B" : 255,
   "选项条颜色值.G" : 255,
   "选项条颜色值.R" : 255,
   "默认列表文字颜色.A" : 255,
   "默认列表文字颜色.B" : 255,
   "默认列表文字颜色.G" : 255,
   "默认列表文字颜色.R" : 255
}
